timestamp,x,y,z
20,-205,329,907
43,-267,335,878
64,-249,333,880
85,-240,351,894
106,-255,348,909
127,-250,330,908
148,-321,316,933
169,-303,315,945
190,-306,331,932
212,-282,322,902
233,-293,313,903
254,-286,295,876
275,-323,304,851
296,-371,315,830
317,-407,318,826
338,-446,305,843
359,-414,341,955
381,-627,306,475
402,-516,183,725
423,-569,279,924
444,-790,362,794
466,-880,392,706
487,-783,375,658
508,-807,280,825
529,-619,250,778
550,-493,322,578
571,-559,336,417
592,-750,294,380
613,-850,228,443
634,-989,195,95
656,-799,347,366
677,-706,336,315
698,-729,327,475
719,-676,296,507
741,-722,358,415
762,-903,377,286
783,-1040,377,156
804,-1006,417,168
825,-882,415,278
846,-891,316,401
867,-1116,380,453
888,-1149,312,418
910,-880,118,276
931,-811,60,-25
952,-835,9,-183
973,-775,-118,-290
994,-818,-177,-373
1015,-875,-262,-235
1036,-769,-451,-159
1057,-1140,-537,-192
1079,-1523,-326,-217
1101,-708,-628,-274
1122,-735,-733,-273
1143,-921,-546,-407
1164,-947,-422,-446
1185,-560,-415,-380
1206,-333,-417,-293
1227,-697,-356,-245
1248,-815,-210,-243
1269,-531,-210,-219
1291,-189,-458,-203
1312,-57,-694,-208
1333,-192,-726,-240
1354,-583,-566,-327
1375,-1508,-479,-304
1396,-1764,-616,-284
1417,-985,-787,-399
1439,-521,-670,-419
1461,-1104,-432,-133
1482,-883,-548,-29
1503,-663,-502,-140
1524,-583,-450,-134
1545,-779,-470,-93
1566,-979,-455,56
1587,-1216,-417,245
1609,-989,-625,187
1630,-664,-920,-119
1651,-632,-1047,-403
1672,-656,-935,-271
1693,-786,-820,-186
1715,-929,-724,-121
1736,-891,-861,23
1757,-802,-958,65
1778,-924,-903,28
1799,-916,-777,-5
1821,-169,-708,93
1842,-222,-833,97
1864,-308,-957,70
1885,-431,-695,21
1906,-784,-978,-25
1927,-555,-994,-58
1948,-557,-705,-59
1970,-697,-554,-167
1991,-662,-559,-273
2012,-666,-605,-351
2033,-756,-508,-222
2054,-828,-317,-99
2076,-727,-338,-51
2097,-677,-478,-151
2118,-682,-512,-203
2139,-621,-538,-270
2161,-492,-495,-175
2182,-745,-334,-124
2204,-910,-195,-94
2225,-864,-219,-77
2246,-879,-302,-93
2267,-1021,-340,-123
2289,-1181,-334,-90
2310,-1207,-409,-97
2331,-1017,-492,-137
2353,-800,-560,-301
2374,-933,-629,-465
2395,-1265,-744,-164
2416,-1670,-835,189
2438,-1237,-827,239
2460,-386,-596,108
2482,-350,-647,-15
2503,-399,-729,-148
2524,-586,-725,-219
2546,-810,-702,-193
2567,-822,-672,-93
2588,-728,-661,-62
2610,-537,-603,-80
2631,-430,-549,-96
2652,-568,-546,-138
2673,-710,-578,-194
2695,-681,-632,-315
2716,-525,-628,-282
2737,-442,-595,-321
2759,-571,-566,-328
2781,-739,-486,-310
2802,-788,-366,-319
2824,-928,-333,-255
2845,-872,-419,-244
2866,-703,-421,-299
2888,-743,-429,-311
2909,-904,-461,-197
2930,-906,-540,-141
2951,-696,-620,25
2973,-815,-679,151
2994,-966,-570,99
3015,-966,-680,248
3037,-1031,-736,439
3058,-1139,-690,312
3079,-1092,-632,106
3101,-460,-761,111
3122,-574,-874,262
3144,-862,-918,133
3165,-1013,-864,-44
3186,-620,-825,307
3208,-557,-322,441
3229,-1298,-264,301
3250,-1077,-344,383
3272,-566,-833,571
3293,-654,-317,337
3314,-941,-107,184
3335,-742,-288,295
3357,-796,-145,137
3378,-1106,365,76
3399,-1143,119,118
3421,-1032,-127,87
3442,-865,-450,133
3464,-627,-516,93
3485,-296,-417,-55
3506,-199,-651,-169
3528,-562,-423,-119
3549,-980,-365,-199
3570,-1248,-129,-570
3591,-974,42,-853
3613,-768,-234,-1027
3634,-1153,-315,-972
3655,-925,-332,-616
3677,-534,-356,-432
3698,-562,-430,-560
3719,-1180,-790,-407
3741,-1048,-881,-135
3762,-285,-804,-177
3784,-18,-532,-227
3805,-194,-380,-148
3826,-391,-368,-118
3847,-671,-278,-89
3869,-978,-333,-265
3890,-1091,-783,-243
3911,-793,-832,293
3933,-825,-551,590
3954,-1012,-418,593
3975,-971,-317,493
3997,-827,-222,326
4018,-408,-301,260
4039,-376,-423,208
4061,-1130,-388,261
4082,-918,-382,333
4104,-689,-297,188
4125,-730,-294,138
4146,-864,-437,110
4167,-905,-320,-15
4189,-817,-214,-78
4210,-705,-319,6
4231,-668,-510,249
4253,-827,-407,371
4274,-885,-564,619
4295,-1007,-479,683
4317,-1302,128,521
4338,-1132,-295,570
4359,-854,-880,676
4381,-1373,-552,402
4402,-1191,-346,102
4423,-675,-560,139
4445,-248,-762,181
4466,-478,-873,66
4487,-909,-942,44
4509,-767,-818,198
4530,-651,-475,247
4551,-855,-584,372
4573,-1082,-304,441
4594,-814,-124,389
4615,-569,-234,415
4636,-521,-197,374
4658,-597,-84,271
4680,-799,-147,255
4702,-879,-233,300
4723,-812,-246,313
4744,-805,-261,235
4765,-874,-295,173
4787,-755,-330,327
4808,-708,-303,424
4829,-947,-269,352
4851,-1168,-277,339
4872,-1182,-281,332
4893,-1094,-224,302
4914,-1026,-325,309
4936,-1067,-433,474
4957,-1491,-634,729
4978,-1571,-881,878
5001,74,-831,369
5022,76,-732,127
5044,-372,-661,188
5065,-807,-595,292
5086,-972,-314,374
5108,-1152,-229,610
5129,-1155,-379,665
5150,-711,-438,581
5171,-537,121,367
5193,-494,-144,272
5214,-447,-509,306
5235,-396,-446,180
5257,-514,-425,258
5278,-406,-509,428
5299,-709,-500,567
5321,-473,-428,608
5342,-539,-322,585
5364,-717,-251,728
5385,-892,-189,831
5406,-905,-103,860
5427,-893,-99,850
5449,-980,-78,773
5470,-947,-105,683
5491,-801,-297,673
5513,-853,-661,899
5534,-1074,-711,946
5555,-1049,-516,566
5577,-647,-620,328
5598,-366,-826,295
5619,-525,-1063,373
5641,-689,-806,457
5662,-809,-626,533
5684,-859,-607,642
5705,-965,-299,534
5726,-997,-11,410
5747,-802,-7,419
5769,-553,-70,379
5790,-490,-145,401
5811,-603,-42,332
5833,-771,-100,345
5854,-740,-291,442
5875,-573,-313,429
5896,-571,-233,373
5918,-690,-267,485
5940,-864,-136,647
5962,-1133,-161,708
5983,-1298,-225,647
6004,-1139,-301,562
6026,-771,-359,504
6047,-571,-437,427
6068,-873,-639,515
6089,-1474,-795,626
6111,-1743,-774,592
6132,-1130,-713,458
6153,-149,-792,322
6175,453,-828,189
6196,235,-721,-159
6217,-557,-811,-121
6239,-1376,-600,135
6261,-862,-456,451
6282,-491,-390,254
6303,-600,-322,11
6325,-649,-379,-31
6346,-598,-441,47
6367,-596,-413,165
6388,-622,-389,182
6410,-606,-301,-28
6431,-480,-298,-49
6452,-493,-330,47
6473,-740,-339,78
6495,-924,-434,155
6516,-905,-454,346
6537,-999,-307,170
6559,-1482,-586,-67
6581,-856,-920,343
6602,-716,-875,353
6624,-733,-1075,450
6645,-995,-1227,315
6666,-1618,-819,3
6687,-1461,-410,-152
6709,-738,-435,-23
6730,-307,-559,191
6751,14,-823,100
6773,43,-1078,8
6794,-341,-1124,65
6815,-855,-965,19
6836,-1199,-817,-31
6858,-949,-650,260
6879,-753,-453,302
6901,-718,-243,268
6922,-636,-201,238
6943,-602,-145,224
6965,-615,-99,169
6986,-623,-108,85
7007,-605,-194,74
7029,-598,-291,70
7050,-712,-337,14
7071,-954,-332,-46
7092,-976,-350,31
7114,-877,-409,164
7135,-957,-498,240
7156,-1104,-621,298
7178,-1239,-634,322
7199,-1225,-488,299
7221,-1458,-389,214
7242,-1703,-747,207
7264,-1163,-1097,302
7285,-581,-1038,348
7306,-298,-996,272
7328,-45,-988,287
7349,236,-821,264
7370,206,-609,38
7391,-253,-602,-15
7413,-937,-616,-32
7434,-1214,-718,-50
7455,-875,-753,268
7477,-693,-717,380
7498,-789,-611,250
7519,-899,-478,113
7541,-570,-511,48
7562,-510,-502,50
7584,-429,-496,73
7605,-357,-510,91
7626,-438,-519,94
7648,-637,-536,114
7669,-785,-573,209
7690,-803,-596,331
7711,-832,-603,397
7733,-875,-626,427
7754,-956,-621,414
7775,-1055,-539,379
7797,-1052,-444,381
7818,-900,-541,271
7839,-902,-796,32
7861,-1478,-1138,-143
7882,-849,-1057,79
7904,-295,-840,145
7925,-20,-777,-68
7946,52,-923,-300
7968,-128,-1187,-225
7989,-529,-1248,13
8010,-809,-1039,151
8031,-808,-723,274
8053,-749,-430,315
8074,-851,-210,283
8095,-950,-101,208
8117,-912,-102,114
8138,-771,-212,60
8159,-664,-319,41
8181,-505,-401,-15
8202,-490,-427,-23
8224,-635,-412,-16
8245,-875,-395,4
8266,-1044,-422,43
8287,-1046,-491,87
8309,-956,-572,113
8330,-904,-624,117
8351,-940,-645,76
8373,-1038,-650,-14
8394,-1217,-616,-46
8415,-1325,-652,108
8437,-1124,-878,299
8458,-960,-1095,247
8479,-864,-1098,37
8501,-323,-454,108
8522,-137,-286,20
8543,-99,-421,-6
8565,-213,-784,67
8586,-450,-1133,145
8607,-620,-1323,110
8629,-694,-1232,203
8650,-891,-872,253
8671,-1001,-529,214
8693,-826,-396,205
8714,-658,-443,220
8735,-610,-501,216
8756,-528,-506,185
8778,-507,-503,121
8799,-581,-532,66
8821,-575,-590,143
8842,-648,-561,187
8863,-720,-519,230
8885,-755,-482,307
8906,-819,-473,382
8927,-918,-508,413
8949,-1101,-574,293
8970,-1267,-582,120
8991,-1065,-597,81
9013,-724,-654,221
9034,-562,-768,455
9055,-585,-995,561
9076,-927,-1284,283
9098,-1282,-1280,73
9119,-968,-905,117
9141,-256,-586,182
9162,-72,-635,79
9183,48,-840,36
9205,-22,-1096,175
9226,-361,-1264,257
9247,-892,-1258,143
9269,-870,-826,224
9290,-786,-413,279
9311,-912,-228,256
9332,-811,-342,233
9354,-716,-515,209
9375,-710,-515,201
9396,-676,-444,187
9418,-639,-432,171
9439,-564,-442,150
9461,-526,-349,55
9482,-642,-305,-64
9503,-832,-324,-75
9525,-985,-299,137
9546,-1124,-298,281
9567,-1265,-452,308
9589,-1260,-661,256
9610,-1240,-773,167
9631,-1298,-801,171
9652,-1084,-917,400
9674,-775,-1145,455
9695,-694,-1195,352
9716,-509,-888,100
9738,-248,-659,0
9759,-1,-575,26
9781,-295,-642,234
9802,-894,-823,218
9823,-864,-1010,233
9845,-581,-859,348
9866,-742,-645,390
9887,-850,-588,278
9909,-640,-605,191
9930,-459,-578,192
9951,-437,-518,209
9972,-460,-473,194
9994,-529,-488,132
10015,-640,-542,95
10036,-627,-562,118
10058,-587,-580,128
10080,-619,-596,197
10102,-626,-632,275
10123,-688,-653,333
10144,-762,-598,394
10166,-832,-529,414
10187,-939,-525,377
10208,-1104,-565,418
10229,-982,-670,595
10251,-879,-904,557
10272,-1311,-1039,263
10293,-1543,-895,107
10315,-902,-762,178
10336,-343,-734,267
10357,-41,-796,340
10378,222,-955,316
10400,258,-1129,173
10422,-547,-1374,327
10443,-558,-736,251
10464,-908,-394,241
10486,-1203,-312,267
10507,-848,-524,245
10528,-671,-649,223
10550,-624,-519,233
10571,-581,-406,238
10592,-608,-413,221
10613,-627,-468,218
10635,-547,-499,203
10656,-437,-482,180
10677,-383,-449,95
10699,-452,-432,-24
10721,-676,-564,70
10742,-1001,-607,274
10763,-1142,-620,411
10785,-1048,-599,413
10806,-971,-617,318
10827,-1011,-610,205
10849,-1131,-650,68
10870,-1406,-871,291
10891,-1193,-1102,645
10913,-787,-983,599
10934,-534,-725,313
10955,-223,-613,220
10976,156,-686,180
10998,298,-827,134
11021,-710,-940,167
11042,-559,-744,255
11063,-542,-727,349
11085,-826,-664,337
11106,-1032,-575,225
11127,-871,-531,148
11148,-595,-500,157
11170,-497,-463,202
11191,-484,-441,197
11212,-473,-475,164
11234,-472,-518,163
11255,-456,-554,188
11276,-477,-611,181
11298,-569,-672,157
11319,-681,-706,166
11341,-822,-564,354
11362,-835,-512,431
11384,-854,-528,459
11405,-954,-548,407
11426,-1118,-555,299
11448,-1026,-571,412
11469,-814,-743,559
11490,-990,-1080,449
11511,-1425,-1166,308
11533,-1250,-852,231
11554,-709,-604,308
11575,-220,-652,394
11597,28,-883,365
11618,174,-1292,214
11639,159,-1425,214
11661,-498,-787,144
11682,-812,-569,158
11704,-1164,-408,145
11725,-1121,-371,167
11746,-872,-390,245
11768,-667,-395,302
11789,-589,-421,308
11810,-579,-449,290
11832,-561,-455,239
11853,-513,-461,154
11874,-465,-477,112
11895,-435,-491,50
11917,-489,-519,63
11938,-524,-551,186
11959,-719,-649,224
11981,-1160,-794,339
12003,-1202,-744,281
12024,-1008,-572,206
12045,-868,-527,151
12066,-1121,-756,199
12088,-1386,-990,408
12109,-1038,-1090,521
12130,-745,-995,434
12152,-415,-763,318
12173,-62,-645,281
12194,209,-698,254
12215,148,-785,189
12237,-337,-848,130
12258,-546,-736,118
12279,-439,-668,182
12301,-1019,-626,248
12322,-1110,-539,197
12344,-806,-527,164
12365,-603,-537,166
12386,-552,-502,192
12408,-467,-469,198
12429,-425,-523,176
12450,-444,-609,180
12472,-486,-639,200
12493,-571,-623,212
12514,-682,-604,223
12536,-758,-599,255
12557,-798,-585,275
12578,-775,-544,341
12599,-698,-528,411
12621,-913,-652,409
12642,-982,-721,502
12664,-875,-859,591
12685,-1178,-1109,474
12706,-1555,-1114,322
12728,-1176,-855,247
12749,-612,-712,294
12770,-217,-698,424
12792,185,-805,425
12813,335,-1111,254
12834,178,-1531,136
12855,-290,-1770,199
12877,-523,-1080,274
12898,-464,-568,318
12919,-718,-439,272
12941,-833,-463,281
12963,-849,-544,342
12984,-1077,-541,283
13005,-1018,-415,244
13026,-692,-327,264
13048,-446,-349,248
13069,-319,-303,200
13090,-254,-246,153
13112,-246,-191,127
13133,-274,-194,134
13154,-329,-269,71
13175,-699,-430,-45
13197,-1287,-551,51
13218,-1519,-413,181
13239,-1275,-317,312
13261,-972,-636,216
13283,-1011,-595,98
13304,-914,-551,57
13325,-782,-622,63
13346,-833,-845,38
13368,-955,-1087,211
13389,-516,-1015,591
13410,-409,-1129,645
13432,-579,-1125,444
13453,-294,-801,394
13474,-91,-679,429
13496,-377,-796,544
13517,-618,-648,463
13538,-824,-542,240
13559,-815,-650,165
13581,-740,-695,316
13603,-732,-813,312
13624,-518,-854,272
13645,-379,-889,249
13666,-353,-902,219
13688,-423,-869,174
13709,-557,-838,159
13730,-570,-785,171
13752,-518,-715,222
13773,-551,-656,260
13794,-649,-587,235
13816,-720,-516,193
13837,-711,-431,213
13858,-715,-350,239
13879,-774,-331,251
13901,-849,-331,299
13923,-792,-356,342
13944,-702,-450,328
13965,-706,-616,290
13986,-796,-775,298
14008,-848,-815,380
14029,-744,-820,605
14050,-836,-1057,715
14072,-1367,-1279,591
14093,-1620,-1089,294
14114,-902,-655,215
14136,-341,-636,309
14157,-67,-773,362
14178,252,-946,316
14199,318,-1177,172
14221,-622,-950,174
14243,-734,-600,180
14264,-845,-480,221
14285,-1028,-452,217
14307,-989,-369,228
14328,-806,-342,258
14349,-769,-384,303
14370,-837,-472,320
14392,-733,-526,293
14413,-499,-501,270
14434,-329,-499,239
14456,-263,-520,163
14477,-324,-560,46
14498,-562,-613,-7
14521,-1009,-645,301
14542,-1058,-650,410
14564,-1017,-568,406
14585,-917,-413,270
14606,-1094,-577,40
14628,-1848,-983,258
14649,-1658,-1138,583
14670,-670,-812,646
14691,-271,-616,446
14713,-67,-618,318
14734,173,-668,260
14755,46,-791,187
14777,-410,-948,200
14798,-634,-879,200
14819,-590,-747,204
14841,-1047,-624,166
14863,-838,-478,122
14884,-466,-460,130
14905,-368,-531,139
14926,-351,-582,147
14948,-365,-626,162
14969,-420,-656,202
14990,-460,-653,230
15012,-551,-643,216
15033,-700,-628,219
15054,-821,-590,263
15076,-866,-544,307
15097,-816,-518,369
15118,-817,-546,431
15139,-878,-582,417
15161,-997,-628,367
15183,-885,-756,500
15204,-900,-979,497
15225,-1240,-1154,360
15246,-1227,-1031,312
15268,-630,-786,385
15289,-349,-683,415
15310,-120,-753,367
15332,26,-1003,283
15353,96,-1400,222
15374,18,-1430,184
15396,-345,-871,82
15417,-609,-585,93
15438,-742,-601,161
15459,-797,-585,213
15481,-756,-331,240
15503,-688,-327,283
15524,-710,-410,291
15545,-708,-429,260
15567,-637,-423,187
15588,-551,-474,98
15609,-527,-509,48
15630,-559,-484,95
15652,-573,-420,279
15673,-673,-525,329
15694,-859,-731,365
15716,-915,-798,389
15737,-941,-639,345
15758,-1053,-455,194
15779,-1611,-705,174
15801,-928,-1132,805
15823,-533,-961,520
15844,-227,-734,311
15865,95,-685,249
15887,214,-717,231
15908,-11,-819,249
15929,-329,-868,171
15950,-368,-838,119
15972,-408,-825,242
15993,-737,-742,332
16014,-1062,-587,283
16036,-962,-441,204
16057,-699,-409,168
16078,-660,-472,150
16099,-646,-483,176
16121,-412,-591,157
16143,-313,-676,206
16164,-280,-733,239
16185,-332,-773,218
16206,-479,-774,232
16228,-741,-708,296
16249,-888,-583,387
16270,-936,-463,467
16292,-975,-468,446
16313,-1019,-546,352
16334,-984,-630,397
16356,-805,-764,520
16377,-924,-1014,452
16398,-1427,-1127,286
16419,-1255,-878,275
16441,-223,-807,507
16463,-28,-1054,496
16484,126,-1460,336
16505,177,-1753,239
16527,-87,-1254,74
16548,-327,-740,-21
16569,-522,-546,97
16590,-666,-445,180
16612,-762,-365,161
16633,-759,-290,213
16654,-679,-280,272
16676,-678,-332,319
16697,-679,-347,348
16718,-667,-342,295
16741,-721,-446,62
16762,-766,-509,-29
16784,-842,-542,22
16805,-867,-564,169
16826,-931,-643,268
16848,-958,-766,267
16869,-901,-746,173
16890,-1040,-697,-67
16911,-1406,-895,146
16933,-1130,-963,722
16954,-758,-847,779
16975,-595,-754,445
16997,-418,-587,211
17018,-85,-598,162
17039,11,-782,232
17061,-579,-662,343
17083,-528,-709,284
17104,-592,-855,218
17125,-822,-753,173
17146,-800,-539,170
17168,-559,-466,204
17189,-487,-471,201
17210,-520,-472,177
17232,-535,-496,131
17253,-498,-556,120
17274,-481,-597,156
17296,-476,-616,207
17317,-475,-636,230
17338,-552,-662,223
17359,-658,-674,236
17381,-832,-619,400
17402,-842,-604,468
17424,-866,-627,477
17445,-945,-653,448
17466,-989,-694,531
17488,-867,-804,641
17509,-1019,-1061,513
17530,-1413,-1175,254
17552,-1239,-893,172
17573,-641,-623,305
17594,-327,-632,465
17615,-84,-843,450
17637,166,-1301,332
17658,229,-1656,225
17679,-4,-1349,34
17701,-536,-559,47
17722,-612,-491,163
17744,-655,-463,157
17765,-760,-435,160
17786,-694,-367,238
17808,-680,-349,291
17829,-710,-398,334
17850,-689,-446,289
17872,-675,-467,142
17893,-586,-447,103
17914,-518,-442,94
17935,-627,-447,76
17957,-810,-469,92
17978,-993,-561,164
17999,-1117,-742,250
18021,-878,-626,264
18042,-1189,-649,10
18064,-1642,-877,408
18085,-1107,-1060,833
18106,-418,-1015,753
18128,-277,-864,443
18149,-104,-818,260
18170,16,-839,146
18192,-207,-864,195
18213,-556,-782,227
18234,-648,-652,196
18256,-560,-689,257
18277,-661,-687,304
18298,-929,-543,226
18319,-845,-423,175
18341,-455,-526,190
18363,-511,-504,189
18384,-480,-456,183
18405,-447,-478,168
18426,-461,-540,164
18448,-520,-593,186
18469,-659,-589,252
18490,-772,-525,322
18512,-780,-495,385
18533,-863,-543,457
18554,-950,-559,457
18576,-1022,-585,349
18597,-1101,-670,333
18618,-912,-718,530
18639,-751,-897,659
18661,-1313,-1367,317
18683,-1030,-928,213
18704,-577,-561,290
18725,-289,-510,290
18746,-47,-728,295
18768,66,-1168,238
18789,209,-1550,374
18810,167,-1164,353
18832,-195,-693,260
18853,-525,-572,244
18874,-640,-546,264
18896,-686,-593,282
18917,-778,-531,307
18938,-847,-371,336
18959,-903,-274,355
18981,-761,-424,275
19003,-646,-390,199
19024,-498,-365,145
19045,-442,-421,65
19067,-556,-484,-10
19088,-846,-549,92
19109,-1078,-625,253
19130,-1129,-662,396
19152,-1064,-681,432
19173,-970,-630,282
19194,-1137,-697,-60
19216,-1484,-956,141
19237,-1086,-981,713
19258,-554,-789,770
19279,-471,-645,473
19301,-95,-583,300
19323,10,-761,319
19344,-267,-830,380
19365,-472,-714,401
19387,-523,-729,339
19408,-617,-776,295
19429,-866,-657,223
19450,-907,-481,148
19472,-629,-436,141
19493,-495,-469,187
19514,-505,-495,206
19536,-510,-558,201
19557,-515,-648,188
19578,-507,-692,200
19599,-484,-664,240
19621,-574,-612,244
19643,-694,-580,257
19664,-750,-592,306
19685,-765,-640,403
19707,-860,-695,466
19728,-971,-687,449
19749,-1028,-698,453
19770,-883,-828,578
19792,-969,-1019,561
19813,-1292,-1027,265
19834,-1185,-744,101
19856,-535,-577,226
19877,-119,-766,321
19898,56,-1046,321
19919,88,-1312,337
19941,-333,-1111,211
19963,-575,-872,131
19984,-716,-726,145
20005,-770,-575,213
20027,-791,-448,265
20048,-758,-413,282
20069,-682,-460,282
20090,-629,-485,269
20112,-569,-488,260
20133,-533,-494,243
20154,-491,-501,222
20176,-447,-500,153
20197,-471,-508,49
20218,-580,-527,-55
20239,-647,-513,109
20261,-798,-693,260
20283,-935,-817,322
20304,-956,-797,335
20325,-968,-670,246
20347,-1162,-794,171
20368,-1300,-1139,478
20389,-942,-1263,693
20410,-640,-1030,479
20432,-360,-614,218
20453,27,-460,168
20474,196,-635,197
20496,52,-821,220
20517,-323,-927,235
20538,-550,-873,221
20559,-501,-855,300
20581,-954,-746,319
20603,-900,-548,212
20624,-612,-586,193
20645,-488,-685,197
20667,-441,-639,178
20688,-423,-605,154
20709,-435,-621,140
20730,-378,-618,137
20752,-354,-627,162
20773,-390,-657,201
20794,-474,-660,257
20816,-634,-629,313
20837,-832,-603,424
20858,-1007,-592,506
20879,-1071,-556,463
20901,-958,-577,343
20923,-564,-704,455
20944,-539,-1057,416
20965,-953,-1279,255
20987,-1151,-1049,187
21008,-595,-676,258
21029,-49,-778,286
21050,99,-1160,246
21072,98,-1419,203
21093,-56,-1332,197
21114,-390,-1022,192
21136,-730,-837,170
21157,-878,-668,224
21178,-910,-511,255
21199,-880,-393,262
21221,-721,-400,275
21243,-635,-451,238
21264,-514,-429,193
21285,-402,-404,174
21306,-323,-425,156
21328,-348,-466,92
21349,-513,-535,-52
21370,-734,-607,-80
21392,-850,-639,108
21413,-917,-624,311
21434,-1018,-634,401
21456,-1194,-696,365
21477,-1314,-661,270
21498,-1187,-514,124
21519,-1204,-581,53
21541,-938,-1002,718
21563,-634,-955,580
21584,-595,-781,353
21605,-214,-595,247
21626,105,-593,186
21648,79,-734,168
21669,-269,-828,176
21690,-484,-754,184
21712,-393,-815,214
21733,-445,-904,239
21754,-760,-777,232
21776,-975,-568,188
21797,-785,-472,185
21818,-552,-522,211
21839,-552,-544,242
21861,-482,-585,124
21883,-435,-678,77
21904,-426,-687,122
21925,-498,-654,209
21946,-631,-639,268
21968,-742,-619,275
21989,-769,-625,280
22010,-818,-609,370
22032,-872,-541,495
22053,-985,-510,519
22074,-1127,-499,414
22096,-1031,-528,379
22117,-684,-718,471
22138,-758,-1090,393
22159,-1219,-1244,283
22181,-447,-690,328
22203,-70,-812,255
22224,80,-1134,201
22245,238,-1365,215
22267,46,-1269,234
22288,-616,-984,223
22309,-998,-711,175
22330,-1019,-495,136
22352,-897,-436,164
22373,-758,-421,304
22394,-618,-369,362
22416,-640,-419,328
22437,-656,-483,244
22458,-563,-473,200
22479,-491,-483,188
22501,-542,-521,141
22523,-641,-498,220
22544,-807,-463,312
22565,-939,-518,300
22586,-1059,-690,261
22608,-1023,-764,207
22629,-776,-730,149
22650,-641,-690,130
22672,-661,-720,107
22693,-926,-898,226
22714,-854,-929,622
22736,-633,-840,702
22757,-753,-693,421
22778,-578,-529,244
22799,-347,-513,379
22821,-528,-605,526
22842,-640,-756,417
22864,-703,-816,355
22885,-712,-727,381
22906,-687,-623,369
22928,-515,-614,300
22949,-360,-635,246
22970,-256,-655,223
22992,-248,-701,213
23013,-355,-722,232
23034,-527,-724,279
23055,-627,-692,340
23077,-687,-641,367
23098,-696,-628,339
23119,-671,-662,308
23141,-647,-653,370
23162,-637,-643,437
23184,-692,-637,465
23205,-785,-631,460
23226,-878,-608,454
23248,-924,-575,425
23269,-900,-528,363
23290,-732,-550,368
23312,-451,-718,438
23333,-489,-1079,326
23354,-853,-1336,134
23375,-866,-1247,112
23397,-372,-1120,43
23418,-45,-1210,-122
23439,120,-1414,33
23461,-671,-1120,221
23482,-1014,-705,179
23504,-1009,-391,193
23525,-884,-465,168
23546,-837,-554,138
23568,-814,-493,79
23589,-718,-493,9
23610,-581,-557,10
23632,-438,-598,29
23653,-391,-584,17
23674,-525,-538,0
23695,-641,-496,0
23717,-666,-459,37
23738,-721,-428,66
23759,-776,-403,35
23781,-804,-446,34
23802,-1028,-517,-28
23824,-1111,-622,-33
23845,-1013,-678,58
23866,-1101,-676,119
23888,-1227,-674,130
23909,-1178,-707,60
23930,-884,-689,39
23952,-455,-927,29
23973,-362,-1099,175
23994,-756,-947,175
24015,-515,-689,9
24037,-97,-672,-57
24058,-465,-689,55
24079,-705,-627,194
24101,-649,-847,282
24122,-532,-833,330
24144,-418,-798,274
24165,-417,-835,153
24186,-446,-898,49
24208,-471,-930,40
24229,-541,-847,161
24250,-670,-730,238
24271,-768,-675,260
24293,-771,-644,250
24314,-693,-628,245
24335,-529,-620,214
24357,-409,-608,182
24378,-321,-594,187
24399,-289,-640,203
24421,-431,-697,106
24442,-536,-713,95
24464,-550,-628,104
24485,-586,-552,115
24506,-597,-526,150
24528,-635,-494,163
24549,-693,-477,184
24570,-730,-514,258
24591,-802,-560,357
24613,-919,-581,349
24634,-967,-642,235
24655,-889,-729,122
24677,-702,-763,160
24698,-324,-849,521
24719,-474,-1289,680
24741,-1333,-1139,269
24762,-209,-819,221
24784,274,-947,182
24805,214,-1080,153
24826,-180,-972,190
24847,-675,-887,231
24869,-882,-801,268
24890,-691,-652,273
24911,-498,-494,321
24933,-506,-420,301
24954,-673,-472,217
24975,-742,-532,151
24996,-578,-516,159
25018,-439,-500,203
25041,-622,-540,240
25062,-730,-539,203
25083,-780,-504,129
25105,-798,-465,74
25126,-795,-442,99
25147,-780,-433,208
25168,-765,-410,318
25190,-791,-506,302
25211,-879,-645,214
25232,-946,-550,225
25254,-789,-425,254
25275,-600,-497,207
25296,-914,-860,-88
25317,-1694,-1370,409
25339,-922,-1381,934
25361,-64,-911,214
25382,487,-869,-61
25404,642,-942,-95
25425,-445,-1009,407
25446,-1627,-800,450
25468,-1332,-496,412
25489,-766,-538,467
25510,-739,-532,333
25532,-672,-515,150
25553,-480,-596,66
25574,-326,-594,99
25595,-237,-592,124
25617,-183,-640,121
25638,-263,-736,86
25659,-378,-767,70
25681,-428,-664,278
25702,-648,-596,229
25724,-891,-593,228
25745,-940,-541,348
25766,-1027,-513,421
25788,-1015,-517,393
25809,-906,-565,265
25830,-719,-590,174
25852,-386,-628,344
25873,-186,-983,665
25894,-868,-1508,588
25915,-1803,-1348,213
25937,-1045,-862,152
25958,65,-907,215
25979,403,-1223,183
26001,-182,-1197,263
26022,-497,-1037,287
26044,-759,-939,237
26065,-873,-739,178
26086,-815,-505,145
26108,-809,-385,188
26129,-797,-401,239
26150,-649,-415,244
26172,-485,-425,231
26193,-406,-455,203
26214,-388,-490,168
26235,-353,-556,130
26257,-411,-601,80
26278,-598,-615,11
26299,-690,-558,42
26321,-848,-369,312
26342,-907,-373,307
26364,-1027,-530,172
26385,-1101,-608,105
26406,-984,-511,150
26428,-765,-449,222
26449,-1197,-836,-109
26470,-1674,-1348,570
26492,-717,-1468,1055
26513,-331,-1254,645
26534,-50,-818,250
26555,494,-767,113
26577,603,-947,-50
26598,-270,-1033,100
26619,-1205,-801,237
26641,-791,-518,519
26662,-851,-501,375
26684,-774,-514,128
26705,-537,-636,48
26726,-359,-635,123
26748,-309,-619,157
26769,-382,-641,155
26790,-494,-703,163
26811,-505,-693,170
26833,-502,-702,163
26854,-452,-690,186
26875,-475,-663,229
26897,-597,-652,230
26918,-767,-670,257
26939,-887,-668,349
26961,-917,-555,340
26982,-915,-609,301
27004,-748,-717,421
27025,-574,-966,491
27046,-869,-1286,270
27067,-1247,-1252,108
27089,-770,-854,182
27110,-179,-726,233
27131,143,-996,198
27153,249,-1285,137
27174,97,-1336,93
27195,-246,-1117,138
27217,-587,-915,203
27238,-869,-710,270
27259,-968,-526,313
27281,-889,-414,275
27302,-780,-410,217
27323,-677,-413,190
27345,-566,-436,174
27366,-479,-440,182
27387,-425,-472,192
27409,-428,-544,136
27430,-483,-609,25
27451,-621,-621,-49
27473,-664,-566,71
27494,-646,-504,236
27515,-790,-585,281
27536,-930,-714,245
27558,-1018,-760,182
27580,-870,-556,147
27602,-879,-560,132
27623,-1253,-891,139
27644,-1119,-1194,532
27666,-658,-1149,701
27687,-595,-873,417
27708,-247,-605,230
27730,232,-734,198
27751,322,-883,129
27772,-237,-889,101
27793,-766,-871,166
27815,-869,-784,317
27836,-806,-661,400
27857,-819,-634,321
27879,-707,-683,147
27901,-488,-648,183
27922,-474,-568,213
27944,-477,-606,179
27965,-483,-619,173
27986,-508,-596,198
28007,-550,-604,205
28029,-593,-609,196
28050,-601,-600,206
28071,-622,-585,224
28093,-723,-607,245
28114,-829,-612,305
28135,-873,-597,363
28156,-891,-618,356
28178,-879,-657,319
28199,-794,-665,376
28221,-848,-1002,435
28242,-1215,-1122,170
28264,-1211,-994,142
28285,-566,-753,271
28306,-96,-780,300
28327,205,-1015,261
28349,256,-1198,199
28370,28,-1222,190
28391,-323,-1088,238
28413,-618,-926,227
28434,-896,-769,200
28455,-1007,-651,227
28476,-866,-571,252
28498,-726,-526,238
28521,-624,-548,202
28542,-524,-546,202
28563,-492,-527,201
28585,-466,-548,189
28606,-435,-594,158
28627,-398,-596,111
28648,-468,-546,50
28670,-546,-507,61
28691,-599,-501,154
28712,-739,-523,215
28734,-876,-588,229
28755,-947,-679,202
28776,-1039,-727,170
28798,-1002,-643,141
28819,-898,-601,129
28841,-755,-540,142
28862,-1015,-750,102
28884,-1297,-1166,348
28905,-880,-1337,592
28926,-659,-1145,469
28948,-304,-678,234
28969,252,-497,97
28990,486,-728,32
29011,-37,-892,187
29033,-785,-945,330
29054,-1017,-995,386
29075,-711,-1018,470
29097,-575,-864,415
29118,-543,-821,226
29139,-429,-890,64
29161,-370,-770,233
29182,-424,-693,296
29204,-453,-683,308
29225,-510,-750,307
29246,-501,-776,282
29268,-480,-777,275
29289,-454,-780,291
29310,-472,-803,297
29332,-531,-838,316
29353,-533,-825,363
29374,-504,-782,380
29395,-566,-722,425
29417,-643,-611,497
29438,-678,-525,531
29459,-745,-516,511
29481,-820,-487,445
29502,-742,-505,422
29524,-592,-792,320
29545,-772,-1227,192
29566,-956,-1135,229
29588,-750,-737,171
29609,-475,-799,-20
29630,-363,-1104,-46
29652,-398,-1129,96
29673,-433,-949,186
29694,-410,-847,223
29715,-461,-803,247
29737,-567,-730,294
29758,-701,-636,323
29779,-783,-552,300
29801,-658,-605,289
29822,-612,-611,232
29844,-588,-647,160
29865,-578,-699,122
29886,-616,-694,124
29908,-704,-657,107
29929,-755,-647,91
29950,-729,-604,92
29971,-712,-541,90
29993,-687,-514,98
30014,-669,-524,109
30035,-692,-528,102
30057,-750,-566,79
30078,-807,-630,50
30099,-825,-631,19
30121,-808,-550,27
30142,-848,-523,-3
30164,-944,-546,-94
30185,-992,-551,-151
30206,-926,-497,-113
30228,-866,-465,-82
30249,-878,-495,-109
30270,-903,-523,-134
30291,-797,-495,-106
30313,-673,-515,-112
30334,-710,-638,-10
30355,-684,-837,169
30377,-836,-958,210
30398,-687,-894,202
30419,-398,-756,203
30441,-268,-712,295
30462,-487,-799,310
30484,-901,-924,321
30505,-1259,-949,382
30526,-1118,-801,390
30548,-728,-764,265
30569,-443,-806,130
30590,-300,-799,60
30611,-242,-760,37
30632,-281,-709,114
30654,-363,-670,153
30675,-357,-688,111
30696,-390,-737,122
30718,-561,-768,154
30739,-812,-781,207
30761,-1024,-661,181
30782,-743,-658,125
30803,-545,-611,130
30825,-524,-598,118
30846,-588,-616,95
30867,-676,-596,140
30889,-699,-567,206
30910,-716,-599,193
30931,-753,-650,151
30952,-787,-656,128
30974,-719,-665,227
30995,-528,-807,429
31016,-528,-1171,481
31038,-981,-1456,395
31059,-1315,-1252,291
31081,-119,-529,98
31102,241,-837,118
31123,285,-1231,197
31144,-145,-1300,313
31166,-546,-1003,366
31187,-728,-686,346
31208,-830,-537,260
31230,-866,-547,216
31251,-804,-592,208
31272,-715,-603,181
31293,-639,-575,137
31315,-527,-540,144
31336,-459,-572,167
31357,-442,-601,172
31379,-438,-591,152
31401,-522,-601,68
31422,-614,-563,74
31444,-681,-502,114
31465,-755,-472,157
31486,-849,-462,165
31507,-981,-495,194
31529,-1100,-604,238
31550,-1116,-779,217
31571,-989,-851,180
31593,-818,-722,186
31614,-753,-549,144
31635,-918,-647,57
31656,-1204,-909,238
31678,-1062,-957,479
31701,-609,-825,353
31722,-343,-674,276
31743,-68,-700,287
31765,72,-822,302
31786,12,-874,262
31807,-265,-920,153
31828,-449,-922,124
31850,-539,-804,189
31871,-701,-663,212
31892,-835,-577,165
31914,-793,-578,154
31935,-721,-600,203
31956,-638,-574,220
31977,-539,-569,209
31999,-418,-625,200
32021,-348,-694,179
32042,-334,-678,184
32064,-427,-713,191
32085,-603,-736,251
32106,-739,-713,343
32128,-884,-666,436
32149,-965,-630,488
32170,-1025,-640,456
32191,-1050,-655,312
32213,-853,-616,265
32234,-545,-655,422
32255,-495,-931,437
32277,-938,-1279,321
32298,-1259,-1222,279
32319,-835,-799,311
32341,-39,-753,326
32362,191,-1182,272
32384,262,-1445,173
32405,-105,-1195,198
32426,-604,-802,257
32448,-851,-588,284
32469,-942,-549,305
32490,-958,-532,301
32512,-845,-428,286
32533,-724,-379,283
32554,-770,-499,238
32575,-715,-573,188
32597,-552,-531,158
32618,-434,-476,145
32639,-340,-495,117
32661,-464,-489,94
32682,-659,-480,112
32704,-823,-481,190
32725,-951,-537,258
32746,-1046,-636,307
32768,-1082,-684,344
32789,-1047,-612,328
32810,-924,-479,274
32832,-820,-412,259
32853,-972,-497,136
32874,-1424,-788,147
32895,-1325,-1066,503
32917,-614,-1039,613
32938,-379,-884,423
32959,-238,-772,291
32981,0,-767,138
33002,-210,-820,145
33024,-436,-862,125
33045,-516,-933,157
33066,-615,-847,268
33088,-792,-688,337
33109,-921,-590,296
33130,-760,-534,215
33152,-593,-536,165
33173,-541,-538,166
33194,-509,-514,171
33215,-427,-552,145
33237,-342,-627,145
33258,-360,-664,184
33279,-436,-688,207
33301,-666,-663,213
33322,-817,-641,233
33344,-851,-611,350
33365,-851,-591,412
33386,-870,-698,347
33408,-922,-811,246
33429,-883,-812,315
33450,-717,-848,565
33472,-802,-1072,628
33493,-1270,-1296,325
33514,-1446,-1023,137
33536,-666,-610,267
33557,-106,-688,344
33578,151,-993,327
33599,457,-1238,274
33621,-91,-1050,206
33642,-489,-900,233
33664,-761,-743,239
33685,-927,-523,209
33706,-929,-392,198
33728,-803,-428,241
33749,-745,-497,274
33770,-730,-500,243
33792,-625,-508,212
33813,-508,-519,193
33834,-429,-536,181
33855,-352,-559,143
33877,-410,-551,59
33898,-561,-516,59
33919,-656,-494,200
33941,-1098,-567,326
33962,-1338,-618,280
33984,-1329,-631,177
34005,-1018,-602,99
34026,-886,-634,27
34048,-1056,-832,161
34069,-858,-1045,557
34090,-467,-1137,581
34112,-459,-1008,337
34133,-307,-705,170
34154,-11,-629,100
34175,20,-778,177
34197,-249,-817,307
34218,-636,-753,288
34239,-781,-836,283
34261,-709,-827,323
34282,-716,-698,206
34304,-564,-652,118
34325,-418,-662,124
34346,-386,-626,173
34368,-432,-582,220
34389,-448,-578,231
34410,-447,-613,210
34432,-480,-656,203
34453,-540,-722,176
34474,-607,-771,193
34495,-643,-715,281
34517,-668,-682,294
34538,-653,-720,225
34559,-652,-717,203
34581,-814,-622,315
34602,-933,-599,309
34624,-979,-583,341
34645,-863,-677,448
34666,-841,-871,466
34688,-1010,-985,323
34709,-972,-885,201
34730,-565,-809,196
34751,-139,-918,223
34773,115,-1157,221
34794,123,-1318,200
34815,-116,-1152,233
34837,-358,-923,262
34858,-595,-815,251
34879,-890,-699,228
34901,-896,-453,264
34922,-869,-428,290
34944,-825,-438,265
34965,-737,-455,213
34986,-610,-431,177
35008,-500,-443,147
35029,-423,-485,104
35050,-429,-507,78
35072,-616,-529,89
35093,-859,-581,109
35114,-964,-640,181
35135,-935,-696,221
35157,-874,-709,245
35178,-743,-677,212
35199,-725,-767,95
35221,-1034,-1244,358
35242,-710,-1015,419
35264,-605,-577,281
35285,-619,-416,71
35306,-465,-541,5
35328,-436,-502,74
35349,-494,-341,181
35370,-517,-394,330
35391,-537,-561,444
35413,-671,-747,443
35434,-731,-938,403
35455,-699,-1037,360
35477,-631,-953,283
35498,-459,-850,261
35519,-365,-847,267
35541,-474,-686,235
35562,-500,-655,228
35584,-496,-651,200
35605,-499,-671,165
35626,-463,-677,152
35648,-456,-665,201
35669,-470,-679,249
35690,-529,-694,288
35712,-616,-686,294
35733,-653,-707,275
35754,-663,-755,281
35776,-702,-724,305
35797,-795,-656,324
35818,-844,-606,346
35839,-799,-593,401
35861,-882,-755,435
35882,-1050,-714,274
35904,-967,-622,234
35925,-569,-613,267
35946,-197,-812,237
35968,57,-1097,245
35989,106,-1262,331
36010,-66,-1216,415
36031,-359,-1018,396
36053,-619,-882,328
36074,-793,-856,320
36095,-844,-818,338
36117,-817,-692,307
36138,-843,-626,269
36159,-887,-596,232
36181,-658,-491,208
36202,-493,-447,205
36224,-334,-441,191
36245,-293,-410,189
36266,-322,-369,231
36288,-414,-366,252
36309,-497,-413,267
36330,-556,-431,250
36351,-627,-400,256
36373,-724,-371,267
36394,-776,-363,291
36415,-702,-316,317
36437,-695,-245,350
36458,-816,-268,353
36479,-958,-355,296
36501,-914,-419,220
36522,-819,-382,298
36543,-823,-325,395
36565,-883,-310,400
36586,-937,-384,369
36607,-1122,-501,334
36629,-1412,-687,170
36650,-1291,-876,-50
36671,-837,-921,-105
36693,-649,-804,230
36714,-873,-793,609
36735,-1166,-823,842
36757,-1135,-687,771
36778,-984,-469,375
36801,-710,-315,46
36822,-525,-273,210
36843,-529,-375,275
36865,-591,-568,296
36886,-659,-752,384
36907,-682,-882,501
36928,-638,-1020,518
36950,-537,-1086,472
36971,-525,-893,418
36992,-555,-655,397
37014,-701,-562,424
37035,-882,-484,478
37056,-880,-413,492
37078,-704,-476,388
37099,-574,-542,270
37121,-462,-576,227
37142,-461,-594,225
37164,-493,-590,248
37185,-550,-572,280
37206,-618,-572,292
37228,-633,-557,318
37249,-645,-538,357
37270,-733,-564,426
37291,-821,-593,476
37313,-834,-566,435
37334,-813,-541,392
37355,-818,-533,396
37377,-859,-471,388
37398,-820,-448,426
37419,-780,-625,535
37441,-1270,-1096,313
37462,-850,-984,309
37484,-235,-802,326
37505,-54,-882,321
37526,48,-1191,373
37548,-59,-1341,345
37569,-360,-1162,226
37590,-605,-931,226
37611,-604,-846,328
37633,-550,-784,399
37654,-598,-657,350
37675,-665,-583,243
37697,-695,-563,196
37718,-689,-517,213
37739,-672,-464,256
37761,-645,-511,274
37782,-590,-479,232
37804,-542,-467,192
37825,-532,-505,146
37846,-598,-510,69
37868,-747,-487,28
37889,-850,-433,138
37910,-915,-413,273
37932,-1045,-458,308
37953,-1076,-564,255
37974,-931,-642,180
37995,-758,-562,143
38017,-715,-515,66
38038,-1141,-806,133
38059,-1287,-1216,654
38081,-617,-856,398
38102,-229,-519,158
38124,207,-531,144
38145,292,-746,184
38166,-302,-911,286
38187,-871,-959,311
38209,-864,-784,345
38230,-774,-654,441
38251,-945,-593,387
38273,-876,-580,221
38294,-494,-580,140
38315,-246,-572,146
38336,-277,-551,220
38358,-536,-554,308
38381,-484,-626,242
38402,-504,-649,242
38423,-508,-623,309
38444,-498,-609,339
38466,-628,-649,342
38487,-739,-648,373
38508,-801,-579,441
38530,-865,-526,519
38551,-889,-498,580
38572,-1001,-499,511
38593,-1063,-510,377
38615,-869,-503,332
38636,-554,-524,465
38657,-452,-697,635
38679,-833,-1099,673
38701,-865,-952,366
38722,-524,-747,311
38744,-151,-687,382
38765,141,-771,319
38786,100,-1147,260
38808,-191,-1420,393
38829,-536,-814,423
38850,-791,-495,434
38871,-1042,-500,484
38893,-1093,-455,488
38914,-903,-337,463
38935,-741,-335,375
38957,-691,-316,289
38978,-629,-307,254
38999,-552,-329,252
39021,-399,-413,254
39042,-400,-455,226
39064,-540,-528,170
39085,-735,-593,151
39106,-906,-590,256
39128,-974,-541,434
39149,-857,-558,516
39170,-800,-586,429
39192,-780,-489,326
39213,-764,-401,312
39234,-839,-359,328
39255,-1015,-454,223
39277,-1520,-742,373
39298,-1679,-1068,664
39319,-955,-920,738
39341,-111,-776,315
39362,0,-682,213
39384,227,-549,324
39405,-53,-533,410
39426,-872,-874,307
39448,-988,-966,364
39469,-502,-504,409
39490,-780,-450,315
39512,-977,-581,249
39533,-656,-592,277
39554,-466,-521,288
39575,-524,-471,298
39597,-574,-515,305
39618,-565,-573,259
39639,-543,-576,241
39661,-520,-552,319
39682,-591,-531,301
39704,-795,-572,226
39725,-873,-614,283
39746,-776,-566,428
39768,-757,-525,517
39789,-892,-559,477
39810,-1029,-611,414
39832,-1007,-577,367
39853,-844,-508,392
39874,-663,-594,556
39895,-691,-919,654
39917,-1176,-1341,531
39938,-1164,-1070,385
39959,-595,-673,363
39981,-5,-769,323
40002,-19,-1159,229
40024,-183,-1284,220
40045,-399,-796,188
40066,-658,-619,240
40088,-924,-658,331
40109,-951,-561,390
40130,-793,-364,411
40152,-734,-270,412
40173,-607,-341,369
40194,-556,-365,292
40215,-650,-364,237
40237,-633,-395,265
40258,-517,-438,293
40279,-490,-428,249
40301,-758,-494,129
40322,-875,-552,204
40344,-828,-544,363
40365,-831,-528,421
40386,-885,-559,429
40408,-829,-543,430
40429,-800,-487,373
40450,-862,-467,302
40472,-1114,-602,322
40493,-1457,-967,582
40514,-1217,-1060,789
40535,-773,-997,725
40557,-327,-808,409
40578,10,-700,247
40599,213,-623,231
40621,-221,-553,184
40642,-896,-797,263
40664,-1070,-814,400
40685,-748,-506,534
40706,-938,-521,565
40728,-929,-598,448
40749,-610,-581,348
40770,-427,-547,314
40791,-415,-564,295
40813,-503,-620,260
40834,-444,-648,219
40855,-343,-622,242
40877,-401,-572,294
40898,-601,-565,335
40919,-746,-583,357
40941,-667,-525,421
40962,-680,-514,440
40984,-782,-525,459
41005,-932,-531,479
41026,-1026,-507,479
41047,-965,-461,499
41069,-669,-510,582
41090,-611,-763,632
41111,-1008,-1095,478
41133,-1376,-1053,385
41154,-923,-738,398
41175,-411,-609,410
41196,-144,-627,399
41218,35,-851,338
41240,-131,-1544,208
41262,-506,-825,226
41283,-841,-610,353
41304,-885,-616,440
41326,-813,-520,425
41347,-883,-337,389
41368,-833,-296,342
41389,-668,-394,309
41411,-633,-417,284
41432,-618,-429,264
41453,-558,-437,252
41474,-537,-441,205
41496,-556,-477,145
41517,-629,-493,114
41538,-682,-465,128
41561,-855,-482,300
41582,-1044,-489,335
41604,-1094,-464,410
41625,-1004,-497,395
41646,-984,-565,278
41668,-984,-473,198
41689,-947,-433,205
41710,-1126,-729,398
41731,-1123,-1082,643
41753,-732,-998,713
41774,-393,-814,549
41795,-147,-692,366
41816,63,-607,331
41838,176,-573,323
41859,-271,-624,263
41881,-998,-671,395
41902,-580,-513,544
41924,-818,-619,542
41945,-888,-588,414
41966,-571,-510,296
41987,-394,-532,249
42009,-371,-547,242
42030,-490,-522,252
42051,-605,-509,261
42073,-551,-510,292
42094,-517,-507,311
42115,-629,-507,301
42136,-828,-519,299
42158,-888,-517,361
42179,-749,-495,447
42201,-766,-468,455
42222,-816,-509,428
42243,-875,-548,435
42265,-797,-545,555
42286,-684,-643,690
42307,-1052,-942,715
42328,-1623,-1055,639
42350,-1239,-689,506
42371,-412,-478,414
42392,-40,-580,400
42414,159,-869,352
42435,50,-1638,257
42456,-346,-1458,278
42477,-605,-838,288
42499,-720,-709,362
42521,-901,-426,431
42542,-959,-244,390
42564,-873,-240,346
42585,-741,-335,358
42606,-618,-367,329
42627,-578,-317,265
42649,-578,-368,207
42670,-537,-471,193
42691,-441,-506,204
42713,-428,-473,186
42734,-583,-465,214
42755,-734,-483,293
42776,-769,-518,321
42798,-962,-627,310
42820,-1091,-641,350
42842,-906,-476,351
42863,-815,-373,339
42884,-816,-341,295
42906,-1320,-663,330
42927,-1513,-1235,657
42948,-876,-1129,815
42970,-313,-875,636
42991,-8,-847,338
43012,165,-728,182
43033,243,-631,140
43055,-101,-619,197
43076,-895,-802,250
43097,-994,-675,322
43119,-648,-416,482
43141,-878,-601,407
43162,-591,-574,337
43183,-428,-557,295
43205,-444,-579,294
43226,-557,-586,258
43247,-601,-609,211
43269,-485,-642,239
43290,-434,-636,275
43311,-573,-606,243
43333,-684,-592,265
43354,-649,-574,380
43375,-631,-531,503
43397,-786,-475,539
43418,-1007,-421,483
43439,-1124,-393,371
43461,-825,-518,295
43482,-448,-606,502
43504,-459,-897,622
43525,-1115,-1369,616
43546,-1217,-1233,554
43568,-562,-742,449
43589,-132,-666,385
43610,26,-879,235
43631,-82,-1367,185
43653,-484,-1156,300
43674,-821,-774,336
43695,-847,-720,459
43717,-835,-566,514
43738,-928,-368,460
43759,-858,-311,367
43781,-582,-434,312
43802,-513,-413,269
43824,-493,-404,230
43845,-472,-449,226
43866,-401,-487,209
43888,-438,-454,167
43909,-640,-439,128
43930,-830,-474,154
43952,-868,-473,302
43973,-804,-475,429
43994,-953,-520,416
44015,-1103,-552,359
44037,-1003,-548,317
44058,-860,-499,296
44079,-760,-415,295
44101,-974,-515,304
44122,-1252,-921,652
44144,-1072,-1056,770
44165,-667,-877,652
44186,-328,-721,418
44208,3,-607,318
44229,146,-566,285
44250,-83,-648,322
44272,-811,-890,350
44293,-994,-856,415
44314,-577,-639,492
44335,-718,-618,528
44357,-839,-572,467
44378,-607,-507,363
44399,-463,-517,306
44421,-401,-523,325
44442,-541,-555,279
44464,-540,-581,244
44485,-385,-593,304
44506,-290,-594,391
44528,-400,-618,405
44549,-693,-610,420
44570,-886,-541,477
44592,-966,-431,525
44613,-1006,-350,592
44634,-1046,-387,569
44655,-1023,-490,459
44677,-773,-549,451
44698,-359,-616,602
44719,-385,-928,658
44741,-1060,-1193,656
44763,-497,-785,516
44784,-141,-718,361
44805,43,-1024,223
44826,83,-1385,264
44848,-283,-1039,366
44869,-766,-740,453
44890,-976,-691,518
44912,-892,-499,547
44933,-815,-307,536
44954,-790,-301,439
44975,-760,-359,406
44997,-665,-431,407
45018,-526,-432,379
45039,-459,-394,330
45061,-466,-508,228
45083,-513,-509,173
45104,-550,-464,211
45125,-538,-411,332
45146,-605,-412,404
45168,-851,-509,374
45189,-1056,-551,348
45210,-996,-538,408
45232,-876,-592,459
45253,-797,-565,427
45274,-794,-482,357
45296,-957,-581,330
45317,-1144,-917,583
45338,-1019,-1017,754
45359,-890,-1024,707
45381,-276,-664,284
45403,-51,-575,249
45424,54,-521,297
45445,-78,-545,286
45466,-569,-865,301
45488,-677,-969,353
45509,-407,-634,377
45530,-633,-568,413
45552,-947,-588,435
45573,-834,-487,409
45594,-554,-454,377
45615,-454,-535,353
45637,-487,-594,301
45658,-510,-592,252
45679,-479,-582,236
45701,-411,-616,323
45722,-513,-646,326
45744,-685,-622,375
45765,-772,-562,479
45786,-819,-505,561
45808,-845,-483,604
45829,-837,-482,599
45850,-868,-525,538
45872,-927,-551,467
45893,-809,-551,475
45914,-567,-627,591
45935,-627,-1103,680
45957,-1111,-1307,578
45978,-1001,-832,398
45999,-437,-689,378
46021,22,-1024,253
46042,-121,-1224,232
46064,-395,-948,306
46085,-654,-766,348
46106,-945,-689,393
46128,-1029,-536,484
46149,-876,-412,530
46170,-797,-304,503
46192,-719,-296,423
46213,-637,-350,332
46234,-550,-412,286
46255,-446,-419,263
46277,-385,-358,245
46298,-394,-335,241
46319,-531,-390,244
46341,-960,-526,195
46362,-836,-595,385
46384,-708,-526,516
46405,-873,-581,546
46426,-921,-627,469
46448,-879,-501,314
46469,-933,-497,220
46490,-1135,-661,323
46512,-1231,-864,666
46533,-1039,-1032,865
46554,-737,-1028,697
46575,-354,-813,384
46597,-26,-646,218
46618,147,-531,211
46639,99,-512,280
46661,-738,-991,409
46682,-564,-788,442
46704,-564,-681,467
46725,-845,-671,474
46746,-800,-563,425
46768,-587,-531,370
46789,-477,-558,345
46810,-441,-566,349
46832,-462,-561,334
46853,-466,-554,308
46874,-464,-543,292
46895,-559,-524,319
46917,-674,-519,372
46938,-713,-520,399
46959,-743,-511,376
46981,-769,-553,461
47002,-753,-574,523
47024,-798,-586,497
47045,-807,-603,425
47066,-689,-650,432
47088,-433,-839,608
47109,-527,-1310,761
47130,-1035,-1614,680
47152,-1087,-1074,437
47173,-640,-626,266
47194,-196,-653,288
47215,147,-788,263
47237,312,-1186,228
47258,22,-1264,400
47279,-477,-816,446
47301,-987,-641,547
47322,-967,-370,503
47344,-859,-300,413
47365,-756,-387,358
47386,-700,-455,313
47408,-662,-411,268
47429,-594,-383,240
47450,-501,-432,228
47472,-398,-457,213
47493,-360,-448,185
47514,-461,-467,153
47535,-656,-502,166
47557,-804,-532,211
47578,-955,-543,251
47599,-990,-513,314
47621,-790,-669,306
47642,-911,-715,292
47664,-1004,-671,289
47685,-929,-591,287
47706,-896,-580,241
47728,-1150,-777,347
47749,-1144,-1136,615
47770,-754,-1206,675
47792,-378,-1058,546
47813,5,-948,393
47834,289,-878,290
47855,650,-827,63
47877,421,-830,-51
47898,-362,-959,580
47919,-1245,-1223,717
47941,-531,-488,693
47962,-815,-490,494
47984,-705,-520,326
48005,-460,-537,327
48026,-344,-547,348
48048,-329,-540,343
48069,-467,-573,297
48090,-519,-652,273
48112,-472,-679,369
48133,-576,-620,471
48154,-771,-574,447
48175,-746,-532,429
48197,-585,-505,452
48218,-644,-549,466
48239,-878,-623,496
48261,-1071,-526,466
48282,-873,-547,377
48304,-596,-682,486
48325,-415,-906,650
48346,-631,-1271,621
48368,-1079,-1366,489
48389,-812,-857,395
48410,-268,-595,307
48431,93,-713,372
48453,433,-1116,379
48474,377,-1555,418
48495,-280,-985,541
48517,-936,-723,477
48538,-1087,-671,503
48561,-763,-406,487
48582,-628,-405,383
48603,-549,-415,312
48625,-511,-398,281
48646,-482,-379,263
48667,-507,-401,245
48688,-545,-428,223
48710,-570,-447,201
48731,-632,-484,198
48752,-707,-489,215
48774,-743,-451,213
48795,-807,-402,186
48816,-946,-378,146
48838,-962,-459,150
48859,-840,-601,252
48881,-942,-550,301
48902,-1105,-542,274
48924,-1067,-538,212
48945,-1247,-718,328
48966,-1133,-1187,635
48988,-884,-1332,702
49009,-788,-1167,515
49030,-344,-876,272
49052,85,-691,192
49073,345,-616,123
49094,326,-612,61
49115,-191,-756,313
49137,-760,-1031,416
49158,-574,-925,398
49179,-290,-675,478
49201,-896,-691,405
49222,-652,-627,328
49244,-466,-566,316
49265,-500,-555,299
49286,-508,-566,306
49308,-558,-572,291
49329,-601,-620,248
49350,-494,-620,257
49372,-512,-646,269
49393,-638,-702,250
49414,-684,-693,283
49435,-590,-594,340
49457,-551,-508,323
49478,-679,-531,353
49499,-766,-578,462
49521,-973,-516,429
49542,-900,-597,562
49564,-639,-973,743
49585,-989,-1452,705
49606,-1427,-1186,512
49628,-981,-562,337
49649,-391,-452,336
49670,-93,-692,411
49691,186,-1273,366
49713,387,-1576,353
49734,146,-918,320
49755,-380,-723,285
49777,-826,-829,326
49798,-893,-624,447
49819,-801,-402,454
49841,-748,-467,400
49862,-727,-503,354
49884,-669,-465,294
49905,-640,-447,269
49926,-582,-459,249
49948,-479,-462,228
49969,-438,-458,186
49990,-500,-458,118
50012,-591,-456,92
50033,-684,-502,161
50054,-736,-538,297
50075,-831,-574,363
50097,-950,-588,320
50118,-941,-573,285
50139,-875,-582,294
50161,-939,-583,207
50182,-1198,-799,214
50204,-1259,-1014,689
50225,-799,-1026,911
50246,-688,-838,617
50268,-558,-649,292
50289,-366,-523,189
50310,-285,-436,238
50332,-198,-545,300
50353,-280,-709,351
50374,-468,-781,373
50396,-412,-784,370
50417,-438,-779,335
50438,-800,-772,323
50459,-1057,-687,379
50481,-579,-466,375
50502,-562,-477,319
50524,-506,-524,283
50545,-406,-569,242
50566,-374,-604,216
50588,-386,-609,274
50609,-412,-576,348
50630,-492,-597,361
50652,-628,-646,336
50673,-737,-641,341
50694,-788,-570,382
50716,-747,-504,446
50737,-710,-521,513
50758,-786,-572,499
50779,-907,-606,435
50801,-788,-867,672
50822,-982,-1123,681
50844,-1151,-1086,526
50865,-1053,-813,358
50886,-684,-661,356
50908,-331,-651,436
50929,-123,-846,379
50950,-21,-1239,310
50972,-70,-1244,217
50993,-182,-952,134
51014,-305,-860,140
51035,-520,-784,267
51057,-777,-648,360
51078,-912,-512,337
51099,-794,-422,286
51121,-622,-373,324
51142,-622,-385,328
51164,-705,-399,284
51185,-722,-460,254
51206,-630,-476,225
51228,-540,-452,196
51249,-516,-430,194
51270,-572,-431,252
51291,-621,-473,316
51313,-735,-518,307
51334,-964,-620,259
51355,-1143,-698,240
51377,-1120,-751,253
51398,-992,-683,238
51419,-776,-559,255
51441,-1194,-967,295
51462,-1206,-1091,665
51484,-576,-791,774
51505,-330,-740,558
51526,-196,-706,378
51547,7,-648,329
51569,-101,-697,352
51590,-592,-828,370
51611,-904,-856,345
51633,-692,-735,359
51654,-479,-631,375
51675,-621,-583,325
51697,-678,-522,239
51718,-573,-495,221
51739,-512,-506,268
51761,-549,-501,273
51782,-582,-530,232
51804,-569,-570,239
51825,-501,-615,300
51846,-475,-611,367
51867,-609,-549,379
51889,-757,-538,398
51910,-791,-542,466
51931,-786,-490,515
51953,-811,-473,473
51974,-911,-551,392
51995,-934,-612,359
52017,-729,-600,471
52038,-582,-709,636
52059,-878,-1050,693
52081,-1238,-881,555
52102,-736,-528,474
52124,-303,-464,421
52145,-83,-698,370
52166,13,-1203,362
52188,89,-1367,362
52209,-127,-871,283
52230,-598,-750,193
52251,-1071,-781,275
52273,-1105,-553,354
52294,-945,-353,351
52315,-804,-292,389
52337,-578,-339,455
52358,-482,-386,414
52379,-586,-380,333
52401,-592,-480,228
52422,-471,-455,222
52444,-427,-431,212
52465,-511,-431,215
52486,-635,-461,317
52508,-630,-494,417
52529,-738,-536,422
52550,-978,-632,403
52572,-1026,-702,372
52593,-918,-618,356
52614,-872,-550,307
52635,-1148,-746,307
52657,-1334,-1039,638
52678,-885,-941,792
52699,-588,-879,594
52721,-91,-587,251
52742,2,-635,257
52764,-285,-736,325
52785,-644,-755,385
52806,-675,-669,385
52828,-451,-698,367
52849,-537,-767,368
52870,-810,-725,377
52892,-722,-622,350
52913,-521,-551,314
52934,-493,-520,316
52956,-504,-519,335
52977,-514,-510,308
52998,-528,-520,272
53019,-511,-542,272
53041,-499,-590,316
53063,-645,-645,299
53084,-768,-641,336
53105,-794,-576,424
53127,-780,-519,493
53148,-782,-494,525
53169,-820,-516,504
53190,-869,-558,432
53212,-862,-574,394
53233,-688,-651,534
53254,-565,-985,731
53276,-841,-1400,770
53297,-1198,-1159,568
53318,-899,-569,365
53341,-9,-705,291
53362,-33,-1322,212
53384,-124,-1309,267
53405,-304,-824,257
53426,-682,-759,303
53448,-954,-638,393
53469,-920,-439,432
53490,-801,-347,406
53512,-700,-302,434
53533,-613,-337,432
53554,-621,-386,377
53576,-719,-421,307
53597,-700,-465,264
53618,-561,-461,254
53639,-508,-439,225
53661,-673,-485,171
53683,-701,-458,293
53704,-707,-484,382
53725,-776,-562,410
53746,-820,-661,375
53768,-847,-700,290
53789,-849,-637,250
53810,-855,-546,266
53832,-992,-622,251
53853,-1337,-858,575
53874,-1053,-855,888
53896,-731,-801,797
53917,-583,-684,431
53938,-262,-585,250
53961,-149,-584,291
53982,-537,-692,383
54004,-724,-721,396
54025,-580,-692,430
54046,-564,-727,444
54068,-742,-723,391
54089,-739,-646,323
54110,-565,-556,309
54131,-473,-524,322
54153,-475,-508,346
54174,-516,-493,321
54195,-579,-511,267
54217,-546,-549,251
54238,-493,-570,297
54259,-496,-566,349
54281,-663,-606,356
54302,-759,-600,365
54324,-829,-539,438
54345,-767,-478,553
54366,-769,-520,563
54388,-924,-576,515
54409,-928,-574,550
54430,-763,-715,654
54452,-808,-1039,672
54473,-1139,-1132,507
54494,-1060,-844,427
54516,-404,-625,460
54537,54,-728,427
54558,154,-1270,342
54579,3,-1416,283
54601,-702,-891,334
54622,-882,-695,481
54644,-853,-484,551
54665,-781,-443,519
54686,-776,-409,431
54708,-721,-385,356
54729,-599,-464,342
54750,-574,-408,310
54772,-558,-425,317
54793,-509,-411,321
54814,-500,-413,284
54836,-538,-419,217
54857,-626,-424,119
54878,-731,-407,127
54899,-703,-388,266
54921,-877,-475,402
54942,-974,-560,402
54964,-983,-595,378
54985,-928,-531,356
55006,-970,-515,286
55028,-1308,-765,221
55049,-1277,-1074,746
55070,-649,-887,919
55091,-557,-847,631
55113,-495,-718,274
55134,-314,-541,138
55155,-205,-509,187
55177,-238,-588,314
55198,-417,-616,427
55219,-570,-674,467
55241,-594,-702,440
55262,-806,-679,374
55283,-828,-632,322
55305,-562,-565,311
55326,-430,-515,313
55347,-528,-499,340
55369,-587,-486,357
55390,-574,-475,366
55411,-558,-501,366
55432,-571,-555,343
55454,-601,-553,354
55475,-644,-515,381
55496,-687,-523,395
55518,-702,-548,394
55539,-675,-546,405
55561,-630,-504,524
55582,-762,-553,515
55603,-906,-607,503
55625,-878,-601,564
55646,-686,-652,682
55667,-782,-904,755
55689,-1124,-1134,706
55710,-1171,-938,525
55731,-720,-625,431
55753,-261,-587,436
55774,-20,-830,391
55795,-4,-1196,343
55816,-99,-1277,277
55838,-278,-1011,222
55860,-772,-804,401
55882,-778,-519,447
55903,-838,-367,465
55924,-745,-371,478
55946,-653,-398,467
55967,-711,-397,388
55988,-709,-384,309
56010,-621,-388,313
56031,-515,-409,322
56052,-444,-443,261
56074,-467,-451,177
56095,-597,-476,119
56116,-745,-496,185
56138,-795,-484,362
56159,-826,-523,476
56181,-867,-596,398
56202,-798,-619,312
56224,-790,-604,262
56245,-812,-514,254
56266,-996,-570,213
56288,-1228,-830,520
56309,-1013,-919,875
56330,-782,-843,817
56352,-563,-685,463
56373,-308,-573,284
56394,-109,-561,249
56416,-123,-621,270
56437,-408,-698,329
56458,-632,-793,369
56479,-550,-755,402
56501,-729,-710,440
56522,-771,-662,411
56544,-668,-578,373
56565,-578,-526,361
56586,-516,-520,358
56608,-531,-521,349
56629,-540,-526,327
56650,-533,-534,304
56672,-541,-537,314
56693,-557,-536,332
56714,-625,-550,343
56736,-654,-569,365
56757,-633,-587,365
56778,-645,-583,370
56799,-661,-540,440
56821,-750,-497,566
56843,-910,-501,560
56864,-997,-478,548
56885,-880,-499,602
56907,-722,-670,715
56928,-817,-969,740
56949,-1074,-1052,564
56971,-1063,-823,412
56992,-550,-619,425
57013,-154,-632,435
57034,4,-849,393
57056,0,-1200,357
57077,-119,-1194,312
57098,-316,-975,260
57119,-670,-861,274
57141,-903,-510,455
57163,-857,-413,491
57184,-765,-406,452
57205,-690,-409,407
57227,-620,-409,379
57248,-628,-411,323
57269,-654,-425,296
57291,-546,-452,295
57312,-475,-467,271
57333,-503,-480,206
57355,-580,-478,160
57376,-667,-470,222
57397,-660,-453,370
57419,-708,-469,455
57441,-925,-552,467
57462,-958,-545,439
57483,-966,-544,359
57505,-878,-513,305
57526,-994,-602,281
57547,-1298,-911,548
57569,-1040,-1009,784
57590,-658,-934,683
57611,-460,-809,390
57633,-158,-710,260
57654,73,-647,206
57675,-39,-630,217
57696,-399,-725,298
57718,-644,-806,343
57739,-547,-783,364
57761,-692,-724,428
57782,-845,-654,423
57804,-784,-523,365
57825,-622,-471,326
57846,-495,-473,326
57867,-490,-504,302
57889,-529,-545,257
57910,-504,-567,240
57931,-489,-564,275
57953,-531,-564,321
57974,-578,-587,353
57995,-673,-611,371
58016,-790,-585,423
58038,-818,-479,501
58059,-799,-434,522
58081,-871,-598,453
58102,-874,-587,405
58124,-694,-592,486
58145,-573,-828,627
58166,-838,-1236,630
58188,-1167,-1284,478
58209,-930,-873,375
58230,-440,-543,367
58252,-72,-567,366
58273,121,-895,292
58294,88,-1375,256
58315,-122,-1198,219
58337,-537,-868,248
58358,-858,-857,373
58379,-962,-667,449
58401,-732,-491,456
58422,-650,-464,429
58444,-618,-445,387
58465,-614,-463,320
58486,-653,-472,259
58508,-612,-435,252
58529,-528,-421,237
58550,-474,-424,207
58572,-506,-427,167
58593,-604,-432,168
58614,-707,-456,206
58636,-829,-494,260
58657,-836,-506,356
58678,-730,-536,368
58699,-749,-630,324
58721,-869,-617,280
58743,-897,-547,252
58764,-996,-688,212
58785,-1334,-1122,413
58807,-1305,-1364,759
58828,-784,-985,731
58849,-318,-578,401
58870,-19,-521,216
58892,228,-644,249
58913,245,-864,261
58934,-275,-1147,286
58956,-707,-1194,375
58977,-488,-959,463
58998,-391,-791,537
59019,-568,-766,524
59041,-655,-660,351
59063,-509,-663,345
59084,-421,-672,386
59105,-384,-656,413
59127,-419,-652,406
59148,-477,-652,378
59169,-450,-624,362
59191,-456,-631,357
59212,-554,-635,376
59233,-623,-626,425
59254,-655,-633,465
59276,-705,-659,492
59297,-734,-690,518
59318,-792,-657,535
59339,-857,-561,512
59361,-613,-568,374
59383,-590,-582,355
59404,-564,-524,355
59425,-550,-563,409
59447,-542,-716,481
59468,-585,-861,561
59489,-716,-860,560
59511,-715,-698,459
59532,-607,-631,327
59553,-536,-816,224
59575,-501,-1108,207
59596,-511,-1240,258
59617,-508,-1057,296
59639,-470,-814,317
59661,-656,-749,369
59682,-634,-648,365
59704,-628,-527,360
59725,-618,-487,359
59746,-562,-507,358
59768,-567,-514,361
59789,-607,-501,363
59810,-673,-501,367
59832,-757,-512,319
59853,-762,-493,256
59874,-733,-443,197
59896,-749,-379,153
59917,-792,-332,114
59938,-853,-316,89
59961,-1011,-410,104
59982,-1035,-517,129
60004,-961,-632,128
60025,-942,-714,113
60046,-1000,-746,76
60068,-1001,-924,155
60089,-797,-1046,264
60110,-630,-1031,331
60132,-414,-897,360
60153,-265,-803,327
60174,-341,-782,246
60196,-371,-745,225
60217,-330,-787,286
60238,-351,-879,372
60261,-503,-812,549
60282,-689,-746,596
60304,-811,-699,525
60325,-775,-616,347
60346,-679,-558,184
60368,-575,-572,128
60389,-421,-604,184
60410,-421,-598,253
60432,-535,-568,285
60453,-512,-557,307
60474,-499,-578,293
60496,-571,-627,269
60517,-630,-649,274
60538,-677,-654,300
60559,-780,-646,296
60581,-665,-474,367
60603,-683,-486,373
60624,-866,-570,381
60645,-961,-657,362
60667,-884,-636,390
60688,-638,-665,553
60709,-629,-1023,654
60730,-1095,-1368,630
60752,-1213,-966,513
60773,-741,-572,401
60794,-216,-562,364
60816,44,-893,328
60837,63,-1379,300
60858,-122,-1237,315
60879,-447,-903,300
60901,-653,-613,443
60923,-819,-494,442
60944,-893,-359,467
60965,-835,-285,491
60987,-727,-349,428
61008,-628,-429,339
61029,-608,-397,270
61050,-572,-383,249
61072,-546,-399,259
61093,-607,-420,261
61114,-659,-431,284
61136,-645,-386,295
61157,-656,-347,333
61178,-714,-355,428
61199,-842,-457,450
61221,-1029,-649,394
61243,-958,-680,375
61264,-831,-615,330
61285,-734,-484,296
61307,-967,-558,227
61328,-1226,-934,683
61349,-662,-822,941
61370,-510,-868,793
61392,-614,-728,399
61413,-343,-542,289
61434,-101,-623,347
61456,-315,-687,400
61477,-654,-722,454
61498,-632,-707,408
61521,-499,-642,374
61543,-578,-615,321
61564,-585,-569,251
61585,-463,-505,246
61606,-448,-486,311
61628,-554,-528,413
61649,-656,-569,461
61670,-772,-569,436
61692,-732,-556,410
61713,-515,-554,402
61734,-488,-543,347
61756,-686,-550,290
61777,-751,-550,363
61798,-662,-492,519
61821,-751,-466,552
61842,-833,-522,533
61864,-953,-530,529
61885,-733,-489,594
61906,-466,-684,645
61928,-809,-1231,619
61949,-1230,-1302,498
61970,-924,-831,463
61992,-408,-702,490
62013,-136,-802,395
62034,-144,-1029,270
62056,-195,-1282,196
62077,-144,-1144,211
62098,-273,-854,180
62119,-655,-753,245
62141,-824,-499,474
62163,-848,-340,499
62184,-810,-275,489
62205,-714,-338,460
62227,-686,-410,390
62248,-663,-441,325
62269,-518,-471,308
62291,-392,-524,277
62312,-363,-571,232
62333,-382,-558,207
62355,-443,-541,217
62376,-595,-592,258
62397,-709,-585,279
62419,-763,-530,318
62441,-929,-568,416
62462,-922,-553,438
62483,-903,-548,408
62505,-933,-558,372
62526,-915,-550,325
62547,-1060,-638,323
62569,-1131,-930,571
62590,-843,-1078,796
62611,-663,-1126,771
62632,-438,-806,450
62654,-136,-565,298
62675,80,-558,214
62696,50,-576,181
62718,-298,-634,233
62739,-827,-844,356
62761,-540,-739,514
62782,-781,-724,506
62804,-918,-652,456
62825,-717,-560,391
62846,-502,-534,358
62867,-414,-545,326
62889,-441,-562,268
62910,-442,-568,246
62931,-370,-581,263
62953,-327,-618,287
62974,-400,-646,313
62995,-507,-659,341
63017,-656,-656,363
63038,-747,-618,404
63059,-695,-557,461
63081,-738,-544,548
63102,-850,-501,574
63124,-918,-459,569
63145,-947,-487,550
63166,-812,-545,549
63188,-575,-635,622
63209,-590,-937,662
63230,-937,-1178,510
63252,-1149,-949,327
63273,-677,-652,338
63294,-141,-640,408
63316,-37,-851,337
63337,-195,-1337,305
63358,-276,-1465,265
63379,-358,-1019,223
63401,-854,-688,429
63423,-770,-472,427
63444,-719,-383,378
63465,-691,-372,349
63487,-584,-409,373
63508,-542,-369,355
63529,-562,-392,300
63551,-575,-410,276
63572,-550,-440,288
63593,-545,-470,289
63615,-623,-447,233
63636,-695,-455,192
63657,-730,-497,198
63679,-739,-554,276
63701,-945,-573,325
63722,-1012,-625,361
63743,-912,-634,351
63765,-806,-583,324
63786,-792,-541,281
63807,-1045,-682,301
63829,-1281,-969,630
63850,-972,-993,834
63871,-570,-918,691
63893,-343,-768,394
63914,-66,-649,282
63935,141,-563,232
63956,-70,-594,240
63978,-564,-770,302
63999,-775,-841,368
64021,-668,-671,492
64042,-964,-605,511
64064,-828,-506,416
64085,-559,-477,341
64106,-432,-500,304
64128,-375,-500,280
64149,-406,-510,244
64170,-453,-527,213
64191,-403,-543,241
64213,-398,-558,306
64234,-550,-565,353
64255,-769,-564,405
64277,-869,-542,463
64298,-796,-467,510
64319,-711,-462,542
64341,-899,-611,513
64363,-1015,-583,501
64384,-908,-597,625
64405,-823,-864,775
64426,-1066,-1139,766
64448,-1274,-903,532
64469,-916,-541,396
64490,-399,-447,425
64512,-105,-591,377
64533,-5,-1046,346
64554,-28,-1448,343
64576,-119,-1156,314
64597,-401,-853,171
64618,-806,-835,233
64639,-892,-601,383
64661,-718,-316,405
64683,-673,-319,439
64704,-599,-297,496
64725,-707,-359,449
64747,-839,-385,368
64768,-628,-410,318
64789,-477,-479,253
64810,-509,-453,207
64832,-528,-409,256
64853,-555,-404,397
64874,-608,-486,467
64896,-855,-590,462
64917,-1071,-660,469
64938,-982,-607,486
64959,-840,-444,450
64981,-1632,-1199,744
65003,-829,-1192,1053
65024,-301,-804,701
65045,-314,-695,261
65067,-41,-796,153
65088,232,-784,176
65109,55,-681,238
65131,-468,-720,341
65152,-712,-753,351
65173,-593,-688,342
65194,-563,-657,395
65216,-735,-614,429
65237,-793,-519,388
65258,-664,-485,346
65281,-523,-571,346
65302,-536,-532,278
65324,-507,-523,239
65345,-412,-566,276
65366,-353,-599,319
65388,-429,-591,307
65409,-605,-582,325
65430,-700,-574,461
65452,-695,-548,617
65473,-723,-533,680
65494,-911,-599,610
65516,-1090,-622,514
65537,-935,-526,567
65558,-592,-662,662
65581,-1197,-1146,551
65602,-1020,-849,501
65624,-587,-717,481
65645,-252,-720,413
65666,-74,-845,314
65688,-8,-1139,208
65709,42,-1318,187
65730,-59,-1014,184
65752,-492,-816,239
65773,-867,-717,344
65794,-884,-516,410
65816,-800,-361,464
65837,-790,-322,437
65858,-705,-313,430
65879,-664,-390,395
65901,-480,-446,298
65923,-390,-504,259
65944,-369,-530,207
65965,-371,-491,192
65987,-487,-508,177
66008,-661,-523,280
66029,-731,-503,468
66051,-846,-556,562
66072,-1038,-666,566
66093,-1068,-698,517
66114,-883,-535,493
66136,-932,-539,342
66157,-1316,-763,419
66178,-1223,-897,846
66200,-718,-1028,893
66222,-247,-648,213
66243,76,-763,260
66264,207,-756,238
66286,-117,-742,263
66307,-526,-860,312
66328,-559,-917,321
66350,-391,-779,346
66371,-571,-709,408
66392,-893,-624,436
66414,-892,-506,407
66435,-657,-461,361
66456,-529,-479,343
66477,-486,-512,338
66499,-468,-564,279
66521,-370,-575,280
66542,-359,-534,347
66564,-437,-552,359
66585,-586,-586,392
66606,-768,-589,456
66628,-859,-538,557
66649,-831,-519,612
66670,-839,-626,569
66692,-919,-696,486
66713,-830,-613,502
66734,-601,-666,632
66756,-745,-1090,701
66777,-1187,-1284,597
66798,-1213,-883,468
66819,-728,-650,486
66841,-84,-892,323
66863,-54,-1169,184
66884,5,-1192,132
66905,47,-1002,166
66927,-162,-865,220
66948,-560,-727,335
66969,-814,-550,388
66991,-869,-345,452
67012,-879,-261,496
67033,-848,-335,454
67055,-724,-392,401
67076,-640,-398,329
67097,-578,-430,304
67119,-476,-497,296
67141,-411,-510,246
67162,-572,-508,189
67183,-737,-536,266
67205,-711,-568,414
67226,-792,-615,496
67247,-951,-675,512
67269,-927,-640,456
67290,-852,-595,332
67311,-1178,-809,267
67333,-1222,-919,750
67354,-706,-1024,1026
67375,-615,-969,659
67397,-552,-550,207
67418,-369,-528,123
67439,-65,-610,291
67461,-413,-812,367
67482,-720,-840,387
67504,-498,-806,425
67525,-465,-736,469
67546,-777,-658,458
67568,-836,-559,366
67589,-611,-520,291
67610,-451,-562,247
67632,-412,-556,246
67653,-398,-526,265
67674,-405,-558,265
67695,-405,-550,300
67717,-431,-509,363
67738,-528,-497,407
67759,-686,-484,433
67781,-884,-457,475
67803,-803,-461,528
67824,-751,-531,563
67845,-833,-624,520
67866,-881,-688,471
67888,-667,-682,590
67909,-537,-863,732
67930,-974,-1298,704
67952,-1264,-1161,547
67973,-990,-703,439
67994,-494,-558,429
68016,-131,-590,440
68037,43,-918,346
68058,62,-1432,335
68081,-228,-923,186
68102,-670,-885,291
68124,-915,-649,464
68145,-911,-390,516
68166,-870,-330,485
68188,-724,-382,468
68209,-600,-364,469
68230,-670,-385,411
68252,-720,-420,328
68273,-577,-403,286
68294,-459,-428,262
68316,-375,-451,209
68337,-393,-458,158
68358,-612,-479,160
68381,-750,-442,418
68402,-669,-455,509
68424,-904,-495,498
68445,-1072,-500,476
68466,-1021,-488,446
68488,-920,-409,407
68509,-996,-447,315
68530,-1425,-880,524
68552,-1083,-1109,880
68573,-452,-1018,864
68594,-376,-875,502
68615,-155,-743,275
68637,190,-777,252
68658,191,-749,234
68679,-360,-817,287
68701,-606,-666,322
68722,-583,-598,413
68744,-817,-585,460
68765,-843,-500,357
68786,-690,-467,285
68808,-500,-519,331
68829,-419,-549,328
68850,-485,-580,249
68872,-527,-607,212
68893,-432,-619,260
68914,-366,-628,336
68936,-395,-630,332
68957,-524,-614,286
68978,-710,-612,312
68999,-754,-566,469
69021,-736,-490,685
69043,-880,-571,613
69064,-1065,-598,487
69085,-978,-565,487
69107,-599,-764,669
69128,-663,-1359,580
69149,-1225,-1490,310
69171,-1044,-934,325
69192,-420,-684,426
69213,-93,-741,382
69234,10,-1174,258
69256,120,-1351,237
69277,188,-1141,206
69298,-42,-994,233
69320,-447,-925,256
69342,-620,-604,377
69363,-692,-489,406
69384,-719,-399,430
69406,-730,-361,419
69427,-765,-380,368
69448,-720,-377,296
69470,-616,-379,269
69491,-533,-417,251
69512,-472,-440,190
69533,-525,-433,119
69555,-660,-502,74
69576,-800,-604,68
69597,-755,-633,209
69619,-713,-667,332
69641,-861,-725,377
69662,-938,-613,284
69684,-1000,-539,219
69705,-1046,-551,233
69726,-1295,-800,514
69748,-1186,-1241,865
69769,-659,-1245,832
69790,-403,-830,461
69812,-73,-596,224
69833,322,-748,281
69854,536,-932,135
69876,38,-934,124
69897,-693,-1171,430
69918,-657,-1085,526
69941,-675,-659,554
69962,-779,-598,423
69984,-672,-557,332
70005,-519,-576,317
70026,-400,-599,309
70048,-411,-573,331
70069,-433,-561,331
70090,-404,-643,291
70112,-423,-688,304
70133,-470,-666,357
70154,-580,-661,439
70176,-640,-646,492
70197,-656,-605,540
70218,-750,-567,586
70241,-987,-576,486
70263,-995,-582,381
70284,-810,-583,346
70305,-557,-686,462
70326,-485,-1039,621
70348,-892,-1417,514
70369,-1277,-1072,372
70390,-802,-562,357
70412,-288,-459,314
70433,-106,-581,263
70454,20,-1026,229
70476,210,-1448,315
70497,170,-1086,346
70518,-271,-1000,376
70539,-595,-937,378
70561,-994,-470,409
70583,-1095,-344,452
70604,-910,-326,401
70625,-578,-376,351
70647,-555,-371,280
70668,-544,-388,222
70689,-466,-433,202
70710,-385,-495,199
70732,-371,-577,210
70753,-458,-571,197
70774,-581,-552,205
70796,-761,-539,232
70817,-858,-500,237
70838,-949,-499,269
70860,-902,-592,331
70882,-842,-712,413
70903,-1015,-631,373
70924,-1083,-579,359
70946,-1241,-733,416
70967,-1321,-1112,600
70988,-872,-1249,682
71010,-507,-978,507
71031,-266,-701,322
71052,-17,-719,222
71074,283,-930,233
71095,465,-1051,82
71116,125,-1020,52
71137,-307,-1170,359
71159,-332,-930,470
71181,-839,-566,585
71202,-1008,-477,474
71224,-852,-393,375
71245,-699,-473,357
71266,-635,-576,375
71288,-598,-557,365
71309,-517,-553,313
71330,-456,-613,276
71351,-444,-686,250
71373,-463,-737,233
71394,-575,-735,252
71415,-607,-684,350
71437,-601,-623,467
71458,-603,-581,509
71479,-660,-586,488
71501,-762,-609,326
71522,-808,-651,276
71543,-636,-814,487
71565,-598,-1130,766
71586,-780,-1335,824
71607,-913,-1037,581
71629,-915,-751,329
71650,-613,-652,219
71671,-196,-757,192
71693,128,-996,221
71714,303,-1106,288
71735,50,-982,395
71756,-421,-878,425
71778,-630,-776,419
71801,-1141,-409,490
71822,-1118,-248,441
71843,-707,-384,415
71865,-530,-415,404
71886,-561,-461,349
71907,-515,-494,269
71928,-448,-496,233
71950,-383,-541,228
71971,-411,-538,205
71992,-496,-523,185
72014,-559,-509,182
72035,-697,-506,225
72056,-801,-517,318
72078,-821,-521,419
72101,-831,-696,507
72122,-912,-664,465
72143,-1029,-619,452
72164,-1228,-715,456
72186,-1507,-893,606
72207,-1214,-1023,769
72228,-641,-1109,663
72250,-409,-770,317
72271,-132,-565,162
72292,70,-610,182
72314,94,-717,192
72335,-146,-829,292
72356,-326,-924,370
72378,-308,-982,320
72399,-309,-869,308
72421,-727,-733,405
72442,-800,-640,371
72463,-573,-561,339
72485,-443,-546,375
72506,-426,-574,408
72527,-467,-604,376
72549,-493,-608,318
72570,-471,-611,279
72591,-458,-634,262
72613,-524,-641,259
72634,-606,-617,286
72655,-672,-571,368
72677,-738,-506,475
72698,-753,-492,567
72719,-760,-598,587
72741,-924,-674,483
72762,-804,-733,608
72784,-725,-1183,700
72805,-1140,-1534,584
72826,-1328,-1147,382
72848,-785,-594,320
72869,-339,-447,357
72890,-60,-628,297
72912,162,-1172,276
72933,288,-1563,308
72954,152,-1123,389
72976,-187,-791,218
72997,-556,-846,132
73018,-768,-695,276
73039,-898,-410,418
73061,-748,-304,442
73083,-548,-342,477
73104,-665,-312,405
73125,-862,-400,281
73147,-699,-396,211
73168,-457,-357,212
73189,-472,-386,176
73210,-636,-451,124
73232,-820,-525,117
73253,-803,-600,270
73274,-700,-618,364
73296,-781,-658,436
73317,-830,-712,409
73338,-868,-680,266
73359,-1240,-968,79
73381,-765,-1069,987
73403,-538,-1017,737
73424,-491,-697,281
73445,-329,-519,129
73467,-104,-493,198
73488,-65,-610,289
73509,-349,-686,368
73531,-549,-771,367
73552,-417,-818,367
73573,-425,-778,318
73595,-696,-745,271
73616,-840,-740,312
73637,-602,-656,343
73659,-440,-573,333
73681,-508,-532,334
73702,-487,-566,262
73723,-535,-611,218
73745,-515,-613,257
73766,-491,-592,298
73787,-524,-618,303
73809,-581,-651,301
73830,-643,-630,347
73851,-690,-579,448
73873,-722,-540,570
73894,-796,-558,611
73915,-901,-588,550
73937,-925,-556,544
73958,-785,-660,647
73979,-743,-1127,707
74001,-1210,-869,378
74022,-844,-558,408
74044,-327,-500,459
74065,-5,-662,453
74086,39,-1208,382
74108,3,-1545,284
74129,-134,-1056,133
74150,-418,-796,55
74172,-655,-813,220
74193,-714,-599,409
74214,-752,-423,397
74236,-790,-334,358
74257,-657,-286,425
74278,-525,-335,510
74299,-745,-382,405
74321,-681,-395,281
74343,-513,-430,295
74364,-497,-419,246
74385,-566,-413,163
74407,-689,-460,97
74428,-807,-556,254
74449,-750,-604,465
74471,-773,-562,569
74492,-858,-556,586
74513,-890,-548,503
74534,-942,-515,362
74556,-993,-499,209
74577,-1278,-749,191
74599,-1313,-1091,845
74621,-569,-792,684
74643,-379,-642,350
74664,-4,-647,243
74685,259,-605,153
74707,116,-599,155
74728,-507,-859,297
74749,-931,-992,432
74771,-651,-789,440
74792,-723,-693,496
74813,-977,-616,502
74835,-731,-471,334
74856,-493,-479,254
74877,-389,-554,280
74899,-266,-557,263
74921,-414,-560,210
74942,-393,-569,242
74963,-389,-623,300
74985,-464,-663,304
75006,-667,-685,329
75027,-843,-640,434
75048,-858,-519,528
75070,-765,-456,577
75091,-758,-528,569
75112,-898,-584,561
75134,-920,-599,630
75155,-761,-857,744
75176,-959,-1287,694
75198,-1328,-1129,515
75219,-875,-668,452
75241,-84,-728,362
75262,40,-1099,257
75283,63,-1361,278
75305,-92,-970,205
75326,-424,-807,147
75347,-784,-828,255
75369,-845,-576,369
75390,-732,-385,418
75411,-694,-343,467
75433,-578,-407,513
75454,-568,-460,470
75475,-770,-482,328
75497,-742,-484,263
75518,-555,-458,263
75539,-476,-451,219
75561,-604,-493,99
75582,-682,-587,174
75604,-702,-632,325
75625,-770,-594,440
75646,-855,-569,490
75668,-811,-612,405
75689,-803,-615,259
75710,-1030,-711,100
75732,-1255,-1037,460
75753,-794,-1063,924
75774,-746,-1067,866
75796,-685,-780,396
75817,-286,-528,207
75838,54,-520,229
75861,-629,-748,395
75883,-670,-639,383
75904,-365,-688,363
75925,-384,-857,355
75946,-649,-786,359
75968,-730,-644,368
75989,-588,-577,356
76010,-497,-552,347
76032,-481,-521,357
76053,-507,-516,347
76074,-547,-512,337
76096,-507,-519,313
76117,-493,-550,282
76138,-514,-563,294
76159,-523,-578,310
76181,-809,-582,445
76203,-835,-528,583
76224,-865,-505,636
76245,-915,-562,527
76267,-853,-647,453
76288,-551,-709,599
76309,-424,-1056,782
76331,-884,-1474,778
76352,-1201,-1089,542
76373,-791,-580,372
76394,-227,-558,348
76416,12,-951,269
76437,47,-1465,236
76458,34,-1217,256
76480,-254,-879,240
76502,-865,-606,385
76523,-798,-398,440
76544,-776,-335,477
76566,-695,-318,510
76587,-676,-382,466
76608,-718,-421,361
76630,-619,-440,292
76651,-537,-421,253
76672,-479,-422,229
76693,-446,-405,194
76715,-516,-409,147
76736,-682,-426,124
76757,-843,-452,254
76779,-965,-540,398
76801,-897,-829,373
76822,-698,-739,305
76844,-742,-784,171
76865,-1112,-1054,302
76886,-861,-1021,867
76908,-670,-937,1003
76929,-595,-666,540
76950,-341,-415,150
76972,-113,-515,189
76993,-278,-699,483
77014,-634,-701,616
77036,-631,-598,515
77057,-444,-693,407
77078,-418,-771,350
77101,-419,-607,278
77122,-439,-559,312
77144,-569,-570,369
77165,-648,-550,409
77186,-756,-521,427
77208,-796,-531,387
77229,-632,-573,324
77250,-452,-591,333
77272,-368,-594,341
77293,-389,-641,301
77314,-504,-697,313
77336,-621,-668,409
77357,-712,-608,535
77378,-726,-596,621
77400,-754,-621,594
77422,-820,-612,596
77443,-686,-833,749
77464,-917,-1226,659
77486,-1335,-1173,483
77507,-865,-812,390
77528,-279,-617,359
77550,-58,-780,303
77571,-63,-1128,280
77592,38,-1249,263
77614,-43,-1026,235
77635,-486,-862,226
77656,-778,-715,295
77678,-800,-511,354
77699,-783,-384,416
77721,-710,-381,471
77742,-692,-428,350
77764,-639,-461,259
77785,-527,-513,234
77806,-430,-533,235
77827,-438,-552,196
77849,-535,-566,161
77870,-623,-569,189
77892,-649,-554,260
77913,-692,-538,370
77934,-776,-545,399
77955,-872,-582,409
77977,-901,-654,401
77998,-880,-636,348
78019,-910,-640,249
78041,-1002,-1020,686
78063,-679,-920,840
78084,-674,-886,551
78105,-480,-658,231
78127,-258,-585,200
78148,-126,-641,254
78169,-239,-703,344
78191,-479,-800,430
78212,-538,-923,450
78233,-427,-841,389
78255,-471,-743,364
78276,-704,-658,368
78297,-784,-534,342
78319,-629,-439,302
78341,-430,-493,329
78362,-453,-546,308
78384,-514,-597,238
78405,-550,-611,236
78426,-561,-595,336
78448,-599,-581,398
78469,-732,-583,395
78490,-793,-545,421
78512,-775,-461,465
78533,-754,-445,459
78554,-710,-572,444
78576,-727,-709,416
78597,-769,-739,409
78618,-645,-727,543
78641,-944,-1238,766
78663,-1229,-1143,651
78684,-951,-675,478
78705,-415,-499,418
78727,-79,-712,326
78748,-31,-1068,243
78769,-12,-1261,247
78791,-32,-1045,279
78812,-427,-862,253
78833,-922,-782,273
78855,-1008,-510,353
78876,-881,-286,442
78897,-733,-267,485
78919,-629,-335,473
78941,-607,-470,275
78962,-536,-524,219
78984,-440,-525,214
79005,-403,-532,223
79026,-552,-538,157
79048,-726,-531,235
79069,-687,-495,418
79090,-758,-503,473
79112,-993,-619,430
79133,-960,-746,367
79154,-827,-656,303
79176,-729,-510,313
79197,-706,-439,321
79218,-973,-642,312
79241,-835,-973,844
79263,-528,-817,694
79284,-450,-650,380
79305,-137,-605,266
79326,30,-718,250
79348,-266,-783,315
79369,-628,-773,328
79391,-577,-793,325
79412,-389,-818,377
79433,-479,-756,408
79454,-667,-654,387
79476,-640,-550,357
79497,-549,-509,366
79519,-543,-512,392
79541,-538,-529,300
79562,-512,-583,260
79583,-497,-609,278
79605,-491,-597,326
79626,-551,-611,338
79647,-683,-635,350
79669,-721,-630,413
79690,-683,-593,516
79711,-703,-545,602
79733,-799,-568,584
79754,-921,-608,486
79775,-871,-579,475
79797,-557,-642,622
79818,-564,-1000,742
79839,-977,-1316,652
79861,-793,-634,419
79883,-178,-580,465
79904,50,-786,354
79925,-29,-1188,278
79947,-60,-1265,233
79968,-206,-1005,172
79989,-562,-931,225
80011,-757,-791,329
80032,-762,-569,400
80053,-764,-466,455
80075,-635,-410,485
80096,-573,-407,513
80117,-723,-485,441
80139,-764,-479,302
80161,-484,-513,284
80182,-411,-529,251
80203,-414,-539,189
80225,-489,-541,147
80246,-606,-549,185
80267,-653,-559,303
80289,-718,-577,374
80310,-874,-603,406
80332,-979,-603,407
80353,-982,-533,438
80374,-909,-476,449
80395,-857,-473,401
80417,-860,-435,338
80438,-884,-374,322
80459,-1015,-470,345
80481,-1144,-1094,773
80503,-774,-973,680
80524,-295,-710,485
80545,-19,-687,311
80567,129,-741,187
80588,93,-696,144
80609,-229,-735,225
80631,-609,-907,370
80652,-564,-849,426
80673,-526,-739,432
80695,-852,-693,449
80716,-900,-565,408
80737,-671,-508,360
80759,-545,-533,347
80781,-608,-484,315
80802,-537,-516,264
80823,-432,-601,226
80845,-439,-641,254
80866,-482,-615,306
80887,-539,-619,329
80909,-651,-648,327
80930,-686,-609,384
80951,-627,-526,497
80973,-666,-513,563
80994,-806,-582,566
81015,-972,-633,506
81037,-988,-585,474
81058,-642,-624,562
81079,-517,-975,679
81101,-1096,-1129,375
81123,-769,-722,331
81144,-206,-599,357
81165,116,-723,313
81187,98,-1203,261
81208,-53,-1514,286
81229,-392,-1039,257
81250,-771,-847,344
81272,-869,-680,413
81293,-808,-473,403
81314,-792,-430,396
81336,-764,-439,390
81357,-646,-449,395
81378,-556,-515,360
81401,-472,-503,225
81423,-458,-495,206
81444,-475,-511,218
81465,-555,-527,243
81486,-630,-486,271
81508,-710,-451,304
81529,-824,-473,269
81550,-934,-461,280
81572,-789,-491,336
81593,-661,-616,326
81614,-783,-665,318
81636,-913,-608,284
81657,-885,-556,236
81678,-911,-630,228
81700,-1149,-981,436
81722,-759,-1254,845
81743,-406,-888,467
81764,-42,-616,263
81786,269,-668,188
81807,226,-875,55
81828,-260,-948,174
81850,-671,-1019,354
81871,-561,-918,415
81892,-406,-741,465
81913,-604,-724,506
81935,-782,-649,430
81956,-739,-512,344
81977,-583,-555,334
81999,-450,-683,354
82021,-476,-665,307
82042,-515,-695,317
82064,-491,-699,338
82085,-445,-663,328
82106,-473,-642,311
82128,-566,-624,297
82149,-625,-621,339
82170,-657,-620,452
82192,-679,-586,546
82213,-731,-548,568
82234,-780,-529,537
82256,-761,-538,467
82277,-715,-572,399
82298,-659,-624,370
82319,-595,-809,356
82341,-866,-1306,430
82363,-655,-1064,427
82384,-423,-714,268
82405,-353,-638,165
82427,-249,-1036,92
82448,-200,-1393,170
82469,-334,-969,272
82491,-544,-878,348
82512,-566,-776,387
82533,-570,-664,389
82555,-589,-648,332
82576,-643,-601,267
82597,-619,-564,239
82619,-491,-592,252
82641,-429,-627,236
82662,-469,-651,235
82683,-552,-672,242
82705,-651,-650,263
82726,-750,-609,284
82747,-785,-572,286
82769,-758,-530,257
82790,-713,-503,220
82811,-672,-497,205
82833,-642,-530,190
82854,-655,-602,152
82875,-715,-668,125
82897,-813,-679,162
82918,-815,-668,192
82939,-775,-660,183
82961,-1053,-822,102
82982,-1235,-1019,203
83004,-870,-1074,423
83025,-490,-871,447
83046,-425,-618,318
83068,-351,-551,227
83089,-238,-632,193
83110,-187,-763,207
83132,-156,-837,289
83153,-216,-980,409
83174,-296,-1130,507
83196,-346,-1074,539
83217,-573,-929,553
83238,-910,-801,490
83261,-547,-644,360
83283,-309,-697,364
83304,-320,-691,384
83325,-431,-728,413
83346,-424,-771,398
83368,-448,-765,352
83389,-549,-707,372
83410,-687,-596,438
83432,-805,-439,405
83453,-807,-327,306
83474,-703,-333,267
83496,-620,-401,307
83517,-642,-442,338
83538,-773,-489,315
83559,-857,-635,233
83582,-547,-838,352
83603,-190,-805,841
83624,-547,-1324,1047
83646,-1427,-1765,960
83667,-1548,-872,682
83688,-749,-300,280
83709,-121,-574,344
83731,153,-1203,332
83752,223,-1538,377
83773,37,-959,342
83795,-219,-867,338
83816,-379,-864,382
83837,-377,-697,411
83859,-469,-604,411
83881,-707,-499,346
83902,-671,-504,349
83924,-705,-478,329
83945,-713,-421,313
83966,-681,-401,299
83988,-594,-411,278
84009,-549,-444,229
84030,-597,-465,187
84051,-606,-462,209
84073,-561,-438,289
84094,-580,-416,369
84115,-571,-429,406
84137,-780,-431,335
84158,-987,-513,311
84179,-845,-613,400
84201,-696,-407,480
84223,-1077,-713,178
84244,-1910,-1624,598
84265,-872,-1233,1131
84286,-115,-950,814
84308,-169,-999,248
84329,36,-738,125
84350,392,-674,196
84372,227,-915,68
84393,-415,-965,358
84414,-1008,-810,395
84436,-614,-539,447
84457,-560,-493,522
84478,-1010,-554,407
84499,-906,-520,310
84521,-367,-565,312
84543,-360,-576,254
84564,-387,-572,214
84585,-409,-607,263
84607,-418,-614,306
84628,-530,-620,289
84649,-693,-624,337
84671,-700,-572,427
84692,-670,-529,477
84713,-727,-522,455
84735,-862,-536,426
84756,-902,-537,406
84777,-845,-569,372
84799,-671,-632,486
84821,-705,-1237,702
84842,-1242,-1406,572
84863,-1236,-904,517
84885,-680,-631,529
84906,-248,-622,483
84927,76,-823,415
84949,280,-1236,344
84970,188,-1397,218
84991,-366,-973,80
85013,-777,-878,172
85034,-730,-794,386
85055,-675,-558,476
85076,-799,-392,421
85098,-821,-323,379
85121,-458,-419,483
85142,-758,-416,343
85163,-880,-410,235
85185,-551,-468,216
85206,-436,-467,207
85227,-452,-461,185
85249,-496,-471,198
85270,-534,-457,260
85291,-580,-457,309
85313,-735,-493,335
85334,-913,-554,396
85355,-961,-608,447
85376,-970,-637,435
85398,-910,-554,402
85419,-1100,-699,228
85441,-1057,-1119,944
85462,-556,-897,765
85484,-284,-751,290
85505,-91,-845,150
85526,80,-734,197
85548,8,-679,234
85569,-346,-760,350
85590,-618,-750,382
85611,-584,-780,365
85633,-531,-774,332
85654,-799,-697,337
85675,-953,-620,364
85697,-725,-499,337
85718,-514,-498,304
85739,-461,-559,277
85761,-443,-583,224
85782,-491,-638,199
85804,-476,-601,244
85825,-446,-573,299
85846,-549,-591,299
85868,-679,-603,310
85889,-732,-592,362
85910,-754,-560,434
85932,-826,-549,469
85953,-951,-608,427
85974,-956,-640,371
85996,-784,-636,393
86017,-517,-776,582
86038,-581,-1198,707
86061,-1127,-1056,473
86083,-785,-636,437
86104,-281,-588,391
86125,-12,-859,314
86146,163,-1271,286
86168,236,-1215,293
86189,-227,-931,162
86210,-794,-973,136
86232,-1077,-701,233
86253,-1014,-381,367
86274,-830,-253,442
86296,-722,-250,490
86317,-574,-334,451
86338,-602,-427,307
86359,-621,-514,227
86382,-380,-555,209
86403,-384,-552,162
86424,-536,-511,105
86446,-646,-533,158
86467,-652,-571,251
86488,-697,-592,280
86510,-852,-615,267
86531,-987,-635,250
86552,-1055,-665,224
86573,-1011,-681,217
86595,-878,-662,252
86616,-926,-686,274
86638,-1081,-933,467
86659,-978,-1140,750
86681,-417,-596,364
86702,-122,-545,206
86724,131,-675,182
86745,41,-767,196
86766,-458,-805,284
86788,-667,-786,322
86809,-486,-771,335
86830,-503,-793,381
86852,-817,-707,371
86873,-938,-543,282
86894,-791,-498,248
86916,-553,-546,274
86937,-369,-567,281
86958,-366,-597,262
86981,-473,-643,245
87003,-508,-620,305
87024,-523,-552,353
87045,-575,-543,364
87066,-620,-563,369
87088,-648,-580,421
87109,-715,-613,477
87130,-808,-713,507
87152,-875,-770,497
87173,-794,-745,456
87194,-525,-870,521
87216,-458,-1337,610
87237,-848,-1412,490
87258,-1213,-807,278
87279,-677,-520,185
87301,-49,-1150,243
87323,-215,-1099,319
87344,-556,-962,407
87365,-718,-832,428
87387,-848,-686,367
87408,-846,-576,262
87429,-687,-476,249
87451,-625,-413,340
87472,-567,-398,344
87493,-580,-405,276
87515,-613,-383,239
87536,-523,-447,239
87557,-447,-481,236
87578,-489,-471,199
87600,-576,-491,161
87622,-760,-576,169
87643,-871,-602,232
87664,-947,-570,272
87686,-961,-598,341
87707,-873,-610,377
87728,-791,-597,366
87750,-828,-554,345
87771,-880,-476,273
87792,-1173,-666,322
87813,-1310,-970,798
87835,-966,-858,882
87856,-744,-707,540
87877,-455,-602,245
87899,-16,-625,279
87921,153,-761,184
87942,-574,-888,337
87964,-844,-862,344
87985,-441,-751,370
88006,-653,-758,365
88028,-1018,-625,364
88049,-857,-467,398
88070,-587,-448,392
88092,-446,-471,335
88113,-477,-523,228
88134,-548,-540,221
88155,-469,-541,279
88177,-342,-565,312
88198,-419,-614,308
88219,-562,-614,308
88240,-693,-645,409
88262,-692,-618,540
88283,-789,-578,621
88304,-907,-556,614
88326,-912,-584,644
88347,-798,-775,702
88368,-939,-1101,598
88390,-1228,-1115,391
88411,-956,-825,395
88432,-286,-650,457
88454,65,-682,346
88475,-12,-990,272
88496,-59,-1395,293
88518,-107,-1191,247
88539,-367,-960,224
88561,-803,-741,372
88582,-776,-619,456
88604,-767,-497,534
88625,-756,-376,548
88646,-630,-362,479
88668,-558,-394,366
88689,-575,-406,294
88710,-561,-392,283
88732,-516,-390,311
88753,-506,-406,316
88774,-554,-407,306
88796,-620,-409,305
88817,-691,-432,348
88838,-655,-489,399
88861,-871,-612,467
88882,-919,-649,499
88904,-929,-641,485
88925,-903,-585,427
88946,-937,-567,332
88968,-1285,-793,411
88989,-1160,-1039,765
89010,-506,-935,865
89032,-353,-744,568
89053,-318,-535,253
89074,-103,-538,181
89096,-6,-724,258
89117,-322,-917,372
89138,-648,-848,434
89159,-562,-657,448
89181,-760,-703,464
89203,-861,-602,346
89224,-660,-529,278
89245,-461,-528,292
89267,-465,-507,332
89288,-528,-468,330
89309,-582,-489,310
89330,-566,-548,312
89352,-490,-574,336
89373,-552,-584,348
89394,-674,-573,358
89416,-701,-532,411
89437,-667,-517,463
89458,-664,-531,474
89481,-702,-628,490
89502,-802,-695,476
89524,-838,-696,482
89545,-657,-663,577
89566,-611,-835,635
89588,-1040,-1131,622
89609,-1275,-1037,514
89630,-965,-704,437
89652,-330,-582,505
89673,25,-695,412
89694,-62,-1009,313
89716,-263,-1286,286
89737,-319,-1114,253
89758,-343,-847,236
89781,-815,-673,298
89802,-778,-437,373
89824,-806,-338,441
89845,-712,-261,507
89866,-632,-325,484
89888,-628,-414,405
89909,-616,-440,327
89930,-588,-463,304
89952,-522,-492,298
89973,-494,-493,253
89994,-541,-505,183
90016,-626,-532,197
90037,-582,-583,359
90058,-466,-613,466
90079,-662,-615,454
90101,-928,-532,454
90123,-918,-524,451
90144,-864,-499,386
90165,-1003,-587,381
90186,-1256,-968,635
90208,-1035,-1147,861
90229,-626,-982,780
90250,-440,-777,441
90272,-146,-614,238
90293,134,-613,185
90314,-4,-718,166
90336,-372,-781,267
90357,-609,-758,335
90378,-522,-750,411
90399,-525,-750,473
90421,-820,-575,436
90443,-653,-540,388
90464,-574,-538,377
90485,-568,-502,350
90507,-524,-494,301
90528,-476,-563,264
90549,-451,-619,284
90571,-445,-598,348
90592,-509,-582,377
90613,-675,-584,390
90634,-741,-556,436
90656,-669,-551,466
90677,-659,-592,489
90699,-688,-606,516
90721,-925,-637,492
90742,-874,-588,521
90763,-611,-651,598
90785,-596,-965,601
90806,-926,-1188,589
90827,-958,-965,567
90849,-633,-724,501
90870,-272,-655,436
90891,-84,-774,336
90913,-147,-1099,273
90934,-268,-1203,300
90955,-461,-925,246
90977,-775,-880,214
90998,-856,-751,297
91019,-722,-546,367
91041,-690,-338,486
91062,-687,-312,472
91084,-602,-407,417
91105,-556,-460,316
91126,-557,-458,235
91148,-462,-494,204
91169,-430,-504,170
91190,-529,-420,121
91212,-635,-427,220
91233,-538,-476,401
91254,-590,-522,436
91276,-957,-606,416
91297,-1071,-627,445
91318,-935,-605,403
91341,-783,-557,314
91362,-889,-622,273
91384,-1185,-957,509
91405,-1076,-1139,722
91426,-742,-900,702
91448,-424,-700,482
91469,-166,-626,222
91490,0,-660,141
91512,-92,-766,161
91533,-390,-792,229
91554,-575,-771,310
91576,-487,-816,359
91597,-464,-829,388
91618,-767,-752,416
91641,-733,-540,331
91662,-473,-563,329
91684,-431,-557,309
91705,-542,-563,237
91726,-558,-607,179
91748,-460,-637,203
91769,-431,-625,272
91790,-525,-617,311
91812,-623,-619,328
91833,-658,-605,344
91854,-623,-582,373
91876,-602,-573,390
91897,-648,-579,416
91918,-738,-586,447
91939,-843,-594,469
91961,-839,-607,508
91983,-589,-778,536
92004,-785,-1176,432
92026,-1185,-1246,292
92047,-977,-955,343
92068,-386,-782,422
92090,-89,-811,384
92111,-92,-975,318
92132,-143,-1170,294
92153,-215,-1205,185
92175,-400,-1154,78
92196,-549,-1044,91
92217,-559,-877,179
92239,-572,-718,281
92261,-746,-359,380
92282,-709,-319,431
92304,-600,-366,422
92325,-569,-427,325
92346,-637,-421,230
92367,-587,-391,193
92389,-519,-412,189
92410,-557,-441,154
92431,-655,-449,131
92453,-756,-513,102
92474,-859,-628,140
92495,-692,-702,265
92517,-583,-723,284
92538,-715,-777,290
92559,-830,-724,243
92581,-1060,-610,219
92603,-1350,-953,373
92624,-1277,-1261,664
92645,-819,-1140,793
92666,-457,-799,553
92688,-100,-489,176
92709,191,-589,36
92730,219,-813,55
92752,-233,-975,94
92773,-588,-988,249
92794,-357,-878,370
92816,-361,-863,436
92837,-824,-840,447
92858,-960,-623,385
92880,-739,-539,357
92902,-431,-555,297
92923,-488,-553,243
92944,-515,-612,194
92966,-463,-631,198
92987,-439,-620,246
93008,-497,-639,293
93030,-581,-640,299
93051,-789,-609,280
93072,-698,-579,389
93094,-631,-627,448
93115,-660,-669,456
93136,-788,-696,452
93158,-824,-697,397
93179,-782,-657,386
93201,-700,-1203,389
93222,-1025,-1440,305
93244,-962,-1059,333
93265,-504,-738,375
93286,-155,-742,317
93308,-36,-822,261
93329,-58,-985,217
93350,-76,-1162,199
93372,-167,-1155,173
93393,-521,-1050,129
93414,-710,-951,198
93436,-572,-768,336
93457,-561,-592,403
93478,-703,-483,389
93499,-777,-438,331
93521,-589,-503,218
93543,-545,-481,211
93564,-480,-470,194
93585,-480,-489,124
93607,-504,-518,81
93628,-530,-516,85
93649,-658,-496,82
93671,-812,-501,93
93692,-868,-525,201
93713,-830,-543,267
93734,-873,-570,302
93756,-872,-658,312
93777,-878,-744,280
93798,-908,-735,180
93821,-1118,-988,221
93842,-1174,-1437,463
93864,-758,-1349,619
93885,-156,-864,462
93906,66,-667,190
93928,159,-727,76
93949,164,-854,43
93970,-104,-996,149
93992,-575,-1097,346
94013,-567,-898,438
94034,-318,-687,495
94056,-603,-736,499
94077,-842,-694,416
94098,-685,-581,362
94119,-476,-638,375
94141,-470,-709,253
94163,-538,-720,220
94184,-476,-725,262
94205,-435,-724,307
94227,-459,-714,326
94248,-536,-690,309
94269,-594,-670,316
94291,-581,-659,345
94312,-630,-686,398
94333,-715,-690,481
94355,-783,-630,540
94376,-822,-557,512
94397,-835,-526,423
94419,-791,-557,346
94441,-614,-817,492
94462,-724,-1164,507
94483,-1024,-1314,480
94505,-849,-986,447
94526,-418,-684,359
94547,-97,-614,310
94569,136,-739,254
94590,108,-1020,210
94611,-184,-1239,202
94633,-517,-1075,203
94654,-754,-848,277
94675,-843,-761,390
94697,-837,-611,446
94718,-788,-453,465
94739,-741,-375,436
94761,-615,-420,261
94782,-627,-428,190
94804,-537,-455,171
94825,-471,-521,157
94846,-548,-581,122
94868,-684,-595,95
94889,-734,-562,114
94910,-718,-539,136
94932,-776,-546,129
94953,-852,-529,165
94974,-796,-494,231
94996,-773,-538,234
95017,-822,-668,235
95038,-840,-750,201
95061,-845,-664,125
95082,-948,-727,135
95104,-962,-968,312
95125,-966,-1143,504
95146,-937,-1035,556
95168,-648,-782,354
95189,-270,-542,152
95210,3,-574,98
95232,54,-729,93
95253,-258,-815,170
95274,-492,-842,304
95296,-411,-905,380
95317,-502,-926,402
95338,-720,-803,361
95361,-727,-713,269
95382,-526,-645,269
95404,-508,-569,267
95425,-552,-530,281
95446,-586,-526,275
95468,-587,-546,257
95489,-520,-601,238
95510,-504,-640,232
95532,-564,-660,220
95553,-637,-661,229
95574,-605,-637,272
95596,-570,-629,319
95617,-599,-640,361
95638,-656,-677,393
95659,-762,-741,393
95681,-886,-728,437
95703,-667,-853,585
95724,-685,-1151,552
95745,-1079,-1287,388
95767,-1218,-978,363
95788,-673,-632,387
95809,-261,-660,338
95831,-126,-826,279
95852,-16,-977,254
95873,-18,-1142,228
95894,-150,-1155,111
95916,-456,-938,72
95937,-544,-805,211
95959,-621,-722,245
95981,-670,-569,253
96002,-667,-506,345
96023,-599,-474,326
96045,-577,-458,277
96066,-626,-484,215
96087,-641,-500,173
96108,-596,-478,159
96130,-580,-480,110
96151,-625,-495,48
96172,-705,-528,1
96194,-798,-563,21
96215,-793,-574,128
96236,-864,-617,202
96258,-975,-684,226
96279,-922,-734,162
96301,-1055,-877,-58
96322,-993,-1118,437
96343,-578,-1193,796
96365,-603,-1110,676
96386,-579,-627,352
96407,-303,-352,196
96429,-149,-670,190
96450,-339,-767,215
96471,-592,-606,244
96493,-608,-709,307
96514,-392,-782,387
96535,-489,-776,418
96557,-713,-760,328
96578,-730,-696,245
96599,-562,-662,267
96621,-504,-634,236
96642,-541,-619,209
96664,-490,-602,211
96685,-444,-597,230
96706,-451,-622,224
96728,-483,-650,241
96749,-583,-659,249
96770,-650,-654,283
96792,-637,-666,316
96813,-706,-661,337
96834,-753,-608,403
96856,-804,-612,419
96877,-885,-642,366
96898,-894,-647,337
96919,-663,-664,465
96941,-741,-1261,628
96963,-1098,-1263,538
96984,-1268,-810,410
97005,-731,-522,366
97027,-172,-670,398
97048,31,-1027,364
97069,45,-1322,316
97091,-41,-1227,229
97112,-362,-917,111
97133,-662,-825,82
97155,-770,-753,174
97176,-716,-589,253
97197,-683,-418,313
97219,-737,-328,375
97240,-708,-273,420
97262,-678,-374,319
97283,-681,-448,231
97304,-599,-441,176
97326,-527,-433,145
97347,-558,-471,85
97368,-706,-514,28
97390,-739,-578,194
97411,-590,-652,352
97432,-733,-738,359
97454,-974,-768,298
97475,-884,-659,226
97496,-794,-580,167
97518,-962,-689,85
97541,-927,-1150,841
97562,-693,-906,759
97583,-609,-633,424
97605,-280,-482,238
97626,49,-569,233
97647,33,-686,192
97669,-409,-812,256
97690,-736,-870,339
97711,-540,-787,356
97733,-420,-769,336
97754,-697,-802,328
97775,-723,-702,315
97797,-527,-605,305
97818,-470,-588,321
97839,-464,-560,326
97861,-536,-584,229
97882,-533,-619,234
97904,-495,-636,254
97925,-518,-660,248
97946,-583,-694,253
97968,-607,-715,285
97989,-626,-697,324
98010,-641,-661,395
98032,-701,-645,468
98053,-770,-673,504
98074,-860,-666,463
98096,-949,-597,488
98117,-799,-693,643
98138,-630,-1139,730
98159,-867,-1383,538
98181,-825,-557,214
98202,-262,-540,290
98224,61,-922,323
98245,31,-1341,338
98266,-44,-1293,291
98288,-337,-1025,143
98309,-694,-887,83
98330,-730,-752,151
98352,-655,-573,210
98373,-653,-463,283
98394,-634,-418,368
98416,-590,-394,396
98437,-575,-426,315
98458,-598,-476,189
98481,-486,-514,101
98502,-526,-516,53
98524,-641,-556,35
98545,-666,-591,159
98566,-676,-582,300
98588,-798,-594,359
98609,-939,-622,351
98630,-908,-610,307
98652,-844,-576,237
98673,-874,-556,144
98694,-1061,-741,-4
98716,-1314,-1239,498
98737,-792,-1283,1047
98758,-544,-1074,738
98779,-596,-697,117
98801,54,-609,205
98823,208,-734,185
98844,-213,-754,242
98865,-874,-831,247
98887,-692,-830,328
98908,-367,-752,359
98929,-788,-787,322
98951,-863,-668,313
98972,-572,-541,306
98993,-484,-562,294
99015,-483,-573,264
99036,-474,-583,195
99057,-481,-593,161
99079,-422,-583,228
99101,-531,-681,247
99122,-724,-713,234
99144,-756,-658,323
99165,-772,-609,341
99186,-757,-597,363
99208,-721,-603,420
99229,-773,-629,382
99250,-982,-674,295
99272,-870,-621,454
99293,-546,-809,599
99314,-865,-1302,557
99335,-1170,-1409,416
99357,-942,-958,328
99378,-525,-674,371
99399,-177,-739,327
99421,83,-1148,280
99442,-58,-1104,244
99464,-415,-819,113
99485,-736,-781,45
99506,-866,-746,120
99528,-730,-597,227
99549,-668,-508,296
99570,-689,-405,382
99592,-721,-368,450
99613,-718,-483,336
99634,-692,-526,174
99655,-594,-498,136
99677,-467,-509,138
99698,-480,-493,98
99719,-590,-496,54
99741,-611,-556,269
99762,-683,-590,333
99784,-851,-634,314
99805,-887,-681,313
99826,-807,-667,273
99848,-814,-588,213
99869,-900,-625,119
99890,-1295,-1030,299
99912,-1172,-1312,752
99933,-635,-975,707
99954,-486,-560,367
99976,-179,-466,198
99997,70,-699,125
100018,-131,-840,116
100039,-478,-818,223
100061,-636,-831,339
100083,-536,-760,357
100104,-721,-699,367
100125,-768,-602,306
100146,-628,-591,262
100168,-496,-636,252
100189,-472,-612,209
100210,-518,-577,218
100232,-508,-588,219
100253,-443,-610,236
100274,-398,-635,262
100296,-439,-690,226
100317,-591,-743,179
100338,-715,-721,239
100361,-731,-600,536
100382,-892,-571,517
100404,-1091,-594,415
100425,-1078,-545,400
100446,-799,-566,520
100468,-577,-927,544
100489,-933,-1367,461
100510,-1169,-1273,394
100532,-662,-820,366
100553,-155,-660,331
100574,65,-880,288
100595,151,-1203,219
100617,-39,-1201,145
100638,-456,-925,78
100659,-721,-883,114
100681,-791,-508,283
100703,-741,-345,366
100724,-717,-286,433
100745,-706,-293,398
100766,-682,-375,267
100788,-659,-420,192
100809,-576,-415,184
100830,-515,-411,154
100852,-592,-435,55
100873,-753,-502,-32
100894,-802,-648,89
100916,-756,-733,266
100937,-807,-724,353
100958,-901,-693,342
100981,-785,-580,150
101002,-983,-685,61
101024,-1230,-961,381
101045,-939,-951,727
101066,-681,-798,663
101088,-594,-611,374
101109,-256,-511,228
101130,19,-668,219
101151,-60,-833,210
101173,-488,-844,241
101194,-680,-839,268
101215,-458,-849,313
101237,-486,-821,346
101258,-759,-712,301
101279,-816,-595,226
101301,-562,-560,281
101322,-545,-547,293
101344,-573,-542,260
101365,-578,-582,205
101386,-522,-612,180
101408,-507,-626,212
101429,-530,-642,222
101450,-594,-679,211
101472,-670,-699,251
101493,-686,-676,333
101514,-707,-639,424
101535,-758,-643,462
101557,-829,-660,414
101578,-908,-651,339
101599,-935,-610,408
101621,-686,-1036,552
101642,-993,-1124,399
101664,-1162,-907,280
101685,-655,-607,342
101706,-117,-622,343
101728,85,-891,298
101749,56,-1240,224
101770,-150,-1329,177
101792,-445,-1044,106
101813,-752,-904,108
101834,-856,-740,209
101856,-750,-545,270
101877,-732,-423,325
101898,-738,-381,374
101919,-717,-378,367
101941,-634,-471,206
101963,-567,-476,178
101984,-495,-479,164
102005,-437,-491,120
102026,-495,-497,70
102048,-580,-539,114
102069,-641,-624,194
102090,-739,-687,246
102112,-827,-724,280
102133,-901,-773,292
102154,-868,-750,257
102176,-820,-647,230
102197,-802,-576,210
102218,-1036,-659,97
102241,-1094,-1061,703
102262,-682,-833,699
102284,-587,-631,405
102305,-273,-589,196
102326,51,-642,101
102348,69,-712,79
102369,-223,-794,203
102390,-527,-828,359
102412,-578,-833,382
102433,-573,-828,351
102454,-795,-808,375
102476,-843,-645,348
102497,-612,-581,305
102518,-485,-606,283
102539,-461,-567,237
102561,-560,-567,192
102583,-567,-582,240
102604,-528,-566,284
102625,-568,-610,263
102646,-703,-657,204
102668,-757,-653,204
102689,-702,-602,291
102710,-699,-545,346
102732,-750,-528,392
102753,-792,-598,418
102774,-831,-662,370
102796,-833,-639,390
102817,-666,-723,561
102838,-689,-1063,644
102861,-1268,-1034,456
102882,-848,-593,388
102904,-233,-559,384
102925,101,-859,355
102946,55,-1231,323
102968,-104,-1308,253
102989,-347,-904,134
103010,-653,-798,64
103031,-880,-835,148
103053,-880,-631,287
103074,-722,-405,388
103095,-690,-285,437
103117,-661,-293,459
103138,-659,-433,374
103159,-735,-492,246
103181,-549,-457,201
103202,-507,-479,166
103224,-591,-476,78
103245,-727,-480,53
103266,-673,-500,240
103288,-606,-539,325
103309,-825,-608,357
103330,-967,-708,349
103352,-870,-738,293
103373,-794,-632,240
103394,-983,-654,90
103415,-1356,-1040,318
103437,-926,-1142,803
103458,-491,-773,744
103479,-594,-502,373
103501,-186,-694,192
103522,-78,-742,220
103544,-365,-710,277
103565,-689,-678,303
103586,-588,-738,342
103608,-466,-803,360
103629,-721,-773,337
103650,-905,-679,311
103672,-734,-609,287
103693,-585,-593,277
103714,-493,-559,262
103736,-496,-532,167
103757,-542,-583,109
103778,-468,-612,196
103799,-439,-615,263
103821,-589,-679,307
103843,-628,-684,284
103864,-628,-674,268
103885,-662,-672,300
103906,-691,-615,367
103928,-740,-566,412
103949,-806,-574,413
103970,-882,-601,408
103992,-907,-567,482
104013,-745,-676,625
104034,-699,-1060,666
104056,-965,-1308,461
104077,-1142,-1182,299
104098,-727,-787,377
104121,152,-720,331
104142,197,-1046,284
104164,26,-1369,277
104185,-237,-1301,215
104206,-461,-971,146
104228,-681,-897,220
104249,-802,-788,328
104270,-730,-603,371
104292,-651,-495,394
104313,-604,-477,385
104334,-596,-524,344
104356,-648,-543,292
104377,-655,-548,234
104398,-586,-541,239
104419,-551,-528,229
104441,-582,-579,165
104463,-623,-640,147
104484,-707,-691,140
104505,-765,-732,155
104526,-708,-728,173
104548,-691,-728,149
104569,-827,-740,112
104590,-945,-739,116
104612,-983,-708,152
104633,-886,-634,225
104654,-810,-654,243
104676,-791,-639,209
104697,-708,-666,283
104718,-671,-858,368
104741,-1334,-973,563
104762,-999,-866,589
104784,-350,-630,457
104805,-61,-513,346
104826,-143,-590,328
104848,-393,-661,339
104869,-632,-664,416
104890,-796,-632,416
104912,-872,-625,326
104933,-957,-701,250
104954,-984,-691,236
104975,-1090,-676,229
104997,-1320,-698,157
105018,-1331,-652,100
105039,-1212,-596,103
105061,-1146,-680,74
105082,-876,-589,8
105104,-618,-468,-185
105125,-321,-468,-356
105146,30,-427,-513
105168,-77,-250,-652
105189,-425,-78,-543
105210,-533,82,-367
105232,-562,267,-289
105253,-716,385,-450
105274,-722,401,-657
105296,-442,277,-770
105317,25,67,-761
105338,256,-45,-670
105359,-52,173,-463
105381,-1384,785,-429
105403,-878,766,-381
105424,-354,621,-173
105445,-600,588,11
105466,-931,637,-142
105488,-933,669,-598
105509,-956,672,-416
105530,-583,626,-97
105552,-283,602,-226
105573,-492,504,-517
105594,-650,343,-636
105616,-567,187,-690
105637,-381,192,-584
105658,-537,281,-699
105681,-530,405,-915
105702,-324,324,-718
105724,-424,275,-740
105745,-710,311,-926
105766,-549,421,-932
105788,-294,420,-811
105809,-249,368,-786
105830,-354,389,-816
105852,-363,454,-808
105873,-242,453,-775
105894,-139,394,-793
105915,-202,393,-897
105937,-300,409,-968
105958,-370,385,-989
105979,-367,262,-979
106001,-117,290,-833
106023,-199,300,-798
106044,-272,266,-826
106065,-250,263,-876
106086,-249,316,-872
106108,-272,381,-825
106129,-322,426,-823
106150,-233,400,-916
