[0] -321, 229, 884
[20] -467, 226, 767
Step count: 0
[41] -507, 213, 803
Step count: 0
[61] -520, 217, 771
Step count: 0
[81] -418, 176, 877
Step count: 0
[102] -501, 186, 817
Step count: 0
[122] -548, 213, 854
Step count: 0
[143] -578, 199, 872
Step count: 0
[163] -563, 235, 847
Step count: 0
[184] -546, 239, 803
Step count: 0
[204] -523, 208, 778
Step count: 0
[224] -526, 179, 763
Step count: 0
[245] -609, 177, 739
Step count: 0
[265] -699, 180, 727
Step count: 0
[286] -672, 200, 723
Step count: 0
[306] -625, 229, 753
Step count: 0
[326] -760, 220, 720
Step count: 0
[347] -785, 193, 712
Step count: 0
[367] -686, 204, 669
Step count: 0
[388] -663, 180, 861
Step count: 0
[408] -652, 164, 803
Step count: 0
[429] -673, 134, 608
Step count: 0
[449] -827, 26, 482
Step count: 0
[470] -1068, -127, 620
Step count: 0
[490] -803, -19, 623
Step count: 0
[511] -466, 90, 784
Step count: 0
[531] -499, 139, 1005
Step count: 0
[552] -970, 304, 809
Step count: 0
[572] -1159, 448, 641
Step count: 0
[593] -1061, 267, 624
Step count: 0
[613] -895, 107, 339
Step count: 0
[634] -679, 119, 373
Step count: 0
[654] -312, 91, 858
Step count: 0
[674] -109, 50, 1213
Step count: 0
[695] -312, 200, 457
Step count: 0
[715] -1184, 472, 255
Step count: 0
[736] -1037, 517, 114
Step count: 0
[756] -781, 184, -28
Step count: 0
[777] -780, -78, -70
Step count: 0
[797] -755, 26, 50
Step count: 0
[818] -398, 167, 33
Step count: 0
[838] -224, 189, 38
Step count: 0
[859] -430, 216, 229
Step count: 0
[879] -867, 217, 407
Step count: 0
[900] -1172, 220, 289
Step count: 0
[920] -1175, 269, 83
Step count: 0
[941] -1092, 285, -28
Step count: 0
[961] -1087, 221, -64
Step count: 0
[982] -1153, 90, -148
Step count: 0
[1002] -1148, -35, -232
Step count: 0
[1023] -952, -138, -233
Step count: 0
[1043] -1006, -170, -331
Step count: 0
[1064] -1669, -349, -428
Step count: 0
[1084] -1565, -434, -391
Step count: 0
[1105] -628, -475, -426
Step count: 0
[1125] 12, -556, -542
Step count: 0
[1145] 136, -593, -552
Step count: 0
[1166] 25, -686, -484
Step count: 0
[1186] -271, -646, -358
Step count: 0
[1207] -597, -604, -226
Step count: 0
[1227] -823, -640, -150
Step count: 0
[1248] -782, -537, -199
Step count: 0
[1268] -595, -543, -261
Step count: 0
[1289] -416, -635, -367
Step count: 0
[1309] -309, -585, -437
Step count: 0
[1330] -318, -678, -448
Step count: 0
[1350] -380, -833, -426
Step count: 0
[1371] -512, -953, -287
Step count: 0
[1391] -685, -1066, -139
Step count: 0
[1412] -827, -1225, -144
Step count: 0
[1432] -759, -1501, -110
Step count: 0
[1453] -678, -1066, -111
Step count: 0
[1473] -607, -821, -135
Step count: 0
[1494] -513, -675, -89
Step count: 0
[1514] -538, -828, -92
Step count: 0
[1535] -436, -807, -123
Step count: 0
[1555] -345, -733, -169
Step count: 0
[1576] -311, -848, -164
Step count: 0
[1596] -336, -917, -117
Step count: 0
[1617] -413, -979, -38
Step count: 0
[1637] -473, -1045, 38
Step count: 0
[1658] -556, -1105, 56
Step count: 0
[1678] -598, -1163, 20
Step count: 0
[1699] -605, -1145, -20
Step count: 0
[1719] -591, -1180, 66
Step count: 0
[1740] -638, -1432, 133
Step count: 0
[1761] -762, -1591, 52
Step count: 0
[1781] -693, -1021, -187
Step count: 0
[1802] -474, -452, -254
Step count: 0
[1822] -333, -323, -136
Step count: 0
[1843] -298, -827, -4
Step count: 0
[1863] -349, -894, 98
Step count: 0
[1884] -364, -902, 149
Step count: 0
[1905] -413, -1087, 165
Step count: 0
[1925] -370, -1086, 130
Step count: 0
[1946] -394, -898, 19
Step count: 0
[1966] -436, -733, -27
Step count: 0
[1987] -417, -691, -9
Step count: 0
[2007] -418, -658, -13
Step count: 0
[2028] -435, -624, -31
Step count: 0
[2048] -444, -646, -42
Step count: 0
[2069] -405, -650, -29
Step count: 0
[2090] -383, -668, -20
Step count: 0
[2110] -370, -687, -41
Step count: 0
[2131] -362, -691, -67
Step count: 0
[2151] -361, -738, -69
Step count: 0
[2172] -389, -805, -96
Step count: 0
[2192] -412, -866, -112
Step count: 0
[2213] -461, -868, -87
Step count: 0
[2234] -484, -877, -74
Step count: 0
[2254] -569, -902, -103
Step count: 0
[2275] -621, -907, -109
Step count: 0
[2296] -548, -937, 43
Step count: 0
[2316] -620, -1128, 159
Step count: 0
[2337] -765, -1342, 109
Step count: 0
[2358] -767, -1389, 21
Step count: 0
[2378] -584, -947, 19
Step count: 0
[2399] -476, -549, 67
Step count: 0
[2420] -559, -894, 94
Step count: 0
[2440] -635, -1022, 73
Step count: 0
[2461] -638, -1078, 72
Step count: 0
[2482] -588, -1079, 127
Step count: 0
[2502] -528, -1009, 81
Step count: 0
[2523] -464, -833, -6
Step count: 0
[2544] -348, -606, -7
Step count: 0
[2565] -167, -504, 6
Step count: 0
[2585] -54, -499, 44
Step count: 0
[2606] -97, -526, 80
Step count: 0
[2627] -204, -652, 85
Step count: 0
[2648] -210, -679, 54
Step count: 0
[2669] -237, -675, 52
Step count: 0
[2689] -344, -946, 44
Step count: 0
[2710] -365, -716, 38
Step count: 0
[2731] -275, -694, 138
Step count: 0
[2752] -113, -780, 225
Step count: 0
[2772] -52, -877, 251
Step count: 0
[2793] -174, -1179, 174
Step count: 0
[2814] -348, -1145, 112
Step count: 0
[2835] -399, -947, 139
Step count: 0
[2856] -603, -1673, 452
Step count: 0
[2876] -593, -1569, 276
Step count: 0
[2897] -349, -1254, 24
Step count: 0
[2918] -227, -916, -122
Step count: 0
[2939] -390, -795, -203
Step count: 0
[2959] -619, -914, -126
Step count: 0
[2980] -682, -1248, 65
Step count: 0
[3001] -523, -1305, 178
Step count: 0
[3022] -279, -1213, 194
Step count: 0
[3043] -106, -1080, 94
Step count: 0
[3063] -31, -915, 5
Step count: 0
[3084] -32, -746, -2
Step count: 0
[3105] -112, -579, 48
Step count: 0
[3126] -200, -581, 104
Step count: 0
[3146] -308, -587, 89
Step count: 0
[3167] -367, -602, 31
Step count: 1
[3188] -382, -638, 12
Step count: 1
[3209] -343, -671, 77
Step count: 1
[3230] -300, -668, 108
Step count: 1
[3250] -297, -682, 86
Step count: 1
[3271] -316, -747, 64
Step count: 1
[3291] -313, -847, 83
Step count: 1
[3312] -351, -892, 67
Step count: 1
[3333] -455, -940, 35
Step count: 1
[3353] -549, -1018, 47
Step count: 1
[3374] -543, -993, 70
Step count: 1
[3395] -511, -955, 138
Step count: 1
[3416] -780, -1683, 181
Step count: 1
[3436] -757, -1626, 97
Step count: 1
[3457] -555, -1150, 63
Step count: 1
[3478] -436, -720, 104
Step count: 1
[3499] -439, -844, 109
Step count: 1
[3520] -536, -977, 85
Step count: 1
[3540] -530, -1080, 161
Step count: 1
[3561] -466, -968, 173
Step count: 1
[3582] -454, -831, 91
Step count: 1
[3603] -450, -774, 33
Step count: 1
[3623] -379, -697, -28
Step count: 2
[3644] -313, -646, -2
Step count: 2
[3665] -279, -627, 47
Step count: 2
[3686] -296, -647, 64
Step count: 2
[3707] -283, -719, 58
Step count: 2
[3727] -251, -694, 18
Step count: 2
[3748] -186, -674, 30
Step count: 2
[3769] -303, -735, 54
Step count: 2
[3790] -351, -744, 67
Step count: 2
[3810] -328, -738, 86
Step count: 2
[3831] -320, -736, 91
Step count: 2
[3852] -300, -768, 87
Step count: 2
[3873] -302, -829, 125
Step count: 2
[3893] -327, -929, 176
Step count: 2
[3914] -376, -1005, 168
Step count: 2
[3935] -443, -933, 32
Step count: 2
[3956] -442, -1306, 211
Step count: 2
[3977] -601, -1748, 294
Step count: 2
[3997] -687, -1557, 112
Step count: 2
[4018] -615, -1029, -162
Step count: 2
[4039] -489, -728, -193
Step count: 2
[4060] -406, -809, -125
Step count: 2
[4080] -467, -914, -103
Step count: 2
[4101] -518, -994, -3
Step count: 2
[4122] -495, -1021, 89
Step count: 2
[4143] -416, -966, 87
Step count: 2
[4164] -300, -948, 57
Step count: 3
[4184] -248, -837, 24
Step count: 3
[4205] -269, -749, 59
Step count: 3
[4226] -236, -652, 62
Step count: 3
[4247] -277, -590, 24
Step count: 3
[4268] -360, -531, -33
Step count: 3
[4288] -404, -567, -53
Step count: 3
[4309] -418, -727, -16
Step count: 3
[4330] -462, -830, -1
Step count: 3
[4351] -445, -699, -48
Step count: 3
[4371] -375, -653, -61
Step count: 3
[4392] -349, -688, -47
Step count: 3
[4413] -369, -729, -27
Step count: 3
[4434] -373, -819, 24
Step count: 3
[4455] -438, -905, 59
Step count: 3
[4475] -543, -878, -2
Step count: 3
[4496] -518, -877, 63
Step count: 3
[4517] -505, -1314, 223
Step count: 3
[4538] -654, -1551, 234
Step count: 3
[4558] -772, -1627, 155
Step count: 3
[4579] -644, -1189, 28
Step count: 3
[4600] -471, -640, 123
Step count: 3
[4621] -371, -749, 231
Step count: 3
[4642] -470, -1063, 200
Step count: 3
[4662] -453, -1119, 197
Step count: 3
[4683] -314, -984, 153
Step count: 3
[4704] -218, -910, 102
Step count: 3
[4725] -221, -905, 69
Step count: 4
[4745] -275, -853, 22
Step count: 4
[4766] -402, -794, -6
Step count: 4
[4787] -375, -743, 19
Step count: 4
[4808] -312, -709, 23
Step count: 4
[4829] -313, -816, 33
Step count: 4
[4849] -192, -796, 65
Step count: 4
[4870] -173, -757, 50
Step count: 4
[4891] -288, -836, 30
Step count: 4
[4911] -284, -734, -7
Step count: 4
[4932] -291, -855, 22
Step count: 4
[4952] -298, -924, 72
Step count: 4
[4973] -278, -785, 47
Step count: 4
[4994] -289, -926, 70
Step count: 4
[5015] -302, -919, 50
Step count: 4
[5035] -329, -872, 3
Step count: 4
[5056] -366, -861, -36
Step count: 4
[5077] -409, -875, -15
Step count: 4
[5098] -395, -1109, 202
Step count: 4
[5118] -487, -1588, 311
Step count: 4
[5139] -612, -1635, 254
Step count: 4
[5160] -588, -981, 56
Step count: 4
[5181] -472, -473, 24
Step count: 4
[5201] -397, -571, -79
Step count: 4
[5222] -464, -904, -40
Step count: 4
[5243] -469, -1075, 139
Step count: 4
[5264] -458, -1136, 260
Step count: 4
[5285] -481, -1092, 234
Step count: 4
[5305] -401, -971, 133
Step count: 4
[5326] -355, -1013, 58
Step count: 5
[5347] -313, -880, 15
Step count: 5
[5368] -306, -708, 15
Step count: 5
[5388] -304, -623, 32
Step count: 5
[5409] -317, -579, 23
Step count: 5
[5430] -370, -576, 1
Step count: 5
[5451] -413, -582, -56
Step count: 5
[5471] -429, -584, -104
Step count: 5
[5492] -413, -628, -92
Step count: 5
[5513] -399, -661, -78
Step count: 5
[5534] -400, -710, -60
Step count: 5
[5554] -404, -815, -14
Step count: 5
[5575] -544, -1060, 72
Step count: 5
[5596] -645, -1150, 84
Step count: 5
[5617] -694, -1228, 116
Step count: 5
[5638] -675, -1287, 181
Step count: 5
[5658] -694, -1466, 185
Step count: 5
[5679] -716, -1464, 98
Step count: 5
[5700] -622, -1247, 5
Step count: 5
[5721] -501, -811, -62
Step count: 5
[5741] -438, -616, -35
Step count: 5
[5762] -379, -705, 29
Step count: 5
[5783] -421, -810, 91
Step count: 5
[5804] -506, -1011, 148
Step count: 5
[5824] -450, -1156, 261
Step count: 5
[5845] -361, -903, 173
Step count: 6
[5866] -428, -810, 42
Step count: 6
[5887] -445, -840, 39
Step count: 6
[5908] -371, -725, 43
Step count: 6
[5928] -335, -657, 67
Step count: 6
[5949] -337, -671, 92
Step count: 6
[5970] -372, -703, 117
Step count: 6
[5990] -234, -671, 123
Step count: 6
[6011] -234, -709, 105
Step count: 6
[6032] -374, -639, 69
Step count: 6
[6052] -357, -661, 57
Step count: 6
[6073] -314, -786, 88
Step count: 6
[6093] -265, -783, 112
Step count: 6
[6114] -248, -758, 112
Step count: 6
[6134] -268, -844, 104
Step count: 6
[6155] -295, -932, 102
Step count: 6
[6175] -363, -1114, 104
Step count: 6
[6196] -375, -1074, 62
Step count: 6
[6217] -396, -1193, 126
Step count: 6
[6238] -461, -1524, 193
Step count: 6
[6259] -510, -1409, 106
Step count: 6
[6279] -442, -1023, -71
Step count: 6
[6300] -467, -735, -185
Step count: 6
[6321] -444, -656, -194
Step count: 6
[6342] -428, -825, -146
Step count: 6
[6362] -430, -1080, -20
Step count: 6
[6383] -388, -1201, 128
Step count: 6
[6404] -307, -1180, 202
Step count: 6
[6425] -240, -1182, 158
Step count: 6
[6446] -213, -956, 32
Step count: 7
[6466] -212, -805, -21
Step count: 7
[6487] -271, -746, 32
Step count: 7
[6508] -291, -567, 5
Step count: 7
[6529] -368, -511, -28
Step count: 7
[6549] -417, -551, -32
Step count: 7
[6570] -453, -630, -28
Step count: 7
[6591] -463, -664, -11
Step count: 7
[6612] -424, -666, 2
Step count: 7
[6632] -366, -676, 25
Step count: 7
[6653] -339, -697, 44
Step count: 7
[6674] -359, -738, 57
Step count: 7
[6695] -408, -844, 68
Step count: 7
[6716] -560, -1125, 97
Step count: 7
[6736] -628, -1117, 53
Step count: 7
[6757] -633, -1096, 36
Step count: 7
[6778] -560, -1048, 50
Step count: 7
[6799] -541, -1234, 100
Step count: 7
[6819] -629, -1397, 85
Step count: 7
[6840] -654, -1493, 46
Step count: 7
[6861] -583, -1182, -59
Step count: 7
[6882] -501, -648, -79
Step count: 7
[6903] -447, -565, -20
Step count: 7
[6923] -469, -788, -8
Step count: 7
[6944] -490, -1016, 64
Step count: 7
[6965] -457, -1112, 153
Step count: 8
[6985] -402, -1038, 156
Step count: 8
[7006] -372, -890, 75
Step count: 8
[7027] -339, -831, 44
Step count: 8
[7048] -295, -792, 62
Step count: 8
[7069] -263, -769, 85
Step count: 8
[7089] -285, -800, 117
Step count: 8
[7110] -305, -765, 129
Step count: 8
[7131] -177, -695, 98
Step count: 8
[7152] -306, -794, 99
Step count: 8
[7172] -372, -748, 80
Step count: 8
[7193] -313, -728, 73
Step count: 8
[7213] -340, -760, 68
Step count: 8
[7234] -293, -675, 38
Step count: 8
[7254] -244, -648, 27
Step count: 8
[7275] -281, -821, 32
Step count: 8
[7296] -311, -920, 57
Step count: 8
[7317] -352, -1020, 70
Step count: 8
[7337] -383, -994, 5
Step count: 8
[7358] -380, -941, -1
Step count: 8
[7379] -393, -1265, 176
Step count: 8
[7400] -503, -1651, 242
Step count: 8
[7421] -598, -1493, 96
Step count: 9
[7441] -553, -996, -124
Step count: 9
[7462] -478, -753, -127
Step count: 9
[7483] -463, -816, -97
Step count: 9
[7504] -459, -985, -64
Step count: 9
[7525] -491, -1022, 45
Step count: 9
[7545] -457, -988, 130
Step count: 9
[7566] -384, -1023, 125
Step count: 9
[7587] -281, -1074, 94
Step count: 9
[7608] -269, -944, 40
Step count: 9
[7628] -274, -707, 17
Step count: 9
[7649] -296, -714, 39
Step count: 9
[7670] -306, -674, 40
Step count: 10
[7691] -336, -604, 22
Step count: 10
[7711] -382, -537, -10
Step count: 10
[7732] -406, -564, -18
Step count: 10
[7753] -399, -655, 8
Step count: 10
[7774] -358, -641, 27
Step count: 10
[7795] -323, -634, 42
Step count: 10
[7815] -363, -845, 89
Step count: 10
[7836] -445, -962, 77
Step count: 10
[7857] -558, -1097, 65
Step count: 10
[7878] -609, -1139, 37
Step count: 10
[7898] -697, -1237, 26
Step count: 10
[7919] -719, -1508, 19
Step count: 10
[7940] -769, -1574, -66
Step count: 10
[7961] -734, -1350, -75
Step count: 10
[7982] -559, -959, -31
Step count: 10
[8002] -344, -721, 53
Step count: 10
[8023] -261, -667, 36
Step count: 10
[8044] -333, -894, 37
Step count: 10
[8065] -417, -1239, 133
Step count: 10
[8085] -373, -1237, 256
Step count: 10
[8106] -354, -1045, 197
Step count: 10
[8127] -407, -802, 38
Step count: 11
[8148] -455, -627, -71
Step count: 11
[8168] -404, -598, -37
Step count: 11
[8189] -333, -597, 3
Step count: 11
[8210] -354, -643, 18
Step count: 11
[8231] -301, -613, 21
Step count: 11
[8251] -159, -730, 95
Step count: 11
[8272] -291, -796, 113
Step count: 11
[8293] -353, -704, 75
Step count: 11
[8314] -345, -770, 83
Step count: 11
[8334] -301, -766, 119
Step count: 11
[8355] -288, -707, 93
Step count: 11
[8375] -358, -898, 118
Step count: 11
[8396] -363, -977, 144
Step count: 11
[8417] -403, -1066, 151
Step count: 11
[8438] -390, -1028, 141
Step count: 11
[8458] -387, -1156, 201
Step count: 11
[8479] -483, -1525, 279
Step count: 11
[8500] -515, -1466, 170
Step count: 11
[8521] -477, -1039, -11
Step count: 11
[8542] -386, -720, -62
Step count: 11
[8562] -344, -625, -58
Step count: 11
[8583] -376, -693, -116
Step count: 11
[8604] -439, -859, -119
Step count: 11
[8625] -490, -1013, -39
Step count: 11
[8645] -482, -1117, 58
Step count: 12
[8666] -413, -1149, 86
Step count: 12
[8687] -277, -1098, 61
Step count: 12
[8708] -262, -1020, 10
Step count: 12
[8728] -262, -774, -48
Step count: 12
[8749] -310, -714, -26
Step count: 12
[8770] -323, -660, 10
Step count: 12
[8791] -356, -641, -1
Step count: 12
[8812] -408, -669, -6
Step count: 12
[8832] -420, -690, 3
Step count: 12
[8853] -388, -735, 19
Step count: 12
[8874] -348, -717, 24
Step count: 12
[8895] -314, -679, 23
Step count: 12
[8915] -343, -785, 69
Step count: 12
[8936] -399, -876, 80
Step count: 12
[8957] -491, -958, 88
Step count: 12
[8978] -576, -1013, 76
Step count: 12
[8999] -595, -1060, 63
Step count: 12
[9019] -574, -972, 28
Step count: 12
[9040] -559, -1054, 66
Step count: 12
[9061] -599, -1330, 72
Step count: 12
[9082] -713, -1409, -2
Step count: 12
[9102] -622, -1367, -5
Step count: 12
[9123] -474, -865, 14
Step count: 12
[9144] -423, -567, 33
Step count: 12
[9165] -503, -843, 17
Step count: 12
[9186] -447, -1074, 70
Step count: 12
[9206] -382, -1110, 160
Step count: 12
[9227] -461, -1116, 158
Step count: 12
[9248] -425, -1063, 134
Step count: 12
[9269] -350, -873, 57
Step count: 12
[9289] -379, -816, 42
Step count: 12
[9310] -336, -759, 74
Step count: 13
[9331] -190, -676, 66
Step count: 13
[9352] -265, -769, 100
Step count: 13
[9373] -348, -756, 86
Step count: 13
[9393] -328, -733, 51
Step count: 13
[9414] -335, -749, 59
Step count: 13
[9435] -313, -687, 62
Step count: 13
[9455] -257, -717, 74
Step count: 13
[9476] -256, -732, 76
Step count: 13
[9497] -258, -757, 93
Step count: 13
[9518] -285, -820, 127
Step count: 13
[9538] -316, -873, 162
Step count: 13
[9559] -329, -896, 158
Step count: 13
[9580] -370, -886, 108
Step count: 13
[9601] -384, -994, 157
Step count: 13
[9622] -466, -1403, 279
Step count: 13
[9642] -594, -1580, 297
Step count: 13
[9663] -634, -1356, 161
Step count: 13
[9684] -608, -981, -8
Step count: 13
[9705] -551, -732, -96
Step count: 13
[9725] -530, -717, -156
Step count: 13
[9746] -551, -848, -138
Step count: 13
[9767] -528, -1090, 14
Step count: 13
[9788] -548, -1094, 122
Step count: 13
[9809] -480, -1126, 133
Step count: 13
[9829] -336, -1132, 92
Step count: 13
[9850] -272, -1095, 47
Step count: 13
[9871] -232, -968, 19
Step count: 13
[9892] -273, -855, -7
Step count: 13
[9913] -340, -694, -9
Step count: 13
[9933] -397, -648, -17
Step count: 13
[9954] -410, -709, -25
Step count: 13
[9975] -396, -702, -43
Step count: 13
[9996] -310, -692, 16
Step count: 14
[10016] -269, -684, 15
Step count: 14
[10037] -248, -696, -6
Step count: 14
[10058] -207, -703, -36
Step count: 14
[10079] -227, -766, -55
Step count: 14
[10100] -272, -847, -49
Step count: 14
[10120] -303, -952, -70
Step count: 14
[10141] -453, -1024, -81
Step count: 14
[10162] -591, -1014, 8
Step count: 14
[10183] -675, -1012, 99
Step count: 14
[10203] -687, -981, 116
Step count: 14
[10224] -625, -962, 130
Step count: 14
[10245] -656, -1159, 182
Step count: 14
[10266] -756, -1418, 333
Step count: 14
[10287] -725, -1407, 385
Step count: 14
[10307] -624, -995, 223
Step count: 14
[10328] -437, -730, 123
Step count: 14
[10349] -246, -715, 152
Step count: 14
[10370] -22, -885, 299
Step count: 14
[10391] 507, -918, 483
Step count: 14
[10411] 713, -930, 504
Step count: 14
[10432] 121, -1169, 460
Step count: 14
[10453] -300, -1266, 535
Step count: 14
[10474] -266, -1097, 494
Step count: 14
[10494] -163, -991, 306
Step count: 14
[10515] -266, -800, -24
Step count: 14
[10536] -307, -734, -18
Step count: 14
[10557] -312, -823, 67
Step count: 14
[10578] -315, -897, 130
Step count: 14
[10598] -306, -892, 140
Step count: 14
[10619] -228, -839, 152
Step count: 14
[10639] -176, -826, 188
Step count: 14
[10660] -151, -828, 229
Step count: 15
[10680] -152, -823, 245
Step count: 15
[10701] -224, -883, 263
Step count: 15
[10722] -284, -934, 305
Step count: 15
[10743] -304, -957, 353
Step count: 15
[10764] -308, -1012, 421
Step count: 15
[10784] -324, -1084, 452
Step count: 15
[10805] -373, -1072, 417
Step count: 15
[10826] -430, -961, 346
Step count: 15
[10847] -463, -836, 282
Step count: 15
[10868] -471, -716, 246
Step count: 15
[10888] -473, -667, 291
Step count: 15
[10909] -488, -866, 421
Step count: 15
[10930] -563, -1211, 483
Step count: 16
[10951] -584, -1281, 483
Step count: 16
[10971] -509, -975, 370
Step count: 16
[10992] -422, -713, 265
Step count: 16
[11013] -299, -670, 223
Step count: 16
[11034] -289, -636, 159
Step count: 16
[11055] -377, -826, 80
Step count: 16
[11075] -159, -1356, -67
Step count: 16
[11096] 68, -1253, -184
Step count: 16
[11117] 153, -1066, -206
Step count: 16
[11138] 276, -1050, -49
Step count: 16
[11159] 113, -992, 40
Step count: 16
[11179] -54, -881, 77
Step count: 16
[11200] -155, -801, 125
Step count: 16
[11220] -277, -800, 179
Step count: 16
[11241] -380, -777, 228
Step count: 16
[11262] -453, -723, 268
Step count: 16
[11283] -485, -730, 288
Step count: 16
[11304] -496, -725, 286
Step count: 16
[11324] -482, -695, 267
Step count: 16
[11345] -469, -721, 241
Step count: 16
[11366] -439, -814, 192
Step count: 16
[11387] -385, -874, 93
Step count: 16
[11408] -324, -938, -10
Step count: 16
[11428] -322, -995, -72
Step count: 16
[11449] -436, -1006, -93
Step count: 16
[11470] -517, -1041, -25
Step count: 16
[11491] -654, -1015, -24
Step count: 17
[11512] -956, -1165, 31
Step count: 17
[11532] -1308, -1404, 256
Step count: 17
[11553] -1283, -1330, 279
Step count: 17
[11574] -813, -1003, 216
Step count: 17
[11595] -404, -743, 39
Step count: 17
[11616] 195, -678, -35
Step count: 17
[11636] 404, -862, 260
Step count: 17
[11657] 588, -949, 508
Step count: 17
[11678] 413, -1020, 608
Step count: 17
[11699] 20, -1138, 738
Step count: 17
[11720] -156, -1113, 755
Step count: 17
[11740] -150, -993, 569
Step count: 17
[11761] -189, -991, 371
Step count: 17
[11782] -225, -957, 200
Step count: 17
[11803] -274, -791, 34
Step count: 17
[11823] -303, -878, -54
Step count: 17
[11844] -280, -775, -118
Step count: 17
[11865] -345, -651, -102
Step count: 17
[11885] -439, -765, -48
Step count: 17
[11906] -418, -777, -19
Step count: 17
[11927] -372, -733, 6
Step count: 17
[11948] -358, -736, 28
Step count: 17
[11969] -321, -805, 65
Step count: 17
[11989] -240, -867, 109
Step count: 17
[12010] -163, -952, 164
Step count: 17
[12031] -233, -1077, 220
Step count: 17
[12052] -365, -1130, 256
Step count: 17
[12073] -476, -1166, 237
Step count: 17
[12093] -504, -1222, 231
Step count: 18
[12114] -471, -1194, 230
Step count: 18
[12135] -447, -1236, 285
Step count: 18
[12156] -268, -1232, 347
Step count: 18
[12177] -182, -950, 125
Step count: 18
[12197] -86, -773, -4
Step count: 18
[12218] -39, -775, -29
Step count: 18
[12239] -70, -862, -5
Step count: 18
[12260] -124, -1008, 101
Step count: 18
[12280] -64, -1220, 250
Step count: 18
[12301] 0, -1013, 133
Step count: 18
[12322] 21, -944, 24
Step count: 18
[12343] -95, -881, 1
Step count: 18
[12364] -135, -880, 12
Step count: 18
[12384] -172, -813, 25
Step count: 18
[12405] -251, -735, 8
Step count: 18
[12426] -328, -742, 40
Step count: 18
[12446] -385, -733, 58
Step count: 18
[12467] -406, -743, 72
Step count: 18
[12487] -404, -778, 95
Step count: 18
[12508] -397, -782, 65
Step count: 18
[12529] -390, -745, 10
Step count: 18
[12549] -382, -737, -14
Step count: 18
[12570] -371, -760, -11
Step count: 18
[12591] -360, -815, -22
Step count: 18
[12611] -373, -873, -36
Step count: 18
[12632] -461, -915, -26
Step count: 18
[12653] -556, -971, -1
Step count: 18
[12674] -608, -1062, 17
Step count: 18
[12694] -593, -1089, 12
Step count: 18
[12715] -571, -1170, 120
Step count: 18
[12736] -693, -1450, 153
Step count: 18
[12757] -758, -1459, 122
Step count: 18
[12778] -642, -1099, 48
Step count: 18
[12798] -413, -759, -17
Step count: 18
[12819] -154, -624, 32
Step count: 19
[12840] 186, -972, 260
Step count: 19
[12861] 506, -1325, 409
Step count: 19
[12882] 175, -1151, 200
Step count: 19
[12902] -116, -1122, 263
Step count: 19
[12923] -131, -1041, 337
Step count: 19
[12944] -68, -853, 159
Step count: 19
[12965] -109, -728, -31
Step count: 19
[12985] -123, -704, -48
Step count: 19
[13006] -205, -710, 6
Step count: 19
[13027] -298, -715, 57
Step count: 19
[13048] -79, -649, 79
Step count: 19
[13069] -125, -715, 72
Step count: 19
[13089] -363, -738, 79
Step count: 19
[13110] -448, -797, 114
Step count: 19
[13131] -433, -848, 170
Step count: 19
[13151] -442, -781, 141
Step count: 19
[13172] -476, -794, 114
Step count: 19
[13193] -482, -891, 146
Step count: 19
[13214] -489, -1022, 199
Step count: 19
[13235] -506, -1149, 222
Step count: 19
[13256] -464, -1131, 123
Step count: 19
[13276] -408, -1044, 66
Step count: 19
[13297] -425, -1232, 177
Step count: 19
[13318] -455, -1540, 336
Step count: 19
[13339] -363, -1374, 205
Step count: 19
[13359] -156, -902, -73
Step count: 19
[13380] 2, -594, -170
Step count: 19
[13401] -2, -739, -49
Step count: 20
[13422] -164, -1115, 175
Step count: 20
[13443] -86, -1246, 316
Step count: 20
[13463] 143, -1152, 281
Step count: 20
[13484] 154, -1063, 163
Step count: 20
[13505] -65, -1044, 62
Step count: 20
[13526] -135, -864, -2
Step count: 20
[13546] -185, -759, 2
Step count: 20
[13567] -338, -708, 24
Step count: 20
[13588] -391, -662, 25
Step count: 20
[13609] -406, -645, 69
Step count: 20
[13629] -451, -664, 107
Step count: 20
[13650] -515, -715, 130
Step count: 20
[13670] -558, -751, 125
Step count: 20
[13691] -572, -737, 44
Step count: 20
[13711] -524, -687, -42
Step count: 20
[13732] -441, -650, -13
Step count: 20
[13753] -441, -681, -123
Step count: 20
[13774] -429, -773, -177
Step count: 20
[13794] -349, -999, -74
Step count: 20
[13815] -513, -1168, -3
Step count: 20
[13836] -533, -1092, 12
Step count: 20
[13857] -453, -938, -49
Step count: 20
[13878] -436, -1022, -21
Step count: 20
[13898] -601, -1410, 72
Step count: 20
[13919] -765, -1560, 70
Step count: 20
[13940] -512, -1218, 97
Step count: 20
[13961] -224, -806, 167
Step count: 20
[13981] -192, -665, 31
Step count: 21
[14002] -210, -823, 33
Step count: 21
[14023] -163, -964, 132
Step count: 21
[14044] -160, -1030, 212
Step count: 21
[14065] -158, -1088, 284
Step count: 21
[14085] -132, -1013, 271
Step count: 21
[14106] -102, -864, 204
Step count: 21
[14127] -75, -768, 153
Step count: 21
[14148] -104, -739, 127
Step count: 21
[14168] -180, -722, 110
Step count: 21
[14189] -114, -658, 68
Step count: 21
[14210] -184, -715, 62
Step count: 21
[14231] -349, -734, 26
Step count: 21
[14252] -293, -710, 35
Step count: 21
[14272] -252, -812, 70
Step count: 21
[14293] -307, -951, 56
Step count: 21
[14314] -307, -966, 1
Step count: 21
[14335] -319, -906, -48
Step count: 21
[14355] -368, -1143, 77
Step count: 21
[14376] -472, -1165, 71
Step count: 21
[14397] -438, -1061, 99
Step count: 21
[14418] -384, -1022, 147
Step count: 21
[14439] -431, -1285, 153
Step count: 21
[14459] -469, -1661, 427
Step count: 21
[14480] -409, -1510, 354
Step count: 21
[14501] -160, -826, 31
Step count: 21
[14522] -97, -554, -114
Step count: 21
[14543] -212, -796, -117
Step count: 21
[14563] -182, -1021, -5
Step count: 22
[14584] 0, -1150, 195
Step count: 22
[14605] 146, -1167, 217
Step count: 22
[14626] 191, -991, 106
Step count: 22
[14647] 7, -981, -9
Step count: 22
[14667] -222, -752, -71
Step count: 22
[14688] -279, -646, -11
Step count: 22
[14709] -151, -622, -39
Step count: 22
[14730] -10, -791, 11
Step count: 22
[14750] -93, -879, 43
Step count: 22
[14771] -298, -802, 64
Step count: 22
[14792] -439, -767, 85
Step count: 22
[14813] -508, -754, 78
Step count: 22
[14833] -517, -732, 15
Step count: 22
[14854] -454, -699, -54
Step count: 22
[14874] -391, -717, -62
Step count: 22
[14895] -438, -807, -25
Step count: 22
[14916] -527, -1076, 54
Step count: 22
[14936] -517, -996, -7
Step count: 22
[14957] -471, -879, -66
Step count: 22
[14978] -434, -980, -45
Step count: 22
[14999] -489, -1484, 55
Step count: 22
[15020] -576, -1911, 145
Step count: 22
[15040] -336, -1457, 23
Step count: 22
[15061] 11, -743, -50
Step count: 22
[15082] 134, -830, -37
Step count: 22
[15103] 193, -1266, 165
Step count: 22
[15123] 239, -1203, 235
Step count: 22
[15144] 125, -1074, 192
Step count: 23
[15165] -110, -977, 106
Step count: 23
[15186] -169, -949, 93
Step count: 23
[15207] -71, -932, 118
Step count: 23
[15227] -44, -877, 101
Step count: 23
[15248] -87, -816, 36
Step count: 23
[15269] -198, -756, -3
Step count: 23
[15290] -345, -706, -5
Step count: 23
[15310] -350, -668, 25
Step count: 23
[15331] -362, -736, 40
Step count: 23
[15352] -397, -772, 28
Step count: 23
[15373] -373, -689, 10
Step count: 23
[15394] -420, -797, 87
Step count: 23
[15414] -411, -844, 123
Step count: 23
[15435] -402, -900, 151
Step count: 23
[15456] -392, -976, 263
Step count: 23
[15477] -427, -1072, 177
Step count: 23
[15498] -464, -907, -25
Step count: 23
[15518] -393, -880, -17
Step count: 24
[15539] -417, -1013, 82
Step count: 24
[15560] -556, -1573, 306
Step count: 24
[15581] -548, -1798, 195
Step count: 24
[15602] -228, -1064, -178
Step count: 24
[15622] -24, -568, -301
Step count: 24
[15643] -98, -1015, -169
Step count: 24
[15664] -27, -1356, -25
Step count: 24
[15685] 237, -1418, 23
Step count: 24
[15706] 355, -1236, -64
Step count: 24
[15726] 170, -1100, -166
Step count: 24
[15747] 20, -1030, -101
Step count: 24
[15768] -129, -920, -59
Step count: 24
[15789] -306, -729, -41
Step count: 24
[15809] -383, -631, -41
Step count: 24
[15830] -486, -548, -15
Step count: 24
[15851] -625, -566, 50
Step count: 24
[15872] -697, -619, 69
Step count: 24
[15893] -647, -657, 65
Step count: 24
[15913] -549, -684, 63
Step count: 24
[15934] -438, -702, 13
Step count: 24
[15955] -363, -712, -64
Step count: 24
[15975] -252, -858, -54
Step count: 24
[15996] -216, -958, -11
Step count: 24
[16017] -256, -1012, 0
Step count: 24
[16038] -327, -1045, -1
Step count: 24
[16059] -346, -998, -33
Step count: 24
[16079] -353, -844, -73
Step count: 25
[16100] -433, -783, -62
Step count: 25
[16121] -642, -1087, -26
Step count: 25
[16142] -803, -1516, 32
Step count: 25
[16162] -799, -1500, -41
Step count: 25
[16183] -578, -1104, -155
Step count: 25
[16204] -319, -845, -129
Step count: 25
[16225] -4, -1009, -34
Step count: 25
[16246] -17, -1151, 39
Step count: 25
[16266] -154, -1171, 118
Step count: 25
[16287] -185, -1155, 167
Step count: 25
[16308] -184, -1089, 162
Step count: 25
[16329] -161, -914, 49
Step count: 25
[16350] -147, -735, -22
Step count: 25
[16370] -159, -669, 7
Step count: 25
[16391] -192, -681, 14
Step count: 25
[16412] -154, -731, 168
Step count: 25
[16433] -206, -743, -10
Step count: 25
[16453] -266, -689, -30
Step count: 25
[16474] -247, -778, 38
Step count: 25
[16495] -283, -753, 7
Step count: 25
[16515] -373, -803, 53
Step count: 25
[16536] -413, -838, 76
Step count: 25
[16557] -490, -856, 90
Step count: 25
[16577] -486, -939, 111
Step count: 25
[16598] -510, -1044, 99
Step count: 25
[16619] -548, -1061, 36
Step count: 25
[16640] -564, -962, -58
Step count: 25
[16661] -584, -1049, 18
Step count: 25
[16681] -748, -1684, 204
Step count: 25
[16702] -868, -1922, 114
Step count: 25
[16723] -600, -1364, -251
Step count: 25
[16744] -171, -629, -567
Step count: 25
[16765] 154, -336, -330
Step count: 25
[16785] 205, -1012, 170
Step count: 26
[16806] 184, -1487, 443
Step count: 26
[16827] 96, -1303, 322
Step count: 26
[16848] 82, -1152, 138
Step count: 26
[16869] -49, -1014, -45
Step count: 26
[16889] -278, -843, -199
Step count: 26
[16910] -292, -812, -185
Step count: 26
[16931] -223, -735, -104
Step count: 26
[16952] -317, -702, -71
Step count: 26
[16972] -405, -648, -40
Step count: 26
[16993] -350, -679, -25
Step count: 26
[17014] -314, -672, -15
Step count: 26
[17035] -368, -659, -40
Step count: 26
[17056] -460, -643, -170
Step count: 26
[17076] -438, -624, -195
Step count: 26
[17097] -398, -638, -143
Step count: 26
[17118] -358, -701, -69
Step count: 26
[17138] -342, -796, -4
Step count: 26
[17159] -390, -907, 66
Step count: 26
[17180] -463, -1023, 103
Step count: 26
[17200] -524, -1063, 109
Step count: 26
[17221] -491, -1051, 117
Step count: 26
[17242] -454, -1100, 130
Step count: 26
[17263] -534, -1525, 148
Step count: 26
[17284] -753, -1838, -3
Step count: 26
[17304] -723, -1331, -161
Step count: 26
[17325] -402, -684, -219
Step count: 26
[17346] -282, -372, -265
Step count: 26
[17367] -104, -552, -124
Step count: 26
[17388] 134, -1033, 40
Step count: 26
[17408] 134, -1372, 164
Step count: 26
[17429] -94, -1423, 272
Step count: 26
[17450] -256, -1309, 271
Step count: 26
[17471] -310, -1048, 143
Step count: 26
[17491] -264, -774, -51
Step count: 26
[17512] -202, -612, -184
Step count: 26
[17533] -179, -593, -125
Step count: 27
[17554] -238, -634, -57
Step count: 27
[17575] -211, -585, -38
Step count: 27
[17595] -339, -732, 59
Step count: 27
[17616] -392, -753, 99
Step count: 27
[17637] -375, -792, 102
Step count: 27
[17658] -360, -754, 91
Step count: 27
[17678] -358, -772, 79
Step count: 27
[17699] -422, -875, 95
Step count: 27
[17720] -450, -985, 109
Step count: 27
[17741] -466, -1100, 115
Step count: 27
[17762] -536, -1119, 55
Step count: 27
[17782] -522, -1039, -24
Step count: 27
[17803] -548, -1217, 157
Step count: 27
[17824] -617, -1798, 441
Step count: 27
[17845] -433, -1653, 220
Step count: 27
[17866] -96, -932, -165
Step count: 27
[17886] -28, -560, -256
Step count: 27
[17907] -206, -683, -180
Step count: 27
[17928] -410, -1074, 14
Step count: 27
[17949] -329, -1248, 199
Step count: 27
[17970] -38, -1160, 243
Step count: 27
[17990] 30, -1181, 167
Step count: 27
[18011] -113, -1082, 78
Step count: 27
[18032] -149, -851, 33
Step count: 28
[18053] -221, -690, 47
Step count: 28
[18073] -286, -604, 26
Step count: 28
[18094] -380, -591, -12
Step count: 28
[18115] -423, -692, 26
Step count: 28
[18136] -334, -736, 66
Step count: 28
[18156] -341, -758, 80
Step count: 28
[18177] -335, -754, 78
Step count: 28
[18198] -336, -738, 77
Step count: 28
[18218] -367, -735, 77
Step count: 28
[18239] -436, -738, 82
Step count: 28
[18260] -480, -810, 126
Step count: 28
[18280] -544, -910, 140
Step count: 28
[18301] -590, -917, 135
Step count: 28
[18322] -581, -1003, 213
Step count: 28
[18343] -617, -1350, 369
Step count: 28
[18363] -724, -1685, 304
Step count: 28
[18384] -778, -1490, 4
Step count: 28
[18405] -578, -1021, -73
Step count: 28
[18426] -262, -807, 68
Step count: 28
[18447] -123, -746, 63
Step count: 28
[18467] -208, -869, -3
Step count: 28
[18488] -217, -995, 25
Step count: 28
[18509] -153, -1024, 92
Step count: 28
[18530] -129, -1019, 129
Step count: 28
[18551] -109, -902, 110
Step count: 28
[18571] -116, -792, 64
Step count: 28
[18592] -184, -740, 46
Step count: 29
[18613] -229, -715, 88
Step count: 29
[18634] -276, -729, 124
Step count: 29
[18655] -303, -723, 113
Step count: 29
[18675] -341, -806, 89
Step count: 29
[18696] -384, -833, 104
Step count: 29
[18717] -333, -805, 119
Step count: 29
[18738] -381, -784, 98
Step count: 29
[18758] -405, -782, 76
Step count: 29
[18779] -413, -844, 102
Step count: 29
[18800] -414, -981, 146
Step count: 29
[18821] -443, -1148, 177
Step count: 29
[18841] -455, -1197, 154
Step count: 29
[18862] -403, -1056, 50
Step count: 29
[18883] -377, -967, -4
Step count: 29
[18904] -458, -1352, 148
Step count: 29
[18925] -526, -1643, 198
Step count: 29
[18945] -380, -1276, -60
Step count: 29
[18966] -173, -736, -259
Step count: 29
[18987] -147, -611, -200
Step count: 29
[19008] -276, -974, -52
Step count: 29
[19028] -257, -1210, 83
Step count: 29
[19049] -67, -1150, 101
Step count: 29
[19070] 72, -1006, 71
Step count: 29
[19091] 71, -916, -16
Step count: 29
[19112] -210, -909, -8
Step count: 29
[19132] -240, -760, 10
Step count: 29
[19153] -243, -707, -1
Step count: 29
[19174] -306, -681, -18
Step count: 29
[19195] -313, -699, -9
Step count: 29
[19216] -366, -728, 38
Step count: 29
[19236] -350, -749, 50
Step count: 29
[19257] -347, -740, 26
Step count: 29
[19278] -349, -749, 23
Step count: 29
[19299] -379, -763, 10
Step count: 29
[19319] -412, -781, -5
Step count: 29
[19340] -420, -834, 7
Step count: 29
[19361] -430, -898, 27
Step count: 30
[19382] -485, -1008, 55
Step count: 30
[19402] -521, -1048, 61
Step count: 30
[19423] -527, -1027, 36
Step count: 30
[19444] -519, -925, 7
Step count: 30
[19465] -497, -919, 41
Step count: 30
[19486] -550, -1274, 133
Step count: 30
[19506] -756, -1588, 140
Step count: 30
[19527] -706, -1442, 36
Step count: 30
[19548] -442, -906, -15
Step count: 30
[19569] -234, -758, -9
Step count: 30
[19589] -149, -942, 16
Step count: 30
[19610] -167, -1067, 53
Step count: 30
[19631] -108, -1105, 148
Step count: 30
[19652] -85, -1110, 205
Step count: 30
[19673] -103, -993, 155
Step count: 30
[19693] -79, -806, 41
Step count: 30
[19714] -108, -672, -8
Step count: 30
[19735] -161, -682, 26
Step count: 30
[19755] -51, -729, 112
Step count: 30
[19776] -230, -806, 87
Step count: 30
[19796] -340, -820, 49
Step count: 30
[19817] -318, -879, 68
Step count: 30
[19838] -332, -858, 77
Step count: 30
[19858] -336, -808, 69
Step count: 30
[19879] -340, -796, 70
Step count: 30
[19900] -320, -807, 88
Step count: 30
[19920] -329, -834, 99
Step count: 30
[19941] -397, -911, 116
Step count: 30
[19962] -444, -1016, 163
Step count: 31
[19983] -424, -1030, 182
Step count: 31
[20003] -440, -967, 112
Step count: 31
[20024] -439, -1055, 149
Step count: 31
[20045] -562, -1521, 347
Step count: 31
[20066] -609, -1597, 310
Step count: 31
[20087] -340, -1177, -21
Step count: 31
[20107] -122, -781, -156
Step count: 31
[20128] -146, -738, -93
Step count: 31
[20149] -280, -1059, 45
Step count: 31
[20170] -256, -1222, 89
Step count: 31
[20191] -74, -1215, 85
Step count: 31
[20211] 116, -1113, 30
Step count: 31
[20232] 44, -1024, -48
Step count: 31
[20253] -185, -961, -8
Step count: 31
[20274] -234, -860, 22
Step count: 32
[20294] -193, -738, 6
Step count: 32
[20315] -231, -728, 25
Step count: 32
[20336] -232, -729, 60
Step count: 32
[20357] -289, -677, 49
Step count: 32
[20377] -332, -706, 39
Step count: 32
[20398] -328, -746, 78
Step count: 32
[20418] -388, -741, 52
Step count: 32
[20439] -429, -655, 0
Step count: 32
[20460] -427, -727, -23
Step count: 32
[20480] -441, -755, -47
Step count: 32
[20501] -454, -789, -34
Step count: 32
[20522] -496, -839, -25
Step count: 32
[20543] -557, -888, 0
Step count: 32
[20564] -584, -962, 37
Step count: 32
[20584] -575, -932, 27
Step count: 32
[20605] -525, -855, -8
Step count: 32
[20626] -524, -893, 28
Step count: 32
[20647] -617, -1284, 130
Step count: 32
[20668] -670, -1648, 199
Step count: 32
[20688] -541, -1579, 156
Step count: 32
[20709] -336, -1128, 21
Step count: 32
[20730] -176, -792, -68
Step count: 33
[20751] -100, -800, -83
Step count: 33
[20771] -94, -938, -52
Step count: 33
[20792] -87, -1060, 64
Step count: 33
[20813] -18, -1203, 167
Step count: 33
[20834] 35, -1209, 141
Step count: 33
[20855] 68, -1098, 68
Step count: 33
[20875] 8, -910, 46
Step count: 33
[20896] 26, -960, 145
Step count: 33
[20917] -21, -1001, 120
Step count: 33
[20938] -46, -936, 106
Step count: 33
[20958] -83, -919, 124
Step count: 33
[20979] -107, -890, 155
Step count: 33
[21000] -168, -912, 176
Step count: 33
[21020] -211, -892, 178
Step count: 33
[21041] -229, -868, 191
Step count: 33
[21062] -286, -849, 202
Step count: 33
[21083] -339, -863, 225
Step count: 33
[21103] -354, -895, 229
Step count: 33
[21124] -357, -920, 230
Step count: 33
[21145] -394, -958, 240
Step count: 33
[21166] -417, -971, 242
Step count: 33
[21186] -419, -955, 233
Step count: 33
[21207] -422, -919, 210
Step count: 33
[21228] -426, -877, 171
Step count: 33
[21249] -424, -845, 136
Step count: 33
[21270] -424, -815, 109
Step count: 33
[21290] -412, -780, 104
Step count: 33
[21311] -393, -758, 95
Step count: 33
[21332] -388, -794, 115
Step count: 33
[21353] -430, -1077, 217
Step count: 34
[21374] -519, -1419, 302
Step count: 34
[21394] -470, -1317, 241
Step count: 34
[21415] -217, -666, -26
Step count: 34
[21436] -254, -707, -93
Step count: 34
[21457] -347, -883, -113
Step count: 34
[21478] -355, -1065, -35
Step count: 34
[21498] -394, -1264, 47
Step count: 34
[21519] -359, -1212, 38
Step count: 34
[21540] -250, -1010, -36
Step count: 34
[21560] -236, -873, -104
Step count: 34
[21581] -301, -860, -84
Step count: 34
[21601] -334, -885, -27
Step count: 34
[21622] -298, -861, -2
Step count: 34
[21643] -271, -858, 15
Step count: 34
[21664] -283, -885, 34
Step count: 34
[21685] -303, -898, 33
Step count: 34
[21705] -313, -898, 35
Step count: 34
[21726] -309, -882, 54
Step count: 34
[21747] -322, -863, 38
Step count: 34
[21768] -354, -857, 28
Step count: 34
[21788] -360, -852, 32
Step count: 34
[21809] -355, -838, 40
Step count: 34
[21830] -379, -848, 35
Step count: 34
[21851] -388, -846, 14
Step count: 34
[21872] -396, -830, -4
Step count: 34
[21892] -422, -818, -18
Step count: 35
[21913] -417, -802, -29
Step count: 35
[21934] -415, -809, -42
Step count: 35
[21955] -423, -836, -32
Step count: 35
[21976] -457, -832, -23
Step count: 35
[21996] -456, -838, -8
Step count: 35
[22017] -485, -828, 1
Step count: 35
[22038] -566, -864, 0
Step count: 35
[22059] -630, -1052, 44
Step count: 35
[22079] -656, -1229, 81
Step count: 35
[22100] -675, -1277, 39
Step count: 35
[22121] -641, -1092, -74
Step count: 35
[22142] -529, -813, -200
Step count: 35
[22162] -364, -717, -265
Step count: 35
[22183] -246, -791, -219
Step count: 35
[22203] -209, -961, -84
Step count: 35
[22224] -177, -1154, 78
Step count: 35
[22245] -174, -1247, 128
Step count: 35
[22265] -202, -1193, 80
Step count: 35
[22286] -80, -1051, 78
Step count: 35
[22306] -2, -938, 67
Step count: 35
[22327] -80, -858, 12
Step count: 35
[22347] -174, -832, 0
Step count: 35
[22368] -186, -793, 37
Step count: 35
[22388] -234, -795, 39
Step count: 35
[22409] -319, -810, 27
Step count: 35
[22429] -335, -839, 25
Step count: 35
[22450] -357, -877, 26
Step count: 35
[22471] -312, -862, 8
Step count: 35
[22492] -303, -862, -12
Step count: 35
[22513] -373, -886, -17
Step count: 35
[22533] -395, -901, -29
Step count: 35
[22554] -403, -906, -36
Step count: 35
[22575] -406, -916, -44
Step count: 35
[22596] -405, -933, -25
Step count: 35
[22616] -421, -979, -24
Step count: 35
[22637] -405, -944, -51
Step count: 35
[22658] -375, -868, -65
Step count: 35
[22679] -409, -918, 1
Step count: 35
[22700] -497, -1297, 163
Step count: 36
[22720] -581, -1547, 162
Step count: 36
[22741] -525, -1324, -37
Step count: 36
[22762] -337, -894, -246
Step count: 36
[22783] -187, -636, -296
Step count: 36
[22804] -173, -733, -168
Step count: 36
[22824] -208, -1049, 33
Step count: 36
[22845] -164, -1198, 189
Step count: 36
[22866] -50, -1177, 196
Step count: 36
[22886] -31, -1052, 78
Step count: 36
[22907] -82, -929, -79
Step count: 36
[22927] -124, -844, -167
Step count: 36
[22948] -217, -824, -155
Step count: 36
[22968] -234, -756, -127
Step count: 36
[22989] -271, -741, -99
Step count: 36
[23010] -301, -724, -82
Step count: 36
[23030] -305, -703, -80
Step count: 36
[23051] -337, -714, -70
Step count: 36
[23071] -387, -754, -61
Step count: 36
[23092] -415, -755, -76
Step count: 36
[23112] -435, -778, -60
Step count: 36
[23133] -471, -811, -32
Step count: 36
[23154] -521, -831, -44
Step count: 36
[23174] -542, -829, -47
Step count: 36
[23195] -612, -857, -44
Step count: 36
[23216] -623, -913, -37
Step count: 36
[23237] -603, -893, -49
Step count: 36
[23258] -590, -896, -18
Step count: 36
[23278] -692, -1288, 140
Step count: 36
[23299] -838, -1680, 159
Step count: 36
[23320] -799, -1434, -53
Step count: 36
[23341] -533, -847, -209
Step count: 36
[23362] -397, -557, -125
Step count: 36
[23382] -335, -704, 0
Step count: 37
[23403] -222, -903, 2
Step count: 37
[23424] -180, -1033, 33
Step count: 37
[23445] -185, -1166, 140
Step count: 37
[23465] -109, -1094, 188
Step count: 37
[23486] -109, -933, 159
Step count: 37
[23507] -149, -847, 80
Step count: 37
[23528] -138, -810, 31
Step count: 37
[23548] -107, -791, 79
Step count: 37
[23569] -70, -789, 148
Step count: 37
[23590] -151, -823, 182
Step count: 37
[23610] -208, -830, 145
Step count: 37
[23631] -187, -815, 74
Step count: 37
[23652] -235, -839, 81
Step count: 37
[23672] -253, -889, 46
Step count: 37
[23693] -190, -758, -31
Step count: 37
[23713] -217, -774, -29
Step count: 37
[23734] -280, -845, -26
Step count: 37
[23754] -339, -901, -36
Step count: 37
[23775] -392, -976, -3
Step count: 37
[23796] -429, -1116, 2
Step count: 37
[23816] -464, -1029, -58
Step count: 37
[23837] -440, -856, -96
Step count: 37
[23858] -511, -1025, 46
Step count: 37
[23879] -652, -1536, 222
Step count: 37
[23899] -687, -1486, 171
Step count: 37
[23920] -572, -1049, -3
Step count: 37
[23941] -472, -680, -162
Step count: 37
[23962] -521, -670, -223
Step count: 38
[23982] -602, -978, -168
Step count: 38
[24003] -533, -1144, -75
Step count: 38
[24024] -457, -1218, -67
Step count: 38
[24045] -323, -1153, -66
Step count: 38
[24066] -84, -1090, -66
Step count: 38
[24086] 61, -913, -109
Step count: 38
[24107] 22, -741, -92
Step count: 38
[24128] -133, -672, -55
Step count: 38
[24148] -228, -608, -30
Step count: 38
[24169] -294, -619, -15
Step count: 38
[24190] -340, -666, -15
Step count: 38
[24210] -352, -715, -15
Step count: 38
[24231] -333, -752, 1
Step count: 38
[24251] -313, -761, 17
Step count: 38
[24272] -329, -782, 17
Step count: 38
[24293] -344, -795, 0
Step count: 38
[24313] -385, -795, -3
Step count: 38
[24334] -424, -820, 11
Step count: 39
[24355] -492, -886, 37
Step count: 39
[24376] -630, -1051, 87
Step count: 39
[24396] -678, -1020, 81
Step count: 39
[24417] -695, -878, 68
Step count: 39
[24438] -682, -911, 130
Step count: 39
[24459] -794, -1248, 207
Step count: 39
[24480] -914, -1383, 128
Step count: 39
[24500] -849, -1122, -4
Step count: 39
[24521] -713, -824, -4
Step count: 39
[24542] -571, -732, 35
Step count: 39
[24563] -508, -874, 11
Step count: 39
[24583] -385, -976, 4
Step count: 39
[24604] -35, -1015, 23
Step count: 39
[24625] 82, -1049, -44
Step count: 39
[24646] -72, -1064, -50
Step count: 40
[24667] -192, -984, 5
Step count: 40
[24687] -190, -865, 9
Step count: 40
[24708] -177, -766, 11
Step count: 40
[24729] -226, -763, 70
Step count: 40
[24750] -228, -778, 83
Step count: 40
[24771] -238, -765, 66
Step count: 40
[24791] -229, -712, 66
Step count: 40
[24812] -257, -748, 46
Step count: 40
[24832] -375, -799, 29
Step count: 40
[24853] -344, -761, 17
Step count: 40
[24873] -335, -777, 34
Step count: 40
[24894] -348, -805, 33
Step count: 40
[24915] -414, -911, 69
Step count: 40
[24936] -444, -977, 70
Step count: 40
[24957] -422, -932, 32
Step count: 40
[24977] -407, -941, 9
Step count: 40
[24998] -510, -1386, 198
Step count: 40
[25019] -646, -1815, 288
Step count: 40
[25040] -648, -1347, -4
Step count: 40
[25061] -345, -758, -136
Step count: 40
[25081] -181, -644, -165
Step count: 40
[25102] -351, -878, -333
Step count: 40
[25123] -304, -1083, -303
Step count: 41
[25144] -170, -1187, -146
Step count: 41
[25165] -64, -1186, -3
Step count: 41
[25185] -65, -1083, -38
Step count: 41
[25206] -161, -896, -173
Step count: 41
[25227] -187, -728, -204
Step count: 41
[25248] -238, -675, -121
Step count: 41
[25269] -263, -638, -92
Step count: 41
[25289] -274, -632, -88
Step count: 41
[25310] -329, -662, -79
Step count: 41
[25331] -333, -729, -68
Step count: 41
[25351] -303, -729, -64
Step count: 41
[25372] -309, -724, -62
Step count: 41
[25393] -322, -747, -52
Step count: 41
[25414] -338, -763, -56
Step count: 41
[25434] -353, -789, -59
Step count: 41
[25455] -422, -851, -48
Step count: 41
[25476] -538, -945, 7
Step count: 41
[25497] -571, -977, 22
Step count: 41
[25517] -577, -942, 21
Step count: 41
[25538] -571, -904, 8
Step count: 41
[25559] -555, -1141, 94
Step count: 42
[25580] -660, -1585, 167
Step count: 42
[25601] -725, -1598, 129
Step count: 42
[25621] -662, -1123, 12
Step count: 42
[25642] -599, -693, -3
Step count: 42
[25663] -411, -634, -23
Step count: 42
[25684] -307, -788, -128
Step count: 42
[25704] -187, -1004, -106
Step count: 42
[25725] -42, -1255, 118
Step count: 42
[25746] -52, -1274, 205
Step count: 42
[25767] -185, -1110, 89
Step count: 42
[25788] -238, -937, -54
Step count: 42
[25808] -112, -805, -79
Step count: 42
[25829] -42, -750, 0
Step count: 42
[25850] -84, -740, 33
Step count: 42
[25870] -139, -761, 8
Step count: 42
[25891] -149, -782, 46
Step count: 42
[25912] -205, -796, 52
Step count: 42
[25933] -177, -723, 46
Step count: 42
[25953] -232, -771, 49
Step count: 42
[25974] -343, -780, 28
Step count: 42
[25995] -309, -753, 2
Step count: 43
[26015] -362, -853, 55
Step count: 43
[26036] -389, -909, 59
Step count: 43
[26057] -444, -958, 63
Step count: 43
[26078] -464, -998, 66
Step count: 43
[26099] -503, -985, 51
Step count: 43
[26119] -485, -936, 71
Step count: 43
[26140] -559, -1226, 182
Step count: 43
[26161] -689, -1679, 349
Step count: 43
[26182] -658, -1500, 277
Step count: 43
[26203] -488, -849, 1
Step count: 43
[26223] -350, -493, -95
Step count: 43
[26244] -270, -674, -75
Step count: 43
[26265] -270, -985, 58
Step count: 43
[26286] -316, -1282, 181
Step count: 43
[26306] -240, -1289, 219
Step count: 43
[26327] -149, -1249, 151
Step count: 43
[26348] -123, -1074, -42
Step count: 43
[26369] -190, -879, -114
Step count: 43
[26390] -240, -803, -49
Step count: 43
[26410] -174, -740, 12
Step count: 43
[26431] -165, -698, 2
Step count: 43
[26452] -194, -668, -44
Step count: 43
[26473] -194, -674, -50
Step count: 43
[26493] -234, -713, -8
Step count: 43
[26514] -243, -718, 11
Step count: 43
[26535] -275, -735, 18
Step count: 43
[26555] -317, -806, 55
Step count: 43
[26576] -334, -786, 71
Step count: 44
[26597] -374, -836, 88
Step count: 44
[26618] -444, -933, 114
Step count: 44
[26638] -471, -962, 104
Step count: 44
[26659] -468, -976, 116
Step count: 44
[26680] -552, -956, 184
Step count: 44
[26701] -653, -1140, 296
Step count: 44
[26722] -786, -1446, 273
Step count: 44
[26742] -881, -1532, 118
Step count: 44
[26763] -806, -1264, 97
Step count: 44
[26784] -481, -781, 134
Step count: 44
[26805] -33, -757, 135
Step count: 44
[26826] -11, -1039, 19
Step count: 44
[26846] -115, -1290, 125
Step count: 44
[26867] -105, -1103, 162
Step count: 45
[26888] -150, -1088, 177
Step count: 45
[26909] -157, -984, 97
Step count: 45
[26929] -76, -742, -9
Step count: 45
[26950] -70, -665, -11
Step count: 45
[26971] -136, -672, 15
Step count: 45
[26992] -190, -662, 57
Step count: 45
[27013] -257, -716, 93
Step count: 45
[27033] -339, -751, 90
Step count: 45
[27054] -362, -755, 86
Step count: 45
[27075] -305, -718, 90
Step count: 45
[27096] -357, -871, 36
Step count: 45
[27116] -377, -991, -7
Step count: 45
[27137] -553, -1024, -18
Step count: 45
[27158] -724, -954, 50
Step count: 45
[27179] -746, -921, 95
Step count: 45
[27199] -707, -915, 73
Step count: 45
[27220] -567, -950, 133
Step count: 45
[27241] -502, -1290, 411
Step count: 45
[27262] -380, -1648, 578
Step count: 45
[27283] -100, -1276, 401
Step count: 45
[27303] 92, -797, 38
Step count: 45
[27324] 78, -661, -6
Step count: 45
[27345] -206, -872, 134
Step count: 45
[27366] -384, -994, 275
Step count: 45
[27387] -242, -1053, 266
Step count: 45
[27407] 7, -1079, 171
Step count: 46
[27428] 107, -1067, 67
Step count: 46
[27449] 11, -1010, 28
Step count: 46
[27470] -156, -969, 72
Step count: 46
[27491] -238, -822, 83
Step count: 46
[27511] -375, -807, 47
Step count: 46
[27532] -340, -745, 9
Step count: 46
[27553] -305, -737, -11
Step count: 46
[27574] -339, -759, 1
Step count: 46
[27595] -329, -749, -9
Step count: 46
[27615] -403, -780, 4
Step count: 46
[27636] -498, -807, 43
Step count: 46
[27657] -459, -722, 61
Step count: 46
[27677] -415, -716, 72
Step count: 46
[27698] -407, -719, 77
Step count: 46
[27719] -477, -731, 48
Step count: 46
[27740] -636, -864, 69
Step count: 46
[27760] -801, -1036, 132
Step count: 46
[27781] -778, -1164, 214
Step count: 46
[27802] -542, -1471, 277
Step count: 46
[27823] -385, -1699, 231
Step count: 46
[27844] -263, -1493, 31
Step count: 46
[27864] -80, -1002, -89
Step count: 46
[27885] 35, -749, 48
Step count: 46
[27906] -235, -859, 11
Step count: 46
[27927] -479, -901, 0
Step count: 47
[27948] -478, -954, 99
Step count: 47
[27968] -376, -947, 157
Step count: 47
[27989] -295, -898, 165
Step count: 47
[28010] -177, -853, 152
Step count: 47
[28031] -135, -764, 79
Step count: 47
[28051] -171, -685, 39
Step count: 47
[28072] -260, -687, 86
Step count: 47
[28093] -272, -670, 120
Step count: 47
[28114] -278, -715, 105
Step count: 47
[28135] -452, -787, 59
Step count: 47
[28155] -414, -742, 94
Step count: 47
[28176] -430, -742, 84
Step count: 47
[28197] -438, -771, 67
Step count: 47
[28218] -467, -869, 89
Step count: 47
[28238] -468, -977, 144
Step count: 47
[28259] -484, -1060, 141
Step count: 47
[28280] -443, -1045, 96
Step count: 48
[28301] -452, -1047, 59
Step count: 48
[28321] -385, -1133, 124
Step count: 48
[28342] -483, -1568, 260
Step count: 48
[28363] -482, -1539, 181
Step count: 48
[28384] -247, -1073, -114
Step count: 48
[28405] -33, -664, -273
Step count: 48
[28425] -68, -740, -193
Step count: 48
[28446] -238, -1014, -5
Step count: 48
[28467] -237, -1145, 168
Step count: 48
[28488] -139, -1150, 219
Step count: 48
[28509] -140, -1104, 156
Step count: 48
[28529] -153, -995, 66
Step count: 48
[28550] -272, -909, -24
Step count: 48
[28571] -358, -754, -10
Step count: 48
[28592] -234, -605, -9
Step count: 48
[28612] -289, -615, -47
Step count: 48
[28633] -343, -613, -60
Step count: 48
[28654] -389, -627, -10
Step count: 48
[28675] -368, -692, 22
Step count: 48
[28695] -418, -728, 55
Step count: 48
[28716] -448, -734, 34
Step count: 48
[28737] -489, -757, 37
Step count: 48
[28757] -529, -765, 50
Step count: 48
[28778] -574, -844, 105
Step count: 48
[28798] -653, -965, 134
Step count: 48
[28819] -713, -1001, 130
Step count: 48
[28840] -690, -994, 136
Step count: 48
[28860] -654, -1097, 207
Step count: 48
[28881] -702, -1425, 273
Step count: 48
[28902] -730, -1469, 180
Step count: 48
[28923] -616, -1137, 24
Step count: 48
[28944] -413, -802, 15
Step count: 48
[28964] -204, -790, 68
Step count: 48
[28985] -197, -972, 86
Step count: 48
[29006] -219, -1073, 137
Step count: 48
[29027] -188, -1166, 220
Step count: 48
[29048] -68, -1137, 234
Step count: 48
[29068] 50, -982, 140
Step count: 48
[29089] 46, -821, 13
Step count: 48
[29110] -13, -743, -28
Step count: 49
[29131] -27, -711, 5
Step count: 49
[29151] -41, -704, 56
Step count: 49
[29172] -94, -715, 82
Step count: 49
[29193] -163, -745, 81
Step count: 49
[29214] -258, -799, 89
Step count: 49
[29235] -310, -849, 129
Step count: 49
[29255] -470, -881, 138
Step count: 49
[29276] -481, -824, 124
Step count: 49
[29297] -436, -785, 134
Step count: 49
[29318] -466, -890, 157
Step count: 49
[29338] -535, -999, 188
Step count: 49
[29359] -527, -1067, 252
Step count: 49
[29380] -481, -1064, 240
Step count: 49
[29401] -463, -979, 158
Step count: 49
[29421] -485, -1156, 249
Step count: 49
[29442] -608, -1651, 426
Step count: 49
[29463] -553, -1551, 233
Step count: 49
[29484] -250, -934, -210
Step count: 49
[29505] -18, -447, -315
Step count: 49
[29525] -140, -635, -140
Step count: 49
[29546] -395, -1076, 59
Step count: 49
[29567] -321, -1355, 234
Step count: 49
[29588] -110, -1347, 188
Step count: 49
[29609] 39, -1140, 22
Step count: 49
[29629] 52, -940, -113
Step count: 49
[29650] -80, -858, -73
Step count: 49
[29671] -347, -857, 24
Step count: 49
[29692] -343, -718, 47
Step count: 49
[29713] -332, -683, 47
Step count: 49
[29733] -339, -700, 70
Step count: 49
[29754] -356, -713, 101
Step count: 49
[29775] -426, -720, 115
Step count: 49
[29796] -401, -709, 100
Step count: 49
[29817] -375, -671, 75
Step count: 50
[29837] -398, -653, 64
Step count: 50
[29858] -439, -678, 50
Step count: 50
[29879] -447, -739, 57
Step count: 50
[29900] -443, -839, 76
Step count: 50
[29921] -511, -945, 79
Step count: 50
[29941] -559, -950, 83
Step count: 50
[29962] -556, -872, 81
Step count: 50
[29983] -561, -844, 88
Step count: 50
[30004] -648, -1147, 135
Step count: 50
[30025] -766, -1425, 162
Step count: 50
[30045] -716, -1448, 125
Step count: 50
[30066] -439, -1213, 22
Step count: 50
[30087] -213, -811, -49
Step count: 50
[30108] -81, -743, -22
Step count: 50
[30129] -154, -861, -66
Step count: 50
[30149] -255, -997, 27
Step count: 50
[30170] -221, -1178, 157
Step count: 51
[30191] -76, -1172, 170
Step count: 51
[30212] 7, -1122, 125
Step count: 51
[30233] -33, -1019, 82
Step count: 51
[30253] -106, -902, 79
Step count: 51
[30274] -121, -840, 94
Step count: 51
[30295] -137, -777, 85
Step count: 51
[30316] -246, -721, 53
Step count: 51
[30337] -317, -706, 66
Step count: 51
[30357] -389, -730, 107
Step count: 51
[30378] -478, -748, 117
Step count: 51
[30399] -515, -760, 115
Step count: 51
[30420] -462, -779, 119
Step count: 51
[30440] -414, -818, 123
Step count: 51
[30461] -413, -885, 118
Step count: 51
[30482] -407, -928, 103
Step count: 51
[30503] -396, -950, 103
Step count: 51
[30524] -401, -982, 106
Step count: 51
[30544] -406, -1013, 94
Step count: 51
[30565] -400, -971, 64
Step count: 51
[30586] -381, -905, 34
Step count: 51
[30607] -401, -1016, 139
Step count: 51
[30628] -487, -1457, 344
Step count: 51
[30648] -567, -1647, 347
Step count: 51
[30669] -536, -1348, 135
Step count: 51
[30690] -435, -900, -123
Step count: 51
[30711] -356, -581, -242
Step count: 51
[30731] -291, -708, -166
Step count: 51
[30752] -295, -966, -111
Step count: 51
[30773] -308, -1060, -57
Step count: 51
[30794] -304, -1103, 51
Step count: 51
[30815] -226, -1086, 111
Step count: 51
[30835] -187, -885, -43
Step count: 51
[30856] -170, -793, -30
Step count: 51
[30877] -276, -729, -8
Step count: 52
[30898] -288, -642, -10
Step count: 52
[30918] -325, -641, -21
Step count: 52
[30939] -364, -640, -49
Step count: 52
[30960] -358, -673, -43
Step count: 52
[30980] -327, -739, 9
Step count: 52
[31001] -322, -780, 41
Step count: 52
[31022] -363, -776, 38
Step count: 52
[31042] -391, -757, 9
Step count: 52
[31063] -403, -753, -28
Step count: 52
[31084] -424, -807, -31
Step count: 52
[31105] -458, -877, -15
Step count: 52
[31126] -486, -951, -7
Step count: 52
[31146] -527, -972, -17
Step count: 52
[31167] -553, -967, -28
Step count: 52
[31188] -518, -933, -24
Step count: 52
[31209] -489, -909, 5
Step count: 52
[31229] -511, -1078, 113
Step count: 52
[31250] -603, -1515, 243
Step count: 52
[31271] -694, -1696, 161
Step count: 52
[31292] -520, -1351, -5
Step count: 52
[31313] -209, -889, -61
Step count: 52
[31333] -63, -721, -36
Step count: 52
[31354] -129, -864, -64
Step count: 52
[31375] -259, -952, -100
Step count: 52
[31396] -88, -1170, 140
Step count: 52
[31416] -42, -1128, 82
Step count: 52
[31437] -16, -1009, -2
Step count: 52
[31458] 27, -913, -1
Step count: 52
[31479] -18, -863, 26
Step count: 52
[31499] -111, -867, 64
Step count: 52
[31520] -213, -887, 105
Step count: 52
[31541] -290, -891, 131
Step count: 52
[31561] -199, -821, 130
Step count: 52
[31582] -219, -839, 108
Step count: 52
[31603] -299, -839, 84
Step count: 53
[31623] -306, -814, 76
Step count: 53
[31644] -352, -829, 98
Step count: 53
[31665] -374, -852, 133
Step count: 53
[31685] -378, -883, 154
Step count: 53
[31706] -382, -909, 158
Step count: 53
[31727] -388, -925, 156
Step count: 53
[31748] -397, -938, 156
Step count: 53
[31769] -401, -924, 156
Step count: 53
[31789] -427, -903, 157
Step count: 53
[31810] -449, -884, 141
Step count: 53
[31831] -459, -853, 120
Step count: 53
[31852] -487, -847, 90
Step count: 53
[31872] -502, -830, 58
Step count: 53
[31893] -522, -984, 117
Step count: 53
[31914] -566, -1315, 207
Step count: 53
[31935] -595, -1348, 117
Step count: 53
[31956] -369, -880, -221
Step count: 53
[31976] -230, -690, -363
Step count: 53
[31997] -108, -699, -321
Step count: 53
[32018] -218, -921, -138
Step count: 53
[32039] -312, -1173, 53
Step count: 53
[32059] -314, -1263, 123
Step count: 54
[32080] -295, -1137, 67
Step count: 54
[32101] -265, -1052, 1
Step count: 54
[32122] -229, -959, -47
Step count: 54
[32142] -200, -871, -76
Step count: 54
[32163] -247, -838, -89
Step count: 54
[32184] -276, -838, -28
Step count: 54
[32204] -242, -778, -26
Step count: 54
[32225] -247, -738, -54
Step count: 54
[32246] -247, -746, -64
Step count: 54
[32267] -235, -742, -63
Step count: 54
[32287] -241, -758, -42
Step count: 54
[32308] -280, -781, -31
Step count: 54
[32329] -322, -799, -29
Step count: 54
[32350] -351, -803, -57
Step count: 54
[32371] -399, -818, -92
Step count: 54
[32391] -435, -845, -109
Step count: 54
[32412] -451, -854, -104
Step count: 54
[32433] -489, -859, -97
Step count: 54
[32454] -502, -940, -85
Step count: 54
[32475] -521, -940, -75
Step count: 54
[32495] -513, -908, -49
Step count: 54
[32516] -547, -892, -41
Step count: 54
[32537] -611, -976, -9
Step count: 54
[32558] -645, -1159, 53
Step count: 54
[32578] -659, -1265, 67
Step count: 54
[32599] -690, -1212, 40
Step count: 54
[32620] -677, -913, -43
Step count: 54
[32641] -528, -586, -163
Step count: 54
[32662] -337, -510, -236
Step count: 55
[32682] -195, -735, -224
Step count: 55
[32703] -177, -1010, -67
Step count: 55
[32724] -209, -1255, 94
Step count: 55
[32745] -231, -1368, 156
Step count: 55
[32765] -220, -1259, 118
Step count: 55
[32786] -192, -1101, 20
Step count: 55
[32806] -158, -979, -56
Step count: 55
[32827] -160, -944, -24
Step count: 55
[32847] -180, -900, -5
Step count: 55
[32868] -143, -803, -18
Step count: 55
[32888] -167, -811, -24
Step count: 55
[32909] -333, -829, -32
Step count: 55
[32929] -315, -757, -39
Step count: 55
[32950] -343, -753, -25
Step count: 55
[32971] -346, -732, -19
Step count: 55
[32991] -294, -747, -14
Step count: 55
[33012] -317, -786, -22
Step count: 55
[33033] -346, -846, -8
Step count: 55
[33054] -370, -981, 37
Step count: 55
[33074] -401, -1097, 91
Step count: 55
[33095] -519, -1172, 94
Step count: 55
[33116] -541, -1058, 0
Step count: 55
[33137] -487, -903, -105
Step count: 55
[33158] -483, -880, -99
Step count: 55
[33178] -542, -1188, 26
Step count: 55
[33199] -610, -1385, 60
Step count: 55
[33220] -574, -1138, -139
Step count: 55
[33241] -414, -863, -272
Step count: 56
[33262] -260, -670, -322
Step count: 56
[33282] -189, -693, -302
Step count: 56
[33303] -185, -921, -149
Step count: 56
[33324] -186, -1072, 42
Step count: 56
[33345] -144, -1105, 136
Step count: 56
[33365] -44, -1020, 110
Step count: 56
[33386] -70, -916, -21
Step count: 56
[33407] -76, -770, -86
Step count: 56
[33428] -152, -759, -62
Step count: 56
[33448] -276, -739, -38
Step count: 56
[33469] -330, -726, -33
Step count: 56
[33489] -304, -708, -35
Step count: 56
[33510] -284, -701, -52
Step count: 56
[33530] -315, -714, -67
Step count: 56
[33551] -361, -761, -67
Step count: 56
[33572] -430, -806, -64
Step count: 56
[33592] -477, -818, -77
Step count: 56
[33613] -495, -779, -108
Step count: 56
[33634] -520, -776, -108
Step count: 56
[33654] -551, -809, -88
Step count: 56
[33675] -645, -879, -62
Step count: 56
[33696] -686, -922, -52
Step count: 56
[33717] -721, -952, -60
Step count: 56
[33738] -659, -913, -61
Step count: 56
[33758] -653, -990, -30
Step count: 56
[33779] -781, -1246, 21
Step count: 56
[33800] -886, -1461, 39
Step count: 56
[33821] -740, -1331, -56
Step count: 57
[33842] -395, -857, -146
Step count: 57
[33862] -157, -630, -145
Step count: 57
[33883] -134, -750, -151
Step count: 57
[33904] -181, -930, -70
Step count: 57
[33925] -280, -1103, 24
Step count: 57
[33946] -297, -1177, 96
Step count: 57
[33966] -198, -1109, 95
Step count: 57
[33987] -89, -987, 30
Step count: 58
[34008] -60, -885, -23
Step count: 58
[34029] -118, -838, -20
Step count: 58
[34049] -170, -786, 7
Step count: 58
[34070] -189, -745, 16
Step count: 58
[34091] -217, -720, 2
Step count: 58
[34112] -215, -688, 4
Step count: 58
[34132] -316, -724, -19
Step count: 58
[34153] -425, -740, -17
Step count: 58
[34174] -397, -734, -13
Step count: 58
[34194] -453, -785, -35
Step count: 58
[34215] -441, -858, -56
Step count: 58
[34236] -472, -947, -40
Step count: 58
[34257] -510, -1034, -11
Step count: 58
[34278] -521, -1109, 10
Step count: 58
[34298] -459, -1080, -23
Step count: 58
[34319] -437, -1093, -78
Step count: 58
[34340] -524, -1358, 3
Step count: 58
[34361] -547, -1574, 17
Step count: 58
[34381] -446, -1353, -117
Step count: 58
[34402] -227, -931, -218
Step count: 59
[34423] -38, -600, -216
Step count: 59
[34444] -75, -596, -162
Step count: 59
[34465] -194, -825, -34
Step count: 59
[34485] -246, -1075, 85
Step count: 59
[34506] -214, -1178, 106
Step count: 59
[34527] -109, -1062, 24
Step count: 59
[34548] -86, -945, -34
Step count: 59
[34569] -184, -852, -21
Step count: 59
[34589] -324, -815, -23
Step count: 59
[34610] -496, -829, 5
Step count: 59
[34631] -417, -724, 14
Step count: 59
[34652] -420, -754, 6
Step count: 59
[34672] -425, -731, 13
Step count: 59
[34693] -416, -704, 9
Step count: 59
[34714] -466, -696, 1
Step count: 59
[34734] -454, -719, -1
Step count: 59
[34755] -436, -732, -43
Step count: 59
[34776] -377, -815, -70
Step count: 59
[34796] -364, -786, -139
Step count: 59
[34817] -340, -805, -149
Step count: 59
[34838] -427, -848, -158
Step count: 59
[34859] -481, -925, -178
Step count: 59
[34880] -539, -1017, -171
Step count: 59
[34900] -545, -1031, -168
Step count: 59
[34921] -552, -931, -178
Step count: 59
[34942] -507, -833, -149
Step count: 59
[34963] -535, -980, -86
Step count: 59
[34984] -700, -1287, -87
Step count: 59
[35004] -745, -1275, -152
Step count: 59
[35025] -569, -1025, -100
Step count: 59
[35046] -472, -959, 36
Step count: 59
[35067] -317, -966, 96
Step count: 59
[35088] -212, -1015, 38
Step count: 59
[35108] -207, -1084, 79
Step count: 59
[35129] -193, -1064, 133
Step count: 59
[35150] -211, -977, 110
Step count: 59
[35171] -244, -857, 22
Step count: 59
[35191] -277, -769, -17
Step count: 59
[35212] -306, -687, -15
Step count: 59
[35233] -305, -628, 8
Step count: 59
[35254] -287, -600, 17
Step count: 59
[35274] -292, -613, 9
Step count: 59
[35295] -316, -671, -26
Step count: 59
[35316] -275, -684, -26
Step count: 60
[35336] -316, -779, -43
Step count: 60
[35357] -404, -826, -43
Step count: 60
[35378] -374, -847, -22
Step count: 60
[35399] -421, -932, -8
Step count: 60
[35420] -455, -1034, 2
Step count: 60
[35440] -459, -1123, 3
Step count: 60
[35461] -489, -1123, -7
Step count: 60
[35482] -521, -1391, 79
Step count: 60
[35503] -585, -1800, 119
Step count: 60
[35524] -626, -1570, -71
Step count: 60
[35544] -369, -814, -240
Step count: 60
[35565] -64, -361, -249
Step count: 60
[35586] -120, -603, -255
Step count: 60
[35607] -299, -1047, -129
Step count: 60
[35628] -317, -1246, 76
Step count: 60
[35648] -291, -1296, 176
Step count: 60
[35669] -304, -1068, 50
Step count: 60
[35690] -277, -879, -88
Step count: 60
[35711] -281, -828, -93
Step count: 60
[35731] -329, -757, -62
Step count: 60
[35752] -331, -651, -53
Step count: 60
[35773] -436, -696, -57
Step count: 60
[35794] -346, -603, -55
Step count: 60
[35814] -341, -667, -69
Step count: 60
[35835] -413, -695, -59
Step count: 60
[35856] -447, -704, -55
Step count: 60
[35876] -460, -707, -50
Step count: 60
[35897] -459, -707, -60
Step count: 60
[35917] -459, -741, -67
Step count: 60
[35938] -466, -801, -59
Step count: 60
[35959] -481, -848, -50
Step count: 60
[35979] -496, -911, -48
Step count: 61
[36000] -508, -963, -56
Step count: 61
[36021] -505, -963, -63
Step count: 61
[36042] -501, -918, -78
Step count: 61
[36062] -512, -982, -30
Step count: 61
[36083] -610, -1407, 89
Step count: 61
[36104] -739, -1658, 41
Step count: 61
[36125] -659, -1352, -76
Step count: 61
[36146] -484, -900, -69
Step count: 61
[36166] -401, -676, 29
Step count: 61
[36187] -387, -811, 79
Step count: 61
[36208] -427, -995, 45
Step count: 61
[36229] -430, -1063, 46
Step count: 61
[36250] -394, -1108, 66
Step count: 61
[36270] -314, -1025, 31
Step count: 61
[36291] -226, -864, 3
Step count: 61
[36312] -185, -758, -7
Step count: 61
[36333] -237, -720, -15
Step count: 61
[36354] -242, -702, -24
Step count: 61
[36374] -232, -687, -26
Step count: 61
[36395] -233, -687, -11
Step count: 61
[36416] -234, -691, 13
Step count: 61
[36437] -255, -701, 15
Step count: 61
[36457] -292, -743, 11
Step count: 61
[36478] -323, -782, -12
Step count: 61
[36499] -331, -827, -19
Step count: 61
[36520] -339, -882, 0
Step count: 61
[36540] -369, -937, 7
Step count: 62
[36561] -406, -1024, 8
Step count: 62
[36582] -423, -1033, 23
Step count: 62
[36603] -352, -999, 20
Step count: 62
[36624] -429, -1087, 67
Step count: 62
[36644] -541, -1491, 217
Step count: 62
[36665] -644, -1636, 197
Step count: 62
[36686] -653, -1206, -1
Step count: 62
[36707] -554, -741, -165
Step count: 62
[36727] -508, -612, -188
Step count: 62
[36748] -572, -812, -183
Step count: 62
[36769] -511, -921, -146
Step count: 62
[36790] -451, -991, -37
Step count: 62
[36811] -381, -1104, 74
Step count: 62
[36831] -243, -1044, 59
Step count: 62
[36852] -317, -1012, 20
Step count: 62
[36873] -315, -881, -27
Step count: 62
[36894] -319, -774, -48
Step count: 62
[36914] -322, -676, -45
Step count: 62
[36935] -356, -661, -82
Step count: 62
[36956] -317, -662, -97
Step count: 62
[36977] -279, -710, -62
Step count: 62
[36997] -256, -723, -52
Step count: 62
[37018] -267, -751, -31
Step count: 62
[37038] -249, -777, -6
Step count: 62
[37059] -279, -791, -26
Step count: 62
[37080] -354, -836, -31
Step count: 62
[37101] -390, -880, -17
Step count: 63
[37121] -368, -918, -17
Step count: 63
[37142] -436, -969, -23
Step count: 63
[37163] -504, -927, -23
Step count: 63
[37184] -506, -929, 16
Step count: 63
[37204] -504, -1114, 131
Step count: 63
[37225] -629, -1487, 173
Step count: 63
[37246] -782, -1613, 97
Step count: 63
[37267] -629, -1220, -25
Step count: 63
[37288] -542, -692, -71
Step count: 63
[37308] -436, -660, 27
Step count: 63
[37329] -459, -930, 84
Step count: 63
[37350] -469, -1115, 112
Step count: 63
[37371] -433, -1123, 104
Step count: 63
[37391] -432, -1108, 100
Step count: 63
[37412] -369, -956, 63
Step count: 63
[37433] -311, -754, 5
Step count: 63
[37454] -304, -638, -6
Step count: 63
[37475] -350, -625, -19
Step count: 63
[37495] -263, -625, 40
Step count: 63
[37516] -201, -704, 53
Step count: 63
[37537] -356, -800, 27
Step count: 63
[37558] -341, -796, 13
Step count: 63
[37578] -296, -782, 35
Step count: 63
[37599] -291, -769, 52
Step count: 63
[37620] -271, -808, 61
Step count: 63
[37640] -310, -856, 66
Step count: 63
[37661] -346, -915, 70
Step count: 64
[37682] -332, -977, 103
Step count: 64
[37703] -336, -963, 82
Step count: 64
[37723] -329, -899, 36
Step count: 64
[37744] -371, -1171, 118
Step count: 64
[37765] -539, -1656, 201
Step count: 64
[37786] -616, -1604, 89
Step count: 64
[37807] -506, -1020, -184
Step count: 64
[37827] -328, -609, -250
Step count: 64
[37848] -337, -678, -212
Step count: 64
[37869] -403, -958, -212
Step count: 64
[37890] -421, -1159, -158
Step count: 64
[37910] -403, -1193, -16
Step count: 64
[37931] -343, -1156, 70
Step count: 64
[37952] -249, -1016, -24
Step count: 64
[37973] -174, -834, -149
Step count: 64
[37994] -120, -673, -176
Step count: 64
[38014] -287, -645, -154
Step count: 64
[38035] -314, -682, -68
Step count: 64
[38056] -301, -668, -31
Step count: 64
[38077] -360, -597, -52
Step count: 64
[38098] -368, -644, -46
Step count: 64
[38118] -348, -654, -32
Step count: 64
[38139] -355, -675, -8
Step count: 64
[38160] -372, -710, 19
Step count: 64
[38181] -406, -733, 27
Step count: 64
[38201] -478, -814, 58
Step count: 64
[38222] -541, -928, 92
Step count: 64
[38243] -578, -1018, 98
Step count: 64
[38263] -629, -1032, 60
Step count: 64
[38284] -640, -991, 0
Step count: 64
[38305] -617, -930, -27
Step count: 64
[38326] -606, -1139, 94
Step count: 64
[38347] -687, -1599, 176
Step count: 64
[38367] -737, -1666, 99
Step count: 64
[38388] -654, -1201, -67
Step count: 64
[167155216] -526, -654, -167
Step count: 64
[167155232] -398, -494, -104
Step count: 64
[167155248] -478, -806, -65
Step count: 64
[167155264] -600, -1167, 57
Step count: 64
[167155296] -523, -1325, 226
Step count: 64
[167155312] -441, -1141, 129
Step count: 64
[167155328] -395, -1058, 65
Step count: 64
[167155360] -263, -926, 23
Step count: 65
[167155376] -78, -697, 45
Step count: 65
[167155392] -148, -661, 40
Step count: 65
[167155424] -140, -671, 60
Step count: 65
[167155440] -273, -701, 57
Step count: 65
[167155456] -300, -689, 47
Step count: 65
[167155488] -330, -709, 25
Step count: 65
[167155504] -310, -709, 42
Step count: 65
[167155520] -263, -721, 17
Step count: 65
[167155536] -304, -738, -3
Step count: 65
[167155552] -328, -798, 24
Step count: 65
[167155584] -334, -884, 60
Step count: 65
[167155600] -380, -994, 82
Step count: 65
[167155632] -413, -1078, 79
Step count: 65
[167155648] -413, -1066, 43
Step count: 65
[167155664] -403, -1122, 87
Step count: 65
[167155696] -468, -1497, 231
Step count: 65
[167155712] -565, -1632, 179
Step count: 65
[167155728] -561, -1179, -37
Step count: 65
[167155744] -422, -707, -187
Step count: 65
[167155776] -345, -541, -139
Step count: 65
[167155792] -395, -745, -64
Step count: 65
[167155808] -447, -977, -46
Step count: 65
[167155824] -458, -1024, -33
Step count: 65
[167155856] -425, -1033, 0
Step count: 65
[167155872] -321, -1033, 13
Step count: 65
[167155904] -210, -818, -44
Step count: 65
[167155920] -376, -798, -14
Step count: 66
[167155936] -339, -671, -36
Step count: 66
[167155968] -358, -657, -60
Step count: 66
[167155984] -409, -669, -84
Step count: 66
[167156000] -395, -687, -55
Step count: 66
[167156016] -397, -723, -16
Step count: 66
[167156032] -415, -747, -13
Step count: 66
[167156064] -425, -758, -10
Step count: 66
[167156080] -447, -775, 9
Step count: 66
[167156096] -475, -778, 15
Step count: 66
[167156128] -489, -783, 24
Step count: 66
[167156144] -504, -777, 28
Step count: 66
[167156176] -530, -828, 33
Step count: 66
[167156192] -584, -954, 52
Step count: 66
[167156208] -611, -1018, 65
Step count: 66
[167156224] -583, -1026, 68
Step count: 66
[167156256] -527, -1081, 125
Step count: 66
[167156272] -560, -1360, 239
Step count: 66
[167156288] -667, -1574, 216
Step count: 66
[167156304] -643, -1404, 78
Step count: 66
[167156336] -579, -937, -37
Step count: 66
[167156352] -528, -681, 37
Step count: 66
[167156368] -472, -804, 125
Step count: 66
[167156384] -452, -926, 99
Step count: 66
[167156416] -452, -939, 53
Step count: 66
[167156448] -360, -963, 83
Step count: 66
[167156464] -303, -882, 39
Step count: 66
[167156480] -330, -802, -17
Step count: 66
[167156496] -300, -769, -10
Step count: 66
[167156512] -274, -744, 15
Step count: 66
[167156544] -233, -724, 43
Step count: 66
[167156560] -215, -743, 54
Step count: 66
[167156576] -247, -770, 28
Step count: 66
[167156608] -246, -794, 47
Step count: 66
[167156624] -288, -785, 28
Step count: 66
[167156640] -315, -749, 33
Step count: 66
[167156656] -294, -715, 35
Step count: 66
[167156688] -296, -742, 28
Step count: 66
[167156704] -320, -829, 45
Step count: 66
[167156736] -335, -914, 67
Step count: 66
[167156752] -352, -990, 86
Step count: 67
[167156768] -373, -993, 68
Step count: 67
[167156784] -388, -927, 29
Step count: 68
[167156816] -409, -1078, 134
Step count: 68
[167156832] -504, -1557, 287
Step count: 68
[167156848] -656, -1621, 115
Step count: 68
[167156864] -627, -1087, -178
Step count: 68
[167156896] -470, -624, -215
Step count: 68
[167156912] -450, -632, -108
Step count: 68
[167156944] -532, -873, -92
Step count: 68
[167156960] -554, -1016, -39
Step count: 68
[167156976] -356, -975, 15
Step count: 68
[167156992] -276, -925, -10
Step count: 68
[167157024] -436, -888, -24
Step count: 68
[167157040] -391, -832, -13
Step count: 68
[167157056] -394, -737, -16
Step count: 68
[167157088] -424, -675, -14
Step count: 68
[167157104] -403, -655, 16
Step count: 68
[167157120] -391, -665, 27
Step count: 68
[167157136] -379, -689, 23
Step count: 68
[167157152] -385, -713, 22
Step count: 68
[167157184] -416, -735, 32
Step count: 68
[167157216] -425, -755, 46
Step count: 68
[167157232] -404, -764, 55
Step count: 68
[167157248] -415, -778, 49
Step count: 68
[167157264] -466, -833, 22
Step count: 68
[167157296] -493, -903, 30
Step count: 68
[167157312] -507, -1016, 76
Step count: 68
[167157328] -570, -1080, 74
Step count: 68
[167157344] -582, -1007, 21
Step count: 68
[167157376] -534, -899, -3
Step count: 68
[167157392] -488, -974, 54
Step count: 68
[167157408] -625, -1474, 252
Step count: 68
[167157424] -741, -1657, 134
Step count: 68
[167157456] -705, -1221, -29
Step count: 68
[167157472] -629, -742, 6
Step count: 68
[167157504] -501, -760, 84
Step count: 68
[167157520] -548, -880, 90
Step count: 69
[167157536] -515, -1018, 245
Step count: 69
[167157568] -486, -1059, 266
Step count: 69
[167157584] -401, -936, 125
Step count: 69
[167157600] -326, -780, -10
Step count: 69
[167157616] -272, -637, -36
Step count: 69
[167157632] -233, -621, 6
Step count: 69
[167157664] -232, -674, 68
Step count: 69
[167157680] -219, -707, 116
Step count: 69
[167157696] -238, -703, 111
Step count: 69
[167157728] -285, -710, 58
Step count: 69
[167157744] -294, -702, 8
Step count: 69
[167157776] -299, -679, -29
Step count: 69
[167157792] -296, -675, -31
Step count: 69
[167157808] -278, -714, -8
Step count: 69
[167157824] -293, -776, 9
Step count: 69
[167157856] -334, -861, -7
Step count: 69
[167157872] -368, -957, -8
Step count: 69
[167157888] -378, -1048, -3
Step count: 69
[167157904] -383, -1063, -88
Step count: 69
[167157936] -368, -1040, -118
Step count: 69
[167157952] -383, -1313, 68
Step count: 69
[167157968] -489, -1656, 106
Step count: 69
[167157984] -554, -1452, -72
Step count: 69
[167158016] -416, -1005, -231
Step count: 69
[167158032] -407, -794, -246
Step count: 69
[167158064] -480, -795, -189
Step count: 69
[167158080] -518, -942, -135
Step count: 69
[167158096] -483, -953, -93
Step count: 69
[167158112] -392, -994, -42
Step count: 69
[167158144] -323, -991, -25
Step count: 70
[167158160] -302, -908, -20
Step count: 70
[167158176] -321, -840, 3
Step count: 70
[167158208] -384, -752, -11
Step count: 70
[167158224] -355, -698, -32
Step count: 70
[167158240] -374, -708, -41
Step count: 70
[167158256] -408, -690, -76
Step count: 70
[167158272] -355, -698, -131
Step count: 70
[167158304] -306, -730, -122
Step count: 70
[167158336] -289, -732, -102
Step count: 70
[167158352] -308, -764, -65
Step count: 70
[167158368] -329, -805, -24
Step count: 70
[167158384] -336, -834, -5
Step count: 70
[167158416] -369, -875, -14
Step count: 70
[167158432] -398, -938, -18
Step count: 70
[167158448] -435, -973, -35
Step count: 70
[167158464] -457, -980, -54
Step count: 70
[167158496] -444, -932, -91
Step count: 70
[167158512] -413, -896, -56
Step count: 70
[167158528] -434, -1083, 91
Step count: 70
[167158544] -530, -1431, 168
Step count: 70
[167158576] -549, -1500, 28
Step count: 70
[167158592] -428, -1140, -174
Step count: 70
[167158624] -362, -793, -31
Step count: 70
[167158640] -379, -948, 33
Step count: 70
[167158656] -453, -1093, 14
Step count: 70
[167158688] -458, -1157, -19
Step count: 70
[167158704] -345, -1139, -47
Step count: 70
[167158720] -221, -1037, -108
Step count: 70
[167158736] -154, -908, -166
Step count: 71
[167158752] -113, -829, -153
Step count: 71
[167158784] -104, -787, -111
Step count: 71
[167158800] -134, -786, -69
Step count: 71
[167158816] -189, -798, -36
Step count: 71
[167158848] -214, -810, -26
Step count: 71
[167158864] -240, -829, -19
Step count: 71
[167158896] -257, -845, -6
Step count: 71
[167158912] -259, -841, -2
Step count: 71
[167158928] -267, -820, -12
Step count: 71
[167158944] -278, -795, -10
Step count: 71
[167158976] -297, -805, 9
Step count: 71
[167158992] -322, -829, 22
Step count: 71
[167159008] -338, -854, 28
Step count: 71
[167159024] -354, -894, 31
Step count: 71
[167159056] -367, -922, 48
Step count: 71
[167159072] -376, -966, 52
Step count: 71
[167159088] -385, -935, 17
Step count: 71
[167159104] -387, -891, -5
Step count: 71
[167159136] -479, -1525, 252
Step count: 71
[167159168] -546, -1448, 63
Step count: 71
[167159184] -461, -998, -101
Step count: 71
[167159200] -377, -784, -117
Step count: 71
[167159216] -354, -645, -110
Step count: 71
[167159232] -368, -786, -68
Step count: 71
[167159264] -453, -995, -50
Step count: 71
[167159280] -511, -1119, -80
Step count: 71
[167159296] -461, -1194, -117
Step count: 71
[167159328] -296, -1106, -114
Step count: 71
[167159344] -215, -968, -108
Step count: 71
[167159360] -258, -875, -103
Step count: 71
[167159376] -273, -796, -102
Step count: 71
[167159408] -299, -789, -101
Step count: 71
[167159424] -338, -798, -105
Step count: 71
[167159456] -329, -775, -105
Step count: 71
[167159472] -317, -751, -91
Step count: 71
[167159488] -308, -744, -64
Step count: 71
[167159504] -306, -744, -54
Step count: 71
[167159536] -324, -728, -53
Step count: 71
[167159552] -347, -743, -50
Step count: 71
[167159568] -367, -769, -55
Step count: 71
[167159584] -378, -784, -57
Step count: 71
[167159616] -384, -804, -63
Step count: 71
[167159632] -376, -824, -89
Step count: 71
[167159648] -391, -844, -122
Step count: 71
[167159664] -386, -835, -130
Step count: 71
[167159696] -358, -851, -98
Step count: 71
[167159712] -374, -884, -38
Step count: 71
[167159744] -490, -1491, 232
Step count: 71
[167159760] -539, -1728, 198
Step count: 72
[167159776] -493, -1566, 15
Step count: 72
[167159808] -290, -1053, -165
Step count: 72
[167159824] -87, -610, -238
Step count: 72
[167159840] -61, -447, -211
Step count: 72
[167159856] -175, -584, -125
Step count: 72
[167159872] -328, -861, -16
Step count: 72
[167159904] -378, -1123, 66
Step count: 72
[167159920] -294, -1293, 57
Step count: 72
[167159936] -146, -1226, 15
Step count: 72
[167159968] -78, -1125, -3
Step count: 72
[167159984] -106, -1042, 2
Step count: 72
[167160016] -197, -964, 22
Step count: 72
[167160032] -297, -958, 56
Step count: 72
[167160048] -360, -997, 75
Step count: 72
[167160064] -370, -1011, 73
Step count: 72
[167160096] -332, -987, 56
Step count: 72
[167160112] -290, -930, 51
Step count: 72
[167160128] -261, -868, 60
Step count: 72
[167160144] -260, -814, 85
Step count: 72
[167160176] -296, -792, 90
Step count: 72
[167160192] -347, -792, 74
Step count: 72
[167160208] -372, -805, 71
Step count: 72
[167160224] -378, -838, 93
Step count: 72
[167160256] -415, -852, 115
Step count: 72
[167160272] -436, -833, 111
Step count: 72
[167160304] -453, -822, 94
Step count: 72
[167160320] -498, -785, 35
Step count: 72
[167160336] -491, -774, 32
Step count: 72
[167160352] -486, -774, 31
Step count: 72
[167160384] -481, -754, 6
Step count: 73
[167160400] -487, -748, -13
Step count: 73
[167160416] -470, -743, -23
Step count: 73
[167160448] -460, -854, 65
Step count: 73
[167160464] -562, -1341, 279
Step count: 73
[167160480] -670, -1661, 327
Step count: 73
[167160496] -682, -1386, 106
Step count: 73
[167160512] -551, -837, -182
Step count: 73
[167160544] -416, -464, -294
Step count: 73
[167160576] -377, -513, -215
Step count: 73
[167160592] -438, -781, -89
Step count: 74
[167160608] -432, -968, 66
Step count: 74
[167160624] -378, -1113, 145
Step count: 74
[167160656] -353, -1087, 94
Step count: 74
[167160672] -277, -901, -19
Step count: 74
[167160688] -243, -766, -120
Step count: 74
[167160704] -343, -779, -157
Step count: 74
[167160736] -384, -765, -151
Step count: 74
[167160752] -393, -805, -112
Step count: 74
[167160768] -430, -867, -85
Step count: 74
[167160784] -393, -897, -85
Step count: 74
[167160816] -359, -844, -130
Step count: 74
[167160832] -362, -788, -147
Step count: 74
[167160848] -358, -791, -124
Step count: 74
[167160880] -370, -804, -108
Step count: 74
[167160896] -425, -884, -79
Step count: 74
[167160928] -460, -875, -100
Step count: 74
[167160944] -488, -831, -109
Step count: 74
[167160960] -474, -802, -90
Step count: 74
[167160976] -469, -806, -88
Step count: 74
[167160992] -534, -822, -110
Step count: 74
[167161024] -516, -842, -116
Step count: 74
[167161040] -521, -929, -62
Step count: 74
[167161056] -586, -1253, 52
Step count: 75
[167161088] -668, -1606, 78
Step count: 75
[167161104] -597, -1616, 18
Step count: 75
[167161120] -418, -1232, -47
Step count: 75
[167161152] -305, -855, -68
Step count: 75
[167161168] -222, -699, -34
Step count: 75
[167161184] -221, -719, -32
Step count: 75
[167161216] -304, -843, -28
Step count: 75
[167161232] -380, -914, -55
Step count: 75
[167161248] -367, -937, -48
Step count: 75
[167161264] -316, -928, -16
Step count: 75
[167161296] -313, -889, -27
Step count: 75
[167161312] -303, -851, -30
Step count: 75
[167161328] -289, -819, -11
Step count: 75
[167161344] -296, -809, 12
Step count: 75
[167161376] -293, -806, 26
Step count: 75
[167161392] -283, -777, 13
Step count: 75
[167161408] -286, -759, 12
Step count: 75
[167161424] -297, -755, 21
Step count: 75
[167161456] -294, -731, 30
Step count: 75
[167161472] -276, -707, 65
Step count: 75
[167161504] -410, -688, 88
Step count: 75
[167161520] -503, -724, 28
Step count: 75
[167161536] -544, -782, 4
Step count: 75
[167161568] -560, -876, 5
Step count: 75
[167161584] -575, -978, -25
Step count: 75
[167161600] -575, -1065, -51
Step count: 75
[167161616] -528, -1090, -93
Step count: 75
[167161632] -454, -1080, -124
Step count: 75
[167161664] -421, -1292, -1
Step count: 75
[167161680] -436, -1536, 7
Step count: 75
[167161696] -399, -1374, -224
Step count: 75
[167161728] -321, -939, -328
Step count: 75
[167161744] -402, -702, -238
Step count: 75
[167161776] -446, -604, -115
Step count: 75
[167161792] -503, -755, -58
Step count: 76
[167161808] -612, -1086, 0
Step count: 76
[167161824] -573, -1179, -6
Step count: 76
[167161856] -397, -1093, -43
Step count: 76
[167161872] -284, -982, -64
Step count: 76
[167161888] -291, -835, -72
Step count: 76
[167161904] -487, -684, -52
Step count: 76
[167161936] -656, -652, -116
Step count: 76
[167161952] -493, -674, -127
Step count: 76
[167161968] -354, -668, -106
Step count: 76
[167161984] -449, -711, -77
Step count: 76
[167162016] -463, -689, -13
Step count: 76
[167162048] -422, -646, -22
Step count: 76
[167162064] -537, -629, 3
Step count: 76
[167162080] -714, -637, -15
Step count: 76
[167162096] -683, -663, -44
Step count: 76
[167162112] -562, -703, -53
Step count: 76
[167162144] -477, -745, -73
Step count: 76
[167162160] -441, -749, -91
Step count: 76
[167162176] -446, -775, -108
Step count: 76
[167162208] -461, -798, -117
Step count: 76
[167162224] -454, -805, -124
Step count: 76
[167162240] -424, -769, -97
Step count: 76
[167162256] -441, -843, 28
Step count: 76
[167162272] -543, -1187, 92
Step count: 76
[167162304] -615, -1345, -91
Step count: 76
[167162320] -527, -1122, -243
Step count: 76
[167162352] -438, -876, -184
Step count: 76
[167162368] -397, -817, -13
Step count: 76
[167162384] -329, -972, 112
Step count: 76
[167162416] -357, -1169, 177
Step count: 76
[167162432] -438, -1267, 186
Step count: 76
[167162448] -471, -1233, 151
Step count: 76
[167162464] -405, -1060, 81
Step count: 76
[167162496] -309, -887, 25
Step count: 76
[167162512] -289, -788, 28
Step count: 76
[167162528] -309, -729, 42
Step count: 76
[167162544] -317, -751, 46
Step count: 76
[167162576] -320, -760, 62
Step count: 76
[167162592] -333, -716, 75
Step count: 76
[167162608] -338, -721, 75
Step count: 76
[167162624] -323, -749, 60
Step count: 77
[167162656] -307, -766, 57
Step count: 77
[167162688] -272, -818, 61
Step count: 77
[167162704] -350, -886, 42
Step count: 77
[167162720] -359, -897, 53
Step count: 77
[167162736] -388, -950, 55
Step count: 77
[167162752] -427, -1020, 74
Step count: 77
[167162784] -457, -1062, 75
Step count: 77
[167162800] -470, -1020, 36
Step count: 77
[167162816] -427, -900, -21
Step count: 77
[167162848] -411, -894, 34
Step count: 77
[167162864] -497, -1251, 211
Step count: 77
[167162880] -591, -1579, 217
Step count: 77
[167162896] -558, -1330, -18
Step count: 77
[167162928] -379, -799, -208
Step count: 77
[167162944] -311, -602, -134
Step count: 77
[167162976] -352, -733, -55
Step count: 77
[167162992] -394, -957, -26
Step count: 77
[167163008] -446, -1078, -35
Step count: 77
[167163024] -432, -1119, -48
Step count: 77
[167163056] -295, -1061, -44
Step count: 77
[167163072] -190, -955, -38
Step count: 77
[167163088] -199, -898, -21
Step count: 77
[167163104] -217, -766, -20
Step count: 77
[167163136] -287, -722, -12
Step count: 77
[167163152] -270, -682, -6
Step count: 77
[167163168] -296, -670, -34
Step count: 77
[167163200] -345, -705, -41
Step count: 77
[167163216] -362, -700, -44
Step count: 77
[167163232] -354, -708, -44
Step count: 77
[167163264] -363, -736, -45
Step count: 77
[167163280] -374, -774, -39
Step count: 77
[167163296] -404, -830, -28
Step count: 77
[167163328] -447, -906, -28
Step count: 77
[167163344] -476, -989, -30
Step count: 77
[167163360] -450, -1009, -23
Step count: 77
[167163376] -457, -973, -51
Step count: 77
[167163392] -478, -856, -84
Step count: 77
[167163424] -426, -790, -55
Step count: 77
[167163440] -473, -1031, 72
Step count: 77
[167163456] -617, -1388, 117
Step count: 77
[167163488] -605, -1357, 44
Step count: 77
[167163504] -567, -1054, -58
Step count: 77
[167163536] -562, -776, -3
Step count: 77
[167163552] -469, -790, 49
Step count: 77
[167163568] -459, -944, 92
Step count: 77
[167163584] -495, -1004, 62
Step count: 77
[167163616] -506, -1083, 68
Step count: 78
[167163632] -451, -1136, 88
Step count: 78
[167163648] -386, -1009, 0
Step count: 78
[167163664] -358, -846, -77
Step count: 78
[167163696] -312, -746, -68
Step count: 78
[167163712] -284, -674, -44
Step count: 78
[167163728] -289, -643, -36
Step count: 78
[167163744] -299, -660, -20
Step count: 78
[167163776] -302, -681, -5
Step count: 78
[167163808] -265, -736, 23
Step count: 78
[167163824] -234, -799, 48
Step count: 78
[167163840] -335, -880, 35
Step count: 78
[167163856] -335, -878, 12
Step count: 78
[167163872] -320, -888, 27
Step count: 78
[167163904] -327, -951, 58
Step count: 78
[167163920] -328, -974, 57
Step count: 78
[167163936] -332, -977, 33
Step count: 78
[167163968] -331, -927, -11
Step count: 78
[167163984] -338, -871, -27
Step count: 78
[167164000] -368, -1099, 150
Step count: 78
[167164016] -447, -1587, 274
Step count: 78
[167164048] -534, -1537, 111
Step count: 78
[167164064] -475, -981, -152
Step count: 78
[167164096] -337, -710, -169
Step count: 78
[167164112] -334, -721, -135
Step count: 78
[167164128] -391, -806, -172
Step count: 78
[167164144] -453, -954, -148
Step count: 78
[167164176] -483, -1075, -64
Step count: 78
[167164192] -335, -1033, -10
Step count: 78
[167164208] -193, -1033, -22
Step count: 78
[167164224] -211, -923, -49
Step count: 78
[167164256] -186, -815, -73
Step count: 78
[167164272] -241, -779, -95
Step count: 78
[167164288] -286, -712, -134
Step count: 78
[167164320] -334, -744, -127
Step count: 78
[167164336] -428, -869, -91
Step count: 78
[167164352] -396, -810, -106
Step count: 78
[167164384] -357, -806, -102
Step count: 78
[167164400] -320, -798, -97
Step count: 78
[167164416] -282, -771, -83
Step count: 78
[167164448] -296, -800, -39
Step count: 78
[167164464] -364, -876, 6
Step count: 78
[167164480] -416, -969, 64
Step count: 78
[167164496] -399, -1035, 131
Step count: 78
[167164512] -339, -1003, 133
Step count: 78
[167164544] -304, -899, 102
Step count: 78
[167164560] -244, -906, 130
Step count: 78
[167164592] -198, -1175, 223
Step count: 78
[167164608] -371, -1364, 197
Step count: 78
[167164624] -460, -1390, 95
Step count: 78
[167164656] -346, -1216, 42
Step count: 79
[167164672] -308, -954, 145
Step count: 79
[167164688] -274, -851, 158
Step count: 79
[167164704] -268, -924, 40
Step count: 79
[167164736] -250, -978, 20
Step count: 79
[167164752] -130, -945, 53
Step count: 79
[167164768] -5, -914, 59
Step count: 79
[167164784] -10, -843, 62
Step count: 79
[167164816] -128, -805, 57
Step count: 79
[167164832] -228, -893, 47
Step count: 79
[167164864] -182, -935, 70
Step count: 79
[167164880] -84, -813, 52
Step count: 79
[167164896] -84, -760, 71
Step count: 79
[167164928] -134, -810, 66
Step count: 79
[167164944] -236, -884, 67
Step count: 79
[167164960] -304, -924, 100
Step count: 79
[167164976] -281, -890, 121
Step count: 79
[167164992] -256, -930, 127
Step count: 79
[167165024] -268, -1044, 135
Step count: 79
[167165040] -307, -1098, 134
Step count: 79
[167165056] -357, -1108, 106
Step count: 80
[167165088] -296, -1039, 74
Step count: 80
[167165104] -151, -883, 82
Step count: 80
[167165136] -130, -920, 247
Step count: 80
[167165152] -350, -1330, 417
Step count: 80
[167165168] -436, -1779, 379
Step count: 80
[167165184] -5, -1311, 217
Step count: 80
[167165216] 418, -558, 26
Step count: 80
[167165232] 246, -555, 1
Step count: 80
[167165248] -89, -990, 194
Step count: 80
[167165264] -108, -1259, 354
Step count: 80
[167165296] -40, -1208, 335
Step count: 80
[167165312] -79, -1111, 216
Step count: 80
[167165328] -175, -1140, 126
Step count: 80
[167165344] -173, -1113, 69
Step count: 80
[167165376] -103, -952, 75
Step count: 80
[167165408] -96, -879, 105
Step count: 80
[167165424] -213, -809, 24
Step count: 80
[167165440] -261, -820, 4
Step count: 80
[167165456] -253, -779, -3
Step count: 80
[167165472] -245, -760, 6
Step count: 80
[167165504] -205, -792, 6
Step count: 80
[167165520] -157, -781, 13
Step count: 80
[167165536] -162, -799, 16
Step count: 80
[167165568] -193, -850, 26
Step count: 80
[167165584] -193, -826, 14
Step count: 81
[167165600] -246, -878, 38
Step count: 81
[167165616] -286, -1023, 82
Step count: 81
[167165632] -291, -1047, 58
Step count: 81
[167165664] -276, -1064, 117
Step count: 81
[167165696] -282, -1364, 236
Step count: 81
[167165712] -342, -1503, 156
Step count: 81
[167165728] -356, -1301, 25
Step count: 81
[167165744] -353, -979, -7
Step count: 81
[167165776] -264, -717, 105
Step count: 81
[167165792] -186, -782, 208
Step count: 81
[167165808] -205, -872, 193
Step count: 81
[167165824] -273, -1078, 156
Step count: 81
[167165856] -302, -1164, 158
Step count: 81
[167165872] -317, -1127, 147
Step count: 81
[167165888] -253, -1029, 95
Step count: 81
[167165904] -205, -907, 54
Step count: 81
[167165936] -154, -822, 47
Step count: 81
[167165952] -101, -777, 65
Step count: 81
[167165984] 56, -761, 129
Step count: 81
[167166000] 117, -682, 103
Step count: 81
[167166016] -38, -752, 56
Step count: 81
[167166048] -317, -885, 67
Step count: 81
[167166064] -445, -848, 52
Step count: 81
[167166080] -473, -855, -1
Step count: 81
[167166096] -401, -836, -17
Step count: 81
[167166112] -248, -893, 46
Step count: 82
[167166144] -222, -969, 50
Step count: 82
[167166160] -260, -1051, 39
Step count: 82
[167166176] -268, -1160, 60
Step count: 82
[167166208] -250, -1228, 98
Step count: 82
[167166224] -207, -1170, 128
Step count: 82
[167166256] -174, -1366, 263
Step count: 82
[167166272] -251, -1748, 396
Step count: 82
[167166288] -184, -1450, 227
Step count: 82
[167166304] -43, -743, -179
Step count: 82
[167166336] 14, -366, -268
Step count: 82
[167166352] -63, -676, -171
Step count: 82
[167166368] -287, -1007, -70
Step count: 82
[167166384] -345, -1145, 70
Step count: 82
[167166416] -281, -1167, 148
Step count: 82
[167166432] -159, -1110, 123
Step count: 82
[167166448] -32, -961, 51
Step count: 82
[167166464] -52, -881, -63
Step count: 83
[167166496] -172, -838, -37
Step count: 83
[167166528] -153, -780, 13
Step count: 83
[167166544] -261, -703, -26
Step count: 83
[167166560] -279, -712, -63
Step count: 83
[167166576] -294, -740, -84
Step count: 83
[167166592] -263, -779, -84
Step count: 83
[167166624] -260, -787, -94
Step count: 83
[167166640] -281, -787, -104
Step count: 83
[167166656] -302, -813, -107
Step count: 83
[167166688] -324, -833, -114
Step count: 83
[167166704] -362, -896, -112
Step count: 83
[167166720] -413, -956, -102
Step count: 83
[167166736] -486, -961, -102
Step count: 83
[167166752] -549, -962, -96
Step count: 83
[167166784] -530, -969, -98
Step count: 83
[167166816] -427, -919, -52
Step count: 83
[167166832] -302, -1068, 103
Step count: 83
[167166848] -261, -1321, 230
Step count: 83
[167166864] -177, -1692, 320
Step count: 83
[167166896] 85, -1570, 196
Step count: 83
[167166912] -15, -1128, 20
Step count: 83
[167166928] -237, -812, 88
Step count: 83
[167166944] -465, -810, -20
Step count: 83
[167166976] -517, -894, -101
Step count: 83
[167166992] -369, -992, -12
Step count: 83
[167167008] -336, -1022, 80
Step count: 83
[167167024] -316, -1005, 94
Step count: 83
[167167056] -217, -922, 61
Step count: 84
[167167072] -130, -758, -7
Step count: 84
[167167104] -161, -746, 16
Step count: 84
[167167120] -199, -711, 32
Step count: 84
[167167136] -149, -681, 6
Step count: 84
[167167168] -322, -752, 0
Step count: 84
[167167184] -384, -741, -12
Step count: 84
[167167200] -335, -726, -20
Step count: 84
[167167216] -330, -710, -10
Step count: 84
[167167232] -309, -713, 2
Step count: 84
[167167264] -329, -791, 50
Step count: 84
[167167280] -361, -887, 102
Step count: 84
[167167296] -389, -1001, 106
Step count: 84
[167167328] -431, -1069, 65
Step count: 84
[167167344] -411, -974, 5
Step count: 84
[167167376] -354, -971, 57
Step count: 84
[167167392] -389, -1534, 306
Step count: 84
[167167408] -278, -1900, 377
Step count: 84
[167167424] -195, -1500, -15
Step count: 84
[167167456] -310, -610, -587
Step count: 84
[167167472] -290, -527, -471
Step count: 84
[167167488] -443, -941, -301
Step count: 84
[167167504] -420, -1138, -39
Step count: 84
[167167536] -349, -1224, 190
Step count: 84
[167167552] -316, -1234, 226
Step count: 84
[167167568] -170, -1145, 178
Step count: 84
[167167600] -257, -751, 58
Step count: 84
[167167616] -275, -655, 79
Step count: 84
[167167648] -250, -656, 30
Step count: 84
[167167664] -349, -538, -46
Step count: 84
[167167680] -393, -648, -11
Step count: 84
[167167696] -425, -714, 5
Step count: 84
[167167712] -405, -674, 7
Step count: 84
[167167744] -392, -674, 6
Step count: 84
[167167760] -372, -667, -20
Step count: 84
[167167776] -347, -672, -51
Step count: 84
[167167808] -344, -740, -42
Step count: 84
[167167824] -352, -843, -21
Step count: 85
[167167840] -373, -969, 12
Step count: 85
[167167872] -362, -1042, 34
Step count: 85
[167167888] -391, -1062, 4
Step count: 85
[167167904] -395, -1005, -37
Step count: 85
[167167936] -382, -993, -27
Step count: 85
[167167952] -438, -1249, 68
Step count: 85
[167167968] -522, -1574, 70
Step count: 85
[167167984] -544, -1451, -120
Step count: 85
[167168016] -513, -1047, -226
Step count: 85
[167168032] -431, -785, -159
Step count: 85
[167168048] -359, -733, -47
Step count: 85
[167168064] -365, -917, 67
Step count: 85
[167168096] -341, -1085, 112
Step count: 85
[167168112] -344, -1110, 126
Step count: 86
[167168144] -359, -1123, 114
Step count: 86
[167168160] -287, -848, -41
Step count: 86
[167168176] -268, -694, -84
Step count: 86
[167168192] -288, -698, -21
Step count: 86
[167168224] -277, -697, 25
Step count: 86
[167168240] -281, -714, 9
Step count: 86
[167168256] -300, -778, 13
Step count: 86
[167168288] -292, -783, 1
Step count: 86
[167168304] -266, -711, -62
Step count: 86
[167168320] -275, -678, -70
Step count: 86
[167168336] -323, -690, -45
Step count: 86
[167168352] -313, -694, -60
Step count: 86
[167168384] -336, -831, -40
Step count: 86
[167168416] -354, -973, -31
Step count: 86
[167168432] -355, -1077, -32
Step count: 86
[167168448] -353, -1051, -44
Step count: 86
[167168464] -343, -952, -91
Step count: 86
[167168496] -362, -984, -91
Step count: 86
[167168512] -411, -1417, 9
Step count: 86
[167168528] -459, -1544, -19
Step count: 86
[167168544] -431, -1181, -140
Step count: 86
[167168576] -362, -746, -305
Step count: 86
[167168592] -333, -636, -357
Step count: 86
[167168608] -351, -846, -288
Step count: 86
[167168624] -360, -1103, -157
Step count: 86
[167168656] -340, -1271, -50
Step count: 87
[167168672] -150, -988, -120
Step count: 87
[167168704] -141, -885, -125
Step count: 87
[167168720] -203, -805, -136
Step count: 87
[167168736] -229, -710, -148
Step count: 87
[167168768] -272, -667, -145
Step count: 87
[167168784] -319, -637, -149
Step count: 87
[167168800] -330, -652, -159
Step count: 87
[167168816] -322, -685, -157
Step count: 87
[167168832] -318, -701, -166
Step count: 87
[167168864] -327, -700, -204
Step count: 87
[167168880] -339, -702, -231
Step count: 87
[167168896] -346, -718, -227
Step count: 87
[167168928] -375, -754, -233
Step count: 87
[167168944] -406, -781, -274
Step count: 87
[167168976] -429, -823, -304
Step count: 87
[167168992] -419, -912, -304
Step count: 87
[167169008] -406, -974, -295
Step count: 87
[167169024] -418, -950, -294
Step count: 87
[167169056] -412, -822, -280
Step count: 87
[167169072] -369, -839, -261
Step count: 87
[167169088] -490, -1160, -164
Step count: 87
[167169104] -557, -1430, -140
Step count: 87
[167169136] -513, -1505, -168
Step count: 87
[167169152] -374, -1271, -184
Step count: 87
[167169168] -233, -885, -130
Step count: 87
[167169200] -287, -897, -190
Step count: 87
[167169216] -383, -1045, -147
Step count: 87
[167169248] -321, -1113, -105
Step count: 87
[167169264] -202, -1080, -112
Step count: 87
[167169280] -169, -979, -172
Step count: 87
[167169296] -181, -876, -211
Step count: 87
[167169312] -169, -834, -193
Step count: 87
[167169344] -141, -804, -167
Step count: 87
[167169360] -141, -769, -171
Step count: 87
[167169376] -197, -746, -187
Step count: 87
[167169408] -265, -730, -184
Step count: 87
[167169424] -289, -744, -172
Step count: 87
[167169456] -300, -784, -156
Step count: 87
[167169472] -316, -805, -146
Step count: 87
[167169488] -305, -782, -141
Step count: 88
[167169504] -309, -764, -136
Step count: 88
[167169536] -325, -793, -139
Step count: 88
[167169552] -332, -852, -143
Step count: 88
[167169568] -339, -919, -139
Step count: 88
[167169584] -352, -972, -142
Step count: 88
[167169616] -343, -992, -166
Step count: 88
[167169632] -286, -932, -203
Step count: 88
[167169648] -230, -952, -183
Step count: 88
[167169664] -286, -1329, -115
Step count: 88
[167169696] -352, -1445, -211
Step count: 88
[167169728] -273, -1201, -236
Step count: 88
[167169744] -174, -743, -310
Step count: 88
[167169760] -242, -819, -331
Step count: 88
[167169776] -339, -1045, -294
Step count: 88
[167169792] -326, -1206, -216
Step count: 88
[167169824] -247, -1197, -159
Step count: 88
[167169840] -207, -1111, -158
Step count: 88
[167169856] -199, -978, -169
Step count: 88
[167169888] -224, -883, -196
Step count: 88
[167169904] -344, -771, -215
Step count: 88
[167169920] -319, -651, -213
Step count: 88
[167169936] -307, -662, -209
Step count: 88
[167169952] -328, -678, -221
Step count: 88
[167169984] -302, -687, -213
Step count: 88
[167170016] -293, -687, -189
Step count: 88
[167170032] -295, -697, -172
Step count: 88
[167170048] -313, -724, -172
Step count: 88
[167170064] -314, -733, -187
Step count: 88
[167170096] -308, -727, -195
Step count: 88
[167170112] -336, -735, -199
Step count: 88
[167170128] -387, -760, -203
Step count: 89
[167170144] -439, -831, -224
Step count: 89
[167170176] -474, -919, -262
Step count: 89
[167170192] -472, -987, -312
Step count: 89
[167170208] -375, -939, -329
Step count: 89
[167170224] -277, -970, -334
Step count: 89
[167170256] -247, -953, -266
Step count: 89
[167170272] -407, -1534, -25
Step count: 89
[167170304] -494, -1712, -83
Step count: 89
[167170320] -265, -1349, -191
Step count: 89
[167170336] 2, -876, -132
Step count: 89
[167170368] -47, -697, -215
Step count: 89
[167170384] -237, -699, -312
Step count: 89
[167170400] -248, -833, -233
Step count: 89
[167170416] -77, -1050, -130
Step count: 90
[167170432] 102, -1179, -82
Step count: 90
[167170464] 153, -1189, -74
Step count: 90
[167170480] 124, -1149, -106
Step count: 90
[167170496] 33, -1070, -141
Step count: 90
[167170528] 3, -960, -130
Step count: 90
[167170544] 42, -932, -98
Step count: 90
[167170576] 10, -937, -82
Step count: 90
[167170592] -66, -908, -72
Step count: 90
[167170608] -139, -883, -64
Step count: 90
[167170624] -206, -847, -74
Step count: 90
[167170656] -254, -814, -85
Step count: 90
[167170672] -287, -833, -92
Step count: 90
[167170688] -313, -863, -91
Step count: 90
[167170704] -337, -898, -87
Step count: 90
[167170736] -365, -914, -98
Step count: 90
[167170752] -379, -908, -112
Step count: 90
[167170768] -370, -893, -121
Step count: 90
[167170784] -352, -867, -128
Step count: 90
[167170816] -350, -840, -135
Step count: 90
[167170848] -358, -812, -154
Step count: 90
[167170864] -377, -805, -207
Step count: 90
[167170880] -381, -806, -243
Step count: 90
[167170896] -360, -798, -265
Step count: 90
[167170912] -349, -855, -240
Step count: 90
[167170944] -413, -1242, -100
Step count: 90
[167170960] -509, -1663, -129
Step count: 90
[167170976] -404, -1554, -272
Step count: 90
[167171008] -120, -1020, -307
Step count: 91
[167171024] 3, -573, -313
Step count: 91
[167171040] -120, -612, -323
Step count: 91
[167171056] -235, -906, -260
Step count: 91
[167171088] -208, -1134, -95
Step count: 91
[167171104] -122, -1276, 23
Step count: 91
[167171136] -39, -1208, -15
Step count: 91
[167171152] -5, -1012, -76
Step count: 91
[167171168] -103, -871, -129
Step count: 91
[167171184] -248, -741, -145
Step count: 91
[167171216] -317, -727, -145
Step count: 91
[167171232] -332, -741, -146
Step count: 91
[167171248] -287, -768, -139
Step count: 91
[167171264] -249, -764, -126
Step count: 91
[167171296] -302, -814, -134
Step count: 91
[167171312] -361, -789, -137
Step count: 91
[167171328] -346, -797, -151
Step count: 91
[167171344] -344, -791, -175
Step count: 91
[167171376] -355, -760, -183
Step count: 91
[167171392] -427, -822, -200
Step count: 91
[167171424] -449, -856, -223
Step count: 91
[167171440] -461, -864, -261
Step count: 91
[167171456] -479, -826, -304
Step count: 91
[167171488] -500, -850, -330
Step count: 91
[167171504] -511, -848, -321
Step count: 91
[167171520] -484, -841, -280
Step count: 91
[167171536] -500, -1073, -196
Step count: 91
[167171552] -520, -1371, -147
Step count: 91
[167171584] -459, -1398, -204
Step count: 92
[167171600] -286, -1125, -223
Step count: 92
[167171616] -222, -939, -166
Step count: 92
[167171648] -242, -924, -152
Step count: 92
[167171664] -107, -995, -154
Step count: 92
[167171696] -15, -1097, -108
Step count: 92
[167171712] 39, -1164, -58
Step count: 92
[167171728] 134, -1159, -57
Step count: 92
[167171744] 156, -1067, -97
Step count: 92
[167171776] 97, -944, -138
Step count: 92
[167171792] 9, -868, -128
Step count: 92
[167171808] -40, -848, -92
Step count: 92
[167171824] -106, -826, -85
Step count: 92
[167171856] -204, -808, -96
Step count: 92
[167171872] -277, -755, -99
Step count: 92
[167171888] -296, -709, -114
Step count: 92
[167171904] -412, -746, -133
Step count: 92
[167171936] -447, -727, -135
Step count: 92
[167171968] -430, -778, -152
Step count: 92
[167171984] -427, -832, -190
Step count: 92
[167172000] -424, -925, -198
Step count: 92
[167172016] -387, -1007, -191
Step count: 92
[167172032] -351, -1046, -213
Step count: 92
[167172064] -320, -1028, -245
Step count: 92
[167172080] -262, -1017, -303
Step count: 92
[167172096] -196, -1032, -378
Step count: 92
[167172128] -267, -1306, -309
Step count: 92
[167172144] -335, -1666, -220
Step count: 92
[167172160] -203, -1557, -197
Step count: 92
[167172176] -40, -1133, -264
Step count: 92
[167172192] 10, -730, -287
Step count: 92
[167172224] -42, -813, -174
Step count: 92
[167172256] -87, -1108, -3
Step count: 92
[167172272] 14, -1182, 153
Step count: 93
[167172288] 189, -1062, 186
Step count: 93
[167172304] 126, -910, 128
Step count: 93
[167172336] -44, -857, 59
Step count: 93
[167172352] -96, -833, 50
Step count: 93
[167172368] -174, -835, 74
Step count: 93
[167172384] -301, -885, 37
Step count: 93
[167172416] -488, -900, -19
Step count: 93
[167172432] -551, -765, -66
Step count: 93
[167172448] -555, -605, -197
Step count: 93
[167172464] -560, -586, -359
Step count: 93
[167172496] -466, -707, -404
Step count: 93
[167172512] -170, -962, -350
Step count: 93
[167172544] 10, -991, -347
Step count: 93
[167172560] 3, -1002, -300
Step count: 93
[167172576] -84, -1020, -291
Step count: 93
[167172608] -147, -971, -265
Step count: 93
[167172624] -123, -988, -192
Step count: 93
[167172640] -144, -1009, -162
Step count: 93
[167172656] -205, -962, -159
Step count: 93
[167172672] -239, -880, -158
Step count: 93
[167172704] -331, -972, -134
Step count: 93
[167172720] -469, -1458, -64
Step count: 93
[167172736] -416, -1616, -43
Step count: 93
[167172768] -195, -1224, -71
Step count: 93
[167172784] -141, -762, -135
Step count: 93
[167172816] -197, -723, -128
Step count: 93
[167172832] -175, -1011, -56
Step count: 93
[167172848] -111, -1114, 3
Step count: 93
[167172864] -147, -1073, 13
Step count: 94
[167172896] -171, -975, -30
Step count: 94
[167172912] -121, -933, -69
Step count: 94
[167172928] -64, -923, -56
Step count: 94
[167172944] -40, -899, -26
Step count: 94
[167172976] -36, -872, -22
Step count: 94
[167172992] -47, -816, -66
Step count: 94
[167173008] -58, -747, -82
Step count: 94
[167173024] -67, -773, -78
Step count: 94
[167173056] -133, -838, -74
Step count: 94
[167173088] -155, -835, -66
Step count: 94
[167173104] -186, -815, -34
Step count: 94
[167173120] -246, -827, -1
Step count: 94
[167173136] -284, -897, 4
Step count: 94
[167173152] -293, -958, -16
Step count: 94
[167173184] -296, -984, -45
Step count: 94
[167173200] -328, -1046, -92
Step count: 94
[167173216] -312, -1060, -160
Step count: 94
[167173248] -206, -936, -256
Step count: 94
[167173264] -117, -880, -364
Step count: 94
[167173280] -250, -1181, -275
Step count: 94
[167173296] -428, -1784, -121
Step count: 94
[167173328] -317, -1614, -158
Step count: 94
[167173344] -66, -958, -318
Step count: 94
[167173376] -13, -639, -402
Step count: 94
[167173392] -130, -886, -280
Step count: 94
[167173408] -156, -1177, -67
Step count: 94
[167173424] -23, -1141, 25
Step count: 95
[167173456] 27, -1054, 52
Step count: 95
[167173472] 33, -958, 52
Step count: 95
[167173488] -35, -973, 23
Step count: 95
[167173504] 5, -907, 27
Step count: 95
[167173536] -81, -832, -28
Step count: 95
[167173552] -164, -698, -61
Step count: 95
[167173584] -166, -718, -95
Step count: 95
[167173600] -173, -711, -80
Step count: 95
[167173616] -235, -719, -135
Step count: 95
[167173632] -340, -811, -214
Step count: 95
[167173664] -398, -897, -283
Step count: 95
[167173680] -382, -899, -329
Step count: 95
[167173696] -358, -868, -348
Step count: 95
[167173728] -368, -873, -337
Step count: 95
[167173744] -363, -914, -302
Step count: 95
[167173760] -374, -955, -238
Step count: 95
[167173776] -343, -984, -161
Step count: 95
[167173792] -312, -974, -110
Step count: 95
[167173824] -273, -927, -106
Step count: 95
[167173840] -284, -946, -119
Step count: 95
[167173856] -402, -1276, -90
Step count: 95
[167173888] -491, -1670, -97
Step count: 95
[167173904] -331, -1523, -119
Step count: 95
[167173936] -76, -995, -139
Step count: 95
[167173952] -81, -736, -170
Step count: 95
[167173968] -209, -985, -96
Step count: 95
[167173984] -125, -1136, -5
Step count: 95
[167174016] 24, -1074, 27
Step count: 95
[167174032] 47, -982, -15
Step count: 95
[167174048] -8, -952, -85
Step count: 95
[167174064] -21, -913, -104
Step count: 96
[167174096] -7, -894, -82
Step count: 96
[167174112] 25, -885, -84
Step count: 96
[167174128] 23, -847, -90
Step count: 96
[167174160] -35, -820, -69
Step count: 96
[167174176] -211, -784, -63
Step count: 96
[167174208] -222, -789, -64
Step count: 96
[167174224] -202, -777, -69
Step count: 96
[167174240] -240, -798, -65
Step count: 96
[167174256] -293, -816, -66
Step count: 96
[167174272] -339, -803, -68
Step count: 96
[167174304] -387, -834, -65
Step count: 96
[167174320] -406, -910, -65
Step count: 96
[167174336] -394, -1013, -79
Step count: 96
[167174368] -344, -1071, -96
Step count: 96
[167174384] -309, -1059, -148
Step count: 96
[167174400] -239, -986, -212
Step count: 96
[167174416] -323, -1243, -193
Step count: 96
[167174448] -485, -1670, -220
Step count: 96
[167174464] -346, -1456, -370
Step count: 96
[167174496] -158, -958, -484
Step count: 97
[167174512] -96, -713, -460
Step count: 97
[167174528] -109, -985, -288
Step count: 97
[167174544] -89, -1288, -99
Step count: 97
[167174576] 54, -1211, -58
Step count: 97
[167174592] 160, -993, -51
Step count: 97
[167174608] 166, -909, -29
Step count: 97
[167174624] 7, -936, -62
Step count: 97
[167174656] -31, -883, -65
Step count: 97
[167174672] -38, -736, -48
Step count: 97
[167174704] -121, -693, -1
Step count: 97
[167174720] -297, -805, -1
Step count: 97
[167174736] -266, -707, -31
Step count: 97
[167174752] -307, -765, -111
Step count: 97
[167174784] -413, -749, -171
Step count: 97
[167174800] -398, -747, -219
Step count: 97
[167174816] -378, -774, -258
Step count: 97
[167174848] -366, -830, -287
Step count: 97
[167174864] -362, -872, -310
Step count: 97
[167174880] -366, -895, -308
Step count: 97
[167174896] -362, -952, -263
Step count: 97
[167174912] -382, -1056, -232
Step count: 97
[167174944] -320, -1051, -246
Step count: 97
[167174976] -210, -937, -279
Step count: 97
[167174992] -129, -909, -229
Step count: 97
[167175008] -203, -1400, -71
Step count: 97
[167175024] -164, -1738, 46
Step count: 97
[167175056] 183, -1454, 117
Step count: 97
[167175072] 323, -998, 94
Step count: 97
[167175088] 100, -810, 7
Step count: 97
[167175104] -87, -1037, 0
Step count: 97
[167175136] -61, -1185, 42
Step count: 98
[167175152] -109, -1142, 4
Step count: 98
[167175168] -208, -1011, -90
Step count: 98
[167175184] -253, -957, -169
Step count: 98
[167175216] -231, -949, -175
Step count: 98
[167175232] -111, -817, -196
Step count: 98
[167175264] -148, -800, -209
Step count: 98
[167175280] -185, -847, -176
Step count: 98
[167175296] -184, -878, -143
Step count: 98
[167175328] -228, -876, -126
Step count: 98
[167175344] -270, -858, -84
Step count: 98
[167175360] -278, -819, -64
Step count: 98
[167175376] -338, -807, -51
Step count: 98
[167175392] -390, -838, -2
Step count: 98
[167175424] -381, -905, 44
Step count: 98
[167175440] -352, -943, 46
Step count: 98
[167175456] -374, -986, 26
Step count: 98
[167175488] -387, -1003, 14
Step count: 98
[167175504] -340, -991, 0
Step count: 98
[167175536] -240, -888, -69
Step count: 98
[167175552] -207, -897, -77
Step count: 98
[167175568] -310, -1431, 22
Step count: 98
[167175584] -248, -1633, -39
Step count: 98
[167175616] -22, -1251, -147
Step count: 98
[167175632] 132, -834, -295
Step count: 98
[167175648] 79, -753, -359
Step count: 98
[167175664] 0, -1044, -224
Step count: 98
[167175696] 135, -1264, -89
Step count: 98
[167175712] 221, -1218, -58
Step count: 98
[167175728] 212, -1135, -104
Step count: 98
[167175744] 136, -1086, -128
Step count: 99
[167175776] 32, -978, -122
Step count: 99
[167175808] -52, -767, -129
Step count: 99
[167175824] -64, -730, -122
Step count: 99
[167175840] -171, -781, -134
Step count: 99
[167175856] -228, -758, -115
Step count: 99
[167175872] -250, -821, -125
Step count: 99
[167175904] -280, -821, -149
Step count: 99
[167175920] -288, -826, -178
Step count: 99
[167175936] -285, -824, -212
Step count: 99
[167175968] -267, -821, -235
Step count: 99
[167175984] -273, -825, -252
Step count: 99
[167176000] -266, -837, -267
Step count: 99
[167176016] -273, -865, -265
Step count: 99
[167176048] -287, -932, -242
Step count: 99
[167176064] -285, -978, -214
Step count: 99
[167176096] -299, -944, -218
Step count: 99
[167176112] -327, -857, -242
Step count: 99
[167176128] -309, -778, -263
Step count: 99
[167176144] -303, -996, -199
Step count: 99
[167176176] -475, -1669, -85
Step count: 99
[167176192] -548, -1758, -108
Step count: 99
[167176208] -298, -1301, -179
Step count: 99
[167176224] -79, -787, -258
Step count: 99
[167176256] -135, -810, -246
Step count: 99
[167176272] 29, -1012, -129
Step count: 99
[167176304] 174, -1146, -20
Step count: 99
[167176320] 109, -1070, -55
Step count: 99
[167176336] -7, -916, -109
Step count: 99
[167176352] 12, -807, -96
Step count: 100
[167176384] 74, -782, -42
Step count: 100
[167176400] 80, -841, -4
Step count: 100
[167176416] 1, -878, -21
Step count: 100
[167176448] -69, -839, -44
Step count: 100
[167176464] -147, -798, -98
Step count: 100
[167176480] -171, -791, -152
Step count: 100
[167176496] -176, -772, -210
Step count: 100
[167176512] -197, -766, -243
Step count: 100
[167176544] -226, -836, -237
Step count: 100
[167176560] -267, -927, -235
Step count: 100
[167176592] -289, -962, -242
Step count: 100
[167176608] -312, -1003, -247
Step count: 100
[167176624] -305, -1076, -261
Step count: 100
[167176656] -263, -1088, -285
Step count: 100
[167176672] -196, -1004, -316
Step count: 100
[167176688] -188, -973, -268
Step count: 100
[167176704] -328, -1349, -134
Step count: 100
[167176736] -413, -1570, -196
Step count: 100
[167176752] -240, -1179, -329
Step count: 100
[167176768] 17, -770, -365
Step count: 100
[167176784] 138, -677, -275
Step count: 100
[167176816] 47, -859, -110
Step count: 100
[167176832] -54, -1140, 15
Step count: 100
[167176864] -45, -1139, -5
Step count: 100
[167176880] 80, -987, -26
Step count: 100
[167176896] 0, -942, -94
Step count: 101
[167176928] -81, -895, -125
Step count: 101
[167176944] -138, -845, -112
Step count: 101
[167176960] -104, -796, -113
Step count: 101
[167176976] -146, -833, -146
Step count: 101
[167176992] -212, -801, -151
Step count: 101
[167177024] -226, -810, -152
Step count: 101
[167177040] -246, -826, -155
Step count: 101
[167177056] -246, -803, -186
Step count: 101
[167177088] -268, -772, -218
Step count: 101
[167177104] -282, -764, -225
Step count: 101
[167177136] -298, -810, -222
Step count: 101
[167177152] -311, -875, -217
Step count: 101
[167177168] -295, -909, -221
Step count: 101
[167177184] -317, -906, -226
Step count: 101
[167177216] -357, -986, -201
Step count: 101
[167177232] -372, -1069, -183
Step count: 101
[167177248] -324, -1099, -181
Step count: 101
[167177264] -295, -1102, -191
Step count: 101
[167177296] -344, -1335, -140
Step count: 101
[167177312] -382, -1579, -148
Step count: 101
[167177328] -304, -1451, -198
Step count: 101
[167177344] -148, -989, -236
Step count: 101
[167177376] -110, -631, -237
Step count: 101
[167177392] -238, -771, -199
Step count: 101
[167177408] -254, -1005, -117
Step count: 101
[167177440] -302, -1103, -20
Step count: 101
[167177456] -332, -1052, -26
Step count: 101
[167177472] -305, -979, -53
Step count: 101
[167177504] -272, -891, -65
Step count: 102
[167177520] -273, -820, -54
Step count: 102
[167177536] -250, -780, -57
Step count: 102
[167177568] -118, -743, -21
Step count: 102
[167177584] -19, -726, -20
Step count: 102
[167177600] -68, -737, -44
Step count: 102
[167177616] -172, -710, -72
Step count: 102
[167177632] -306, -705, -75
Step count: 102
[167177664] -345, -724, -79
Step count: 102
[167177680] -339, -726, -103
Step count: 102
[167177712] -370, -784, -125
Step count: 102
[167177728] -391, -880, -113
Step count: 102
[167177744] -392, -1016, -71
Step count: 102
[167177776] -378, -1167, -34
Step count: 102
[167177792] -330, -1202, -40
Step count: 102
[167177808] -274, -1114, -92
Step count: 102
[167177824] -204, -1018, -120
Step count: 102
[167177856] -206, -1206, 16
Step count: 102
[167177872] -243, -1412, 75
Step count: 102
[167177888] -190, -1208, -123
Step count: 102
[167177904] -303, -937, -267
Step count: 102
[167177936] -377, -697, -291
Step count: 102
[167177952] -469, -790, -269
Step count: 102
[167177984] -359, -1063, -140
Step count: 102
[167178000] -234, -1060, -64
Step count: 102
[167178016] -101, -1061, -32
Step count: 102
[167178048] -77, -1007, -7
Step count: 103
[167178064] -82, -851, -61
Step count: 103
[167178080] -268, -905, -11
Step count: 103
[167178096] -299, -758, -31
Step count: 103
[167178112] -301, -662, -134
Step count: 103
[167178144] -331, -698, -134
Step count: 103
[167178160] -268, -754, -122
Step count: 103
[167178176] -301, -755, -137
Step count: 103
[167178208] -355, -770, -128
Step count: 103
[167178224] -385, -808, -122
Step count: 103
[167178256] -420, -849, -131
Step count: 103
[167178272] -414, -857, -114
Step count: 103
[167178288] -359, -866, -100
Step count: 103
[167178304] -353, -916, -116
Step count: 103
[167178336] -382, -970, -138
Step count: 103
[167178352] -377, -981, -145
Step count: 103
[167178368] -325, -965, -156
Step count: 103
[167178384] -371, -1034, -107
Step count: 103
[167178416] -500, -1374, 17
Step count: 103
[167178432] -570, -1530, -3
Step count: 103
[167178448] -465, -1276, -117
Step count: 103
[167178464] -318, -985, -120
Step count: 103
[167178496] -266, -870, -20
Step count: 104
[167178528] -238, -923, 24
Step count: 104
[167178544] -357, -1003, -36
Step count: 104
[167178560] -338, -978, -7
Step count: 104
[167178576] -306, -884, -39
Step count: 104
[167178592] -259, -811, -87
Step count: 104
[167178624] -245, -770, -100
Step count: 104
[167178640] -270, -739, -72
Step count: 104
[167178656] -272, -716, -26
Step count: 104
[167178688] -281, -745, 1
Step count: 104
[167178704] -246, -753, -20
Step count: 104
[167178720] -289, -808, -48
Step count: 104
[167178736] -335, -840, -45
Step count: 104
[167178752] -334, -804, -32
Step count: 104
[167178784] -351, -766, -22
Step count: 104
[167178816] -324, -770, -9
Step count: 104
[167178832] -330, -824, 0
Step count: 104
[167178848] -371, -912, 11
Step count: 104
[167178864] -415, -996, 7
Step count: 104
[167178896] -454, -1054, -18
Step count: 104
[167178912] -444, -1011, -56
Step count: 104
[167178928] -384, -906, -101
Step count: 104
[167178944] -334, -857, -88
Step count: 104
[167178976] -415, -1224, 55
Step count: 104
[167178992] -483, -1605, 43
Step count: 104
[167179008] -432, -1337, -237
Step count: 104
[167179024] -313, -938, -314
Step count: 104
[167179056] -181, -795, -304
Step count: 104
[167179072] -341, -1012, -275
Step count: 104
[167179104] -287, -1069, -176
Step count: 104
[167179120] -255, -1056, -92
Step count: 104
[167179136] -229, -969, -103
Step count: 104
[167179168] -231, -857, -136
Step count: 104
[167179184] -264, -765, -120
Step count: 104
[167179200] -286, -681, -96
Step count: 104
[167179216] -272, -604, -63
Step count: 104
[167179232] -317, -666, -38
Step count: 104
[167179264] -464, -661, -153
Step count: 104
[167179280] -417, -686, -182
Step count: 104
[167179296] -392, -813, -124
Step count: 104
[167179328] -372, -828, -97
Step count: 104
[167179344] -369, -842, -93
Step count: 104
[167179376] -364, -834, -87
Step count: 104
[167179392] -342, -832, -102
Step count: 104
[167179408] -361, -805, -123
Step count: 104
[167179424] -382, -817, -109
Step count: 104
[167179456] -410, -872, -104
Step count: 104
[167179472] -429, -911, -117
Step count: 105
[167179488] -413, -889, -137
Step count: 105
[167179504] -387, -834, -135
Step count: 105
[167179536] -396, -902, -55
Step count: 105
[167179552] -512, -1375, 78
Step count: 105
[167179568] -657, -1617, -80
Step count: 105
[167179584] -595, -1257, -283
Step count: 105
[167179616] -435, -972, -180
Step count: 105
[167179648] -377, -786, -72
Step count: 105
[167179664] -365, -880, -87
Step count: 105
[167179680] -408, -1001, -80
Step count: 105
[167179696] -403, -1124, -53
Step count: 105
[167179712] -359, -1100, -65
Step count: 105
[167179744] -278, -1003, -80
Step count: 105
[167179760] -205, -851, -94
Step count: 105
[167179776] -204, -737, -105
Step count: 105
[167179808] -210, -680, -74
Step count: 105
[167179824] -221, -702, -74
Step count: 105
[167179840] -244, -745, -77
Step count: 105
[167179856] -251, -782, -70
Step count: 105
[167179872] -265, -827, -62
Step count: 105
[167179904] -277, -844, -61
Step count: 105
[167179936] -295, -807, -65
Step count: 105
[167179952] -293, -794, -56
Step count: 105
[167179968] -301, -820, -64
Step count: 105
[167179984] -339, -861, -82
Step count: 105
[167180016] -347, -914, -73
Step count: 105
[167180032] -343, -955, -73
Step count: 105
[167180048] -337, -949, -110
Step count: 105
[167180064] -317, -897, -153
Step count: 105
[167180096] -306, -850, -178
Step count: 105
[167180112] -336, -976, -78
Step count: 105
[167180128] -469, -1517, 141
Step count: 105
[167180144] -581, -1752, 21
Step count: 105
[167180176] -505, -1213, -277
Step count: 105
[167180192] -339, -628, -249
Step count: 106
[167180224] -374, -606, -244
Step count: 106
[167180240] -486, -853, -187
Step count: 106
[167180256] -563, -990, -131
Step count: 106
[167180288] -506, -1064, -127
Step count: 106
[167180304] -370, -1086, -111
Step count: 106
[167180320] -260, -1056, -103
Step count: 106
[167180336] -193, -876, -148
Step count: 106
[167180352] -291, -879, -142
Step count: 106
[167180384] -343, -777, -132
Step count: 106
[167180400] -269, -719, -145
Step count: 106
[167180416] -325, -758, -126
Step count: 106
[167180448] -307, -719, -123
Step count: 106
[167180464] -303, -713, -114
Step count: 106
[167180496] -306, -693, -117
Step count: 106
[167180512] -295, -665, -120
Step count: 106
[167180528] -318, -660, -118
Step count: 106
[167180544] -325, -669, -100
Step count: 106
[167180576] -354, -712, -92
Step count: 106
[167180592] -400, -781, -103
Step count: 106
[167180608] -411, -865, -103
Step count: 106
[167180624] -396, -959, -109
Step count: 106
[167180656] -399, -1021, -128
Step count: 106
[167180672] -408, -984, -166
Step count: 106
[167180688] -407, -907, -214
Step count: 106
[167180704] -378, -840, -224
Step count: 106
[167180736] -312, -944, -103
Step count: 107
[167180768] -501, -1785, 57
Step count: 107
[167180784] -528, -1563, -163
Step count: 107
[167180800] -192, -1006, -265
Step count: 107
[167180816] -5, -668, -163
Step count: 107
[167180832] -127, -759, -156
Step count: 107
[167180864] -289, -982, -162
Step count: 107
[167180880] -238, -1167, 5
Step count: 107
[167180896] 2, -1282, 112
Step count: 107
[167180928] 226, -1195, 75
Step count: 107
[167180944] 231, -1071, -26
Step count: 107
[167180960] 84, -949, -116
Step count: 107
[167180976] 46, -934, -64
Step count: 107
[167181008] 85, -959, 12
Step count: 107
[167181024] 137, -999, 59
Step count: 107
[167181056] 178, -1035, 72
Step count: 107
[167181072] 117, -1034, 76
Step count: 107
[167181088] 29, -1003, 99
Step count: 107
[167181104] -66, -969, 99
Step count: 107
[167181136] -124, -958, 69
Step count: 107
[167181152] -151, -938, 31
Step count: 107
[167181168] -186, -938, 36
Step count: 107
[167181184] -223, -950, 70
Step count: 107
[167181216] -282, -963, 79
Step count: 107
[167181232] -349, -971, 83
Step count: 107
[167181248] -388, -979, 86
Step count: 107
[167181264] -414, -973, 89
Step count: 107
[167181296] -403, -968, 85
Step count: 108
[167181312] -412, -869, 29
Step count: 108
[167181344] -395, -847, 32
Step count: 108
[167181360] -416, -834, 6
Step count: 108
[167181376] -411, -840, -28
Step count: 108
[167181408] -376, -836, -45
Step count: 108
[167181424] -360, -862, -37
Step count: 108
[167181440] -410, -1108, 34
Step count: 108
[167181456] -432, -1348, 86
Step count: 108
[167181472] -300, -1157, 7
Step count: 108
[167181504] -162, -841, -108
Step count: 108
[167181520] -171, -714, -200
Step count: 108
[167181536] -237, -791, -246
Step count: 108
[167181568] -286, -960, -229
Step count: 108
[167181584] -295, -1090, -182
Step count: 108
[167181616] -240, -1161, -122
Step count: 108
[167181632] -189, -1104, -116
Step count: 108
[167181648] -206, -990, -152
Step count: 108
[167181664] -226, -933, -182
Step count: 108
[167181696] -240, -907, -205
Step count: 108
[167181712] -226, -865, -219
Step count: 109
[167181728] -220, -865, -200
Step count: 109
[167181744] -251, -887, -176
Step count: 109
[167181776] -249, -893, -151
Step count: 109
[167181792] -281, -923, -128
Step count: 109
[167181808] -322, -941, -116
Step count: 109
[167181824] -333, -932, -123
Step count: 109
[167181856] -333, -859, -136
Step count: 109
[167181888] -337, -836, -141
Step count: 109
[167181904] -339, -822, -156
Step count: 109
[167181920] -343, -835, -175
Step count: 109
[167181936] -334, -834, -186
Step count: 109
[167181952] -320, -802, -174
Step count: 109
[167181984] -336, -781, -148
Step count: 109
[167182000] -371, -780, -141
Step count: 109
[167182016] -389, -793, -131
Step count: 109
[167182048] -412, -808, -126
Step count: 109
[167182064] -430, -799, -125
Step count: 109
[167182080] -436, -769, -135
Step count: 109
[167182112] -437, -802, -127
Step count: 109
[167182128] -489, -1037, -80
Step count: 109
[167182144] -528, -1326, -64
Step count: 109
[167182176] -471, -1386, -108
Step count: 109
[167182192] -327, -1168, -135
Step count: 109
[167182208] -219, -849, -152
Step count: 109
[167182224] -239, -690, -201
Step count: 109
[167182256] -366, -811, -216
Step count: 109
[167182272] -458, -1024, -127
Step count: 109
[167182288] -416, -1183, -36
Step count: 109
[167182304] -351, -1207, -22
Step count: 109
[167182336] -293, -1126, -59
Step count: 109
[167182352] -243, -1061, -92
Step count: 109
[167182368] -262, -1034, -126
Step count: 109
[167182384] -269, -985, -149
Step count: 109
[167182416] -240, -937, -152
Step count: 109
[167182432] -246, -911, -141
Step count: 109
[167182464] -243, -850, -92
Step count: 109
[167182480] -230, -824, -91
Step count: 109
[167182496] -218, -789, -108
Step count: 109
[167182528] -219, -753, -146
Step count: 109
[167182544] -229, -722, -157
Step count: 109
[167182560] -228, -724, -159
Step count: 110
[167182576] -224, -749, -153
Step count: 110
[167182592] -224, -784, -139
Step count: 110
[167182624] -236, -826, -123
Step count: 110
[167182640] -252, -864, -108
Step count: 110
[167182656] -279, -904, -95
Step count: 110
[167182688] -313, -913, -94
Step count: 110
[167182704] -335, -924, -105
Step count: 110
[167182736] -350, -943, -125
Step count: 110
[167182752] -394, -1000, -119
Step count: 110
[167182768] -485, -1332, 63
Step count: 110
[167182784] -543, -1860, 189
Step count: 110
[167182816] -627, -1608, 20
Step count: 111
[167182832] -548, -872, -245
Step count: 111
[167182848] -433, -618, -203
Step count: 111
[167182864] -478, -635, -171
Step count: 111
[167182896] -593, -824, -210
Step count: 111
[167182912] -635, -1015, -153
Step count: 111
[167182928] -626, -1101, -89
Step count: 111
[167182944] -501, -1188, -70
Step count: 111
[167182976] -211, -1104, -59
Step count: 111
[167182992] -120, -932, -122
Step count: 111
[167183008] -281, -905, -112
Step count: 111
[167183040] -276, -810, -129
Step count: 111
[167183056] -319, -813, -144
Step count: 111
[167183072] -297, -780, -143
Step count: 111
[167183104] -237, -725, -123
Step count: 111
[167183120] -203, -720, -116
Step count: 111
[167183136] -208, -733, -132
Step count: 111
[167183168] -238, -747, -151
Step count: 111
[167183184] -261, -760, -152
Step count: 111
[167183200] -276, -786, -146
Step count: 111
[167183216] -293, -815, -156
Step count: 111
[167183232] -299, -852, -162
Step count: 111
[167183264] -310, -883, -160
Step count: 111
[167183280] -325, -918, -147
Step count: 111
[167183296] -336, -951, -138
Step count: 111
[167183328] -337, -940, -146
Step count: 111
[167183344] -337, -904, -115
Step count: 111
[167183376] -336, -1049, 6
Step count: 111
[167183392] -505, -1587, 74
Step count: 111
[167183408] -592, -1555, -117
Step count: 111
[167183424] -389, -1025, -250
Step count: 111
[167183456] -383, -774, -154
Step count: 111
[167183472] -404, -647, -54
Step count: 111
[167183488] -399, -799, 9
Step count: 111
[167183504] -448, -980, 14
Step count: 111
[167183536] -454, -1075, 13
Step count: 111
[167183552] -391, -1080, 4
Step count: 111
[167183568] -335, -1028, -3
Step count: 111
[167183584] -318, -924, -26
Step count: 111
[167183616] -322, -820, -44
Step count: 111
[167183648] -350, -713, -44
Step count: 111
[167183664] -303, -722, -33
Step count: 111
[167183680] -265, -738, -33
Step count: 111
[167183696] -248, -771, -34
Step count: 111
[167183712] -241, -801, -40
Step count: 111
[167183744] -226, -793, -26
Step count: 111
[167183760] -239, -786, -24
Step count: 111
[167183776] -319, -786, -13
Step count: 111
[167183808] -315, -785, -12
Step count: 111
[167183824] -338, -833, -25
Step count: 111
[167183840] -342, -909, -26
Step count: 111
[167183856] -373, -978, -28
Step count: 112
[167183872] -410, -1003, -44
Step count: 112
[167183904] -392, -946, -80
Step count: 112
[167183936] -384, -950, -74
Step count: 112
[167183952] -471, -1289, 60
Step count: 112
[167183968] -549, -1664, 106
Step count: 112
[167183984] -547, -1364, -109
Step count: 112
[167184016] -340, -816, -230
Step count: 112
[167184032] -380, -626, -203
Step count: 112
[167184048] -498, -806, -187
Step count: 112
[167184064] -406, -1030, -102
Step count: 112
[167184096] -486, -1126, -51
Step count: 112
[167184112] -476, -1206, -15
Step count: 112
[167184128] -344, -1176, -1
Step count: 112
[167184144] -206, -1057, -46
Step count: 112
[167184176] -218, -886, -138
Step count: 112
[167184192] -288, -720, -91
Step count: 112
[167184224] -316, -682, -71
Step count: 112
[167184240] -328, -678, -72
Step count: 112
[167184256] -308, -690, -85
Step count: 112
[167184288] -324, -702, -70
Step count: 112
[167184304] -308, -720, -53
Step count: 112
[167184320] -285, -733, -36
Step count: 112
[167184336] -281, -722, -33
Step count: 112
[167184352] -295, -740, -44
Step count: 112
[167184384] -327, -770, -58
Step count: 112
[167184400] -344, -800, -52
Step count: 112
[167184416] -370, -873, -43
Step count: 112
[167184448] -408, -962, -40
Step count: 112
[167184464] -391, -990, -25
Step count: 112
[167184496] -413, -1047, -55
Step count: 112
[167184512] -488, -1092, -32
Step count: 112
[167184528] -475, -1394, 31
Step count: 113
[167184544] -631, -1594, -55
Step count: 113
[167184576] -557, -1285, -223
Step count: 113
[167184592] -453, -888, -218
Step count: 113
[167184608] -486, -672, -125
Step count: 113
[167184624] -400, -732, 0
Step count: 113
[167184656] -376, -934, 17
Step count: 113
[167184672] -410, -1011, -15
Step count: 113
[167184688] -404, -1094, -9
Step count: 113
[167184704] -369, -1051, -24
Step count: 113
[167184736] -329, -973, -45
Step count: 114
[167184768] -379, -829, -71
Step count: 114
[167184784] -344, -760, -43
Step count: 114
[167184800] -268, -726, -10
Step count: 114
[167184816] -232, -719, -7
Step count: 114
[167184832] -216, -732, -13
Step count: 114
[167184864] -213, -733, -12
Step count: 114
[167184880] -228, -745, -2
Step count: 114
[167184896] -238, -749, 0
Step count: 114
[167184928] -251, -741, -10
Step count: 114
[167184944] -270, -771, -9
Step count: 114
[167184960] -280, -817, -31
Step count: 114
[167184976] -298, -858, -72
Step count: 114
[167184992] -298, -934, -78
Step count: 114
[167185024] -304, -982, -64
Step count: 114
[167185056] -311, -935, -91
Step count: 114
[167185072] -286, -817, -135
Step count: 114
[167185088] -283, -930, -28
Step count: 114
[167185104] -398, -1552, 204
Step count: 114
[167185136] -530, -1850, 120
Step count: 114
[167185152] -547, -1271, -163
Step count: 114
[167185168] -385, -872, -185
Step count: 114
[167185184] -374, -713, -183
Step count: 114
[167185216] -406, -773, -214
Step count: 114
[167185232] -478, -941, -227
Step count: 114
[167185248] -503, -1001, -194
Step count: 115
[167185264] -453, -1134, -109
Step count: 115
[167185296] -263, -1123, -57
Step count: 115
[167185312] -273, -819, -137
Step count: 115
[167185344] -270, -657, -161
Step count: 115
[167185360] -272, -624, -148
Step count: 115
[167185376] -392, -584, -182
Step count: 115
[167185408] -478, -665, -205
Step count: 115
[167185424] -434, -782, -149
Step count: 115
[167185440] -423, -801, -126
Step count: 115
[167185456] -424, -784, -105
Step count: 115
[167185472] -416, -781, -77
Step count: 115
[167185504] -426, -772, -74
Step count: 115
[167185520] -472, -771, -70
Step count: 115
[167185536] -532, -828, -50
Step count: 115
[167185568] -526, -962, -28
Step count: 115
[167185584] -446, -1014, -8
Step count: 115
[167185616] -361, -999, 8
Step count: 115
[167185632] -236, -931, 53
Step count: 115
[167185648] -252, -1134, 111
Step count: 115
[167185664] -372, -1596, 120
Step count: 115
[167185696] -327, -1451, -86
Step count: 115
[167185712] -99, -1117, -55
Step count: 115
[167185728] 5, -1024, 27
Step count: 115
[167185744] -194, -1066, 8
Step count: 115
[167185776] -183, -1018, -29
Step count: 115
[167185792] -4, -1006, -2
Step count: 115
[167185808] 76, -988, 22
Step count: 115
[167185840] 73, -976, 16
Step count: 115
[167185856] 131, -1009, -54
Step count: 115
[167185888] 93, -925, 17
Step count: 115
[167185904] -66, -850, 55
Step count: 115
[167185920] -246, -812, 36
Step count: 115
[167185936] -243, -788, 24
Step count: 115
[167185952] -99, -753, 58
Step count: 115
[167185984] -139, -747, 69
Step count: 115
[167186000] -205, -788, 70
Step count: 115
[167186016] -276, -782, 88
Step count: 115
[167186048] -394, -800, 104
Step count: 115
[167186064] -394, -837, 150
Step count: 115
[167186080] -326, -914, 174
Step count: 115
[167186096] -297, -1019, 154
Step count: 115
[167186112] -305, -1119, 143
Step count: 115
[167186144] -281, -1221, 92
Step count: 115
[167186176] -192, -1181, 21
Step count: 115
[167186192] -90, -1134, -7
Step count: 115
[167186208] -63, -1178, 180
Step count: 115
[167186224] -164, -1542, 316
Step count: 116
[167186256] -149, -1844, 260
Step count: 116
[167186272] 118, -1016, -29
Step count: 116
[167186288] 340, -341, -96
Step count: 116
[167186304] 101, -781, -12
Step count: 116
[167186336] -293, -1154, 126
Step count: 116
[167186352] -271, -1191, 255
Step count: 116
[167186368] -105, -1261, 304
Step count: 116
[167186384] -67, -1164, 234
Step count: 116
[167186416] -64, -1106, 143
Step count: 116
[167186432] -54, -868, 28
Step count: 116
[167186464] -125, -786, 4
Step count: 116
[167186480] -197, -645, -112
Step count: 116
[167186496] -246, -537, -127
Step count: 116
[167186528] -274, -644, -90
Step count: 116
[167186544] -280, -620, -82
Step count: 116
[167186560] -278, -593, -80
Step count: 116
[167186576] -291, -638, -72
Step count: 116
[167186592] -302, -641, -82
Step count: 116
[167186624] -343, -656, -76
Step count: 116
[167186640] -354, -741, -53
Step count: 116
[167186656] -417, -837, -56
Step count: 117
[167186688] -426, -933, -69
Step count: 117
[167186704] -393, -1031, -99
Step count: 117
[167186736] -405, -1073, -93
Step count: 117
[167186752] -386, -1046, -80
Step count: 117
[167186768] -403, -1177, -8
Step count: 117
[167186784] -490, -1567, 73
Step count: 117
[167186816] -550, -1746, -24
Step count: 117
[167186832] -507, -1442, -260
Step count: 117
[167186848] -366, -1027, -230
Step count: 117
[167186864] -251, -797, -68
Step count: 117
[167186896] -105, -802, 19
Step count: 117
[167186912] -160, -921, -89
Step count: 117
[167186928] -273, -975, -120
Step count: 117
[167186960] -281, -1084, -42
Step count: 117
[167186976] -297, -929, -90
Step count: 117
[167187008] -349, -917, -36
Step count: 117
[167187024] -303, -827, 2
Step count: 117
[167187040] -184, -840, 47
Step count: 117
[167187056] -118, -801, 85
Step count: 117
[167187072] -20, -791, 147
Step count: 117
[167187104] -34, -736, 175
Step count: 117
[167187120] -123, -679, 156
Step count: 117
[167187136] -144, -771, 132
Step count: 117
[167187168] -152, -773, 112
Step count: 117
[167187184] -157, -723, 87
Step count: 117
[167187200] -155, -781, 69
Step count: 117
[167187216] -191, -810, 70
Step count: 117
[167187248] -205, -933, 111
Step count: 117
[167187264] -167, -1112, 162
Step count: 117
[167187296] -191, -1211, 143
Step count: 118
[167187312] -230, -1102, 94
Step count: 118
[167187328] -199, -1114, 238
Step count: 118
[167187344] -201, -1578, 455
Step count: 118
[167187376] -301, -1655, 328
Step count: 118
[167187392] -213, -1088, 57
Step count: 118
[167187408] -135, -741, -75
Step count: 118
[167187424] -127, -766, -78
Step count: 118
[167187456] -158, -975, -91
Step count: 118
[167187472] -236, -1095, -73
Step count: 118
[167187488] -316, -1132, -56
Step count: 118
[167187520] -352, -1123, -36
Step count: 118
[167187536] -39, -935, -55
Step count: 118
[167187552] -55, -770, -102
Step count: 118
[167187584] -199, -711, -62
Step count: 118
[167187600] -179, -645, -17
Step count: 118
[167187616] -183, -672, -18
Step count: 118
[167187648] -245, -707, -49
Step count: 118
[167187664] -275, -745, -76
Step count: 118
[167187680] -296, -755, -81
Step count: 118
[167187696] -271, -778, -69
Step count: 118
[167187712] -257, -745, -87
Step count: 119
[167187744] -251, -749, -92
Step count: 119
[167187760] -275, -821, -84
Step count: 119
[167187792] -299, -916, -65
Step count: 119
[167187808] -309, -1017, -43
Step count: 119
[167187824] -378, -1148, -24
Step count: 119
[167187856] -394, -1180, -5
Step count: 119
[167187872] -355, -1070, -20
Step count: 119
[167187888] -337, -1001, -4
Step count: 119
[167187904] -333, -1331, 107
Step count: 119
[167187936] -442, -1572, 75
Step count: 119
[167187952] -441, -1483, -24
Step count: 119
[167187968] -397, -968, -158
Step count: 119
[167187984] -389, -774, -75
Step count: 119
[167188016] -334, -998, 76
Step count: 119
[167188032] -351, -1023, 37
Step count: 119
[167188064] -321, -994, -27
Step count: 119
[167188080] -302, -985, -15
Step count: 119
[167188096] -235, -914, -32
Step count: 119
[167188128] -180, -852, -40
Step count: 119
[167188144] -196, -800, -26
Step count: 119
[167188160] -193, -748, -4
Step count: 119
[167188176] -211, -718, -8
Step count: 119
[167188192] -221, -690, -18
Step count: 119
[167188224] -187, -698, -49
Step count: 119
[167188240] -180, -757, -48
Step count: 119
[167188256] -176, -786, -19
Step count: 119
[167188288] -182, -791, -10
Step count: 119
[167188304] -210, -791, -15
Step count: 119
[167188336] -222, -820, -17
Step count: 119
[167188352] -238, -878, -12
Step count: 119
[167188368] -243, -960, 9
Step count: 120
[167188384] -252, -1045, 20
Step count: 120
[167188416] -275, -1084, 4
Step count: 120
[167188432] -287, -1013, -65
Step count: 120
[167188448] -269, -918, -113
Step count: 120
[167188464] -276, -1049, 24
Step count: 120
[167188496] -350, -1612, 273
Step count: 120
[167188512] -463, -1757, 178
Step count: 120
[167188528] -469, -1108, -113
Step count: 120
[167188544] -330, -647, -196
Step count: 120
[167188576] -285, -708, -134
Step count: 120
[167188608] -337, -1051, -131
Step count: 120
[167188624] -349, -1166, -68
Step count: 120
[167188640] -295, -1193, -42
Step count: 120
[167188656] -166, -1103, -60
Step count: 120
[167188672] -71, -924, -97
Step count: 120
[167188704] -134, -783, -142
Step count: 120
[167188720] -300, -707, -135
Step count: 120
[167188736] -231, -668, -99
Step count: 120
[167188768] -255, -651, -89
Step count: 120
[167188784] -289, -695, -74
Step count: 120
[167188800] -292, -729, -65
Step count: 120
[167188816] -302, -742, -48
Step count: 120
[167188832] -290, -751, -42
Step count: 120
[167188864] -289, -735, -66
Step count: 120
[167188896] -281, -776, -70
Step count: 120
[167188912] -296, -844, -45
Step count: 120
[167188928] -322, -912, -27
Step count: 121
[167188944] -327, -988, -19
Step count: 121
[167188976] -376, -1046, -36
Step count: 121
[167188992] -419, -1016, -72
Step count: 121
[167189008] -399, -1058, -11
Step count: 121
[167189024] -429, -1503, 164
Step count: 121
[167189056] -522, -1838, 155
Step count: 121
[167189072] -479, -1472, -56
Step count: 121
[167189088] -361, -894, -127
Step count: 121
[167189104] -375, -650, -26
Step count: 121
[167189136] -343, -1002, 9
Step count: 121
[167189152] -366, -1028, 6
Step count: 121
[167189184] -341, -1084, 19
Step count: 121
[167189200] -272, -1037, 10
Step count: 121
[167189216] -183, -938, -22
Step count: 121
[167189248] -140, -854, -44
Step count: 121
[167189264] -145, -805, -67
Step count: 121
[167189280] -157, -741, -64
Step count: 121
[167189296] -182, -703, -24
Step count: 121
[167189312] -206, -711, 17
Step count: 121
[167189344] -236, -734, 21
Step count: 121
[167189360] -257, -772, 23
Step count: 121
[167189376] -251, -833, 31
Step count: 121
[167189408] -242, -864, 23
Step count: 121
[167189424] -218, -861, -5
Step count: 121
[167189456] -171, -867, -13
Step count: 121
[167189472] -140, -866, 12
Step count: 121
[167189488] -147, -884, 23
Step count: 122
[167189504] -185, -944, 30
Step count: 122
[167189536] -226, -1000, 16
Step count: 122
[167189552] -235, -985, -24
Step count: 122
[167189568] -235, -931, -72
Step count: 122
[167189584] -252, -1084, 25
Step count: 122
[167189616] -312, -1589, 158
Step count: 122
[167189632] -442, -1743, 8
Step count: 122
[167189648] -436, -1271, -217
Step count: 122
[167189680] -288, -861, -295
Step count: 122
[167189696] -308, -745, -340
Step count: 122
[167189728] -329, -987, -234
Step count: 122
[167189744] -382, -1147, -9
Step count: 122
[167189760] -397, -1186, 125
Step count: 122
[167189776] -228, -1079, 123
Step count: 122
[167189792] -116, -1117, 117
Step count: 122
[167189824] -183, -947, 29
Step count: 122
[167189840] -210, -750, -36
Step count: 122
[167189856] -222, -692, -3
Step count: 122
[167189888] -340, -639, -43
Step count: 122
[167189904] -360, -655, -46
Step count: 122
[167189920] -380, -678, -64
Step count: 122
[167189952] -398, -717, -106
Step count: 122
[167189968] -336, -749, -149
Step count: 122
[167189984] -263, -763, -130
Step count: 122
[167190016] -223, -770, -96
Step count: 122
[167190032] -205, -778, -90
Step count: 122
[167190048] -180, -831, -69
Step count: 123
[167190064] -172, -920, -40
Step count: 123
[167190096] -216, -997, -37
Step count: 123
[167190112] -278, -1064, -29
Step count: 123
[167190128] -316, -1038, -40
Step count: 123
[167190144] -333, -937, -74
Step count: 123
[167190176] -329, -921, -37
Step count: 123
[167190192] -355, -1245, 71
Step count: 123
[167190224] -472, -1600, 28
Step count: 123
[167190240] -461, -1019, -243
Step count: 123
[167190256] -393, -822, -95
Step count: 123
[167190272] -286, -877, 13
Step count: 123
[167190304] -288, -1003, 20
Step count: 123
[167190320] -357, -1132, 33
Step count: 123
[167190336] -361, -1250, 59
Step count: 123
[167190368] -302, -1127, -28
Step count: 123
[167190384] -242, -1006, -88
Step count: 123
[167190400] -172, -929, -73
Step count: 123
[167190416] -164, -872, -54
Step count: 123
[167190432] -181, -807, -62
Step count: 123
[167190464] -169, -742, -57
Step count: 123
[167190496] -156, -704, -61
Step count: 123
[167190512] -167, -704, -65
Step count: 123
[167190528] -179, -717, -61
Step count: 123
[167190544] -177, -728, -51
Step count: 123
[167190576] -203, -763, -56
Step count: 123
[167190592] -209, -785, -53
Step count: 123
[167190608] -201, -808, -36
Step count: 123
[167190624] -212, -842, -20
Step count: 123
[167190656] -226, -890, -17
Step count: 123
[167190672] -227, -945, -11
Step count: 123
[167190688] -228, -983, -9
Step count: 123
[167190704] -242, -976, -46
Step count: 123
[167190736] -238, -1010, -8
Step count: 124
[167190752] -253, -1411, 196
Step count: 124
[167190768] -349, -1798, 229
Step count: 124
[167190800] -359, -905, -208
Step count: 124
[167190816] -278, -731, -218
Step count: 124
[167190848] -282, -603, -235
Step count: 124
[167190864] -320, -746, -240
Step count: 124
[167190880] -403, -1021, -190
Step count: 124
[167190896] -444, -1248, -110
Step count: 124
[167190912] -345, -1243, -69
Step count: 124
[167190944] -112, -1138, -22
Step count: 124
[167190960] -3, -1039, -26
Step count: 124
[167190976] -132, -1002, -57
Step count: 124
[167191008] -161, -896, -97
Step count: 124
[167191024] -150, -899, -86
Step count: 124
[167191056] -235, -829, -119
Step count: 124
[167191072] -251, -755, -128
Step count: 124
[167191088] -242, -772, -102
Step count: 124
[167191104] -219, -725, -87
Step count: 124
[167191136] -187, -691, -88
Step count: 124
[167191152] -184, -681, -95
Step count: 124
[167191168] -199, -685, -94
Step count: 124
[167191184] -231, -713, -88
Step count: 124
[167191216] -254, -751, -87
Step count: 124
[167191232] -273, -794, -84
Step count: 124
[167191248] -309, -847, -96
Step count: 125
[167191264] -331, -899, -105
Step count: 125
[167191296] -354, -950, -101
Step count: 125
[167191312] -345, -997, -102
Step count: 125
[167191344] -389, -1017, -82
Step count: 125
[167191360] -339, -1648, 187
Step count: 125
[167191376] -385, -1758, 85
Step count: 125
[167191392] -290, -1293, -154
Step count: 125
[167191424] -44, -761, -144
Step count: 125
[167191440] -31, -725, 38
Step count: 125
[167191456] -247, -1071, 13
Step count: 125
[167191488] -256, -1177, -45
Step count: 125
[167191504] -12, -1237, 35
Step count: 125
[167191520] 160, -1218, 88
Step count: 125
[167191536] 255, -1127, 31
Step count: 125
[167191552] 190, -995, -66
Step count: 125
[167191584] 95, -887, -101
Step count: 125
[167191616] 4, -876, -67
Step count: 125
[167191632] -64, -917, -14
Step count: 125
[167191648] -57, -950, 13
Step count: 125
[167191664] -73, -953, -3
Step count: 125
[167191696] -130, -909, -29
Step count: 125
[167191712] -184, -857, -25
Step count: 125
[167191728] -233, -866, 6
Step count: 125
[167191744] -248, -891, 30
Step count: 125
[167191776] -236, -922, 42
Step count: 125
[167191792] -229, -941, 48
Step count: 125
[167191808] -243, -936, 42
Step count: 126
[167191824] -269, -931, 44
Step count: 126
[167191856] -287, -922, 54
Step count: 126
[167191872] -306, -911, 52
Step count: 126
[167191904] -311, -896, 38
Step count: 126
[167191920] -305, -873, 17
Step count: 126
[167191936] -318, -855, -3
Step count: 126
[167191968] -324, -828, -33
Step count: 126
[167191984] -324, -817, -62
Step count: 126
[167192000] -313, -817, -67
Step count: 126
[167192016] -318, -1088, 71
Step count: 126
[167192032] -378, -1631, 226
Step count: 126
[167192064] -472, -1540, 38
Step count: 126
[167192080] -402, -941, -168
Step count: 126
[167192096] -250, -636, -179
Step count: 126
[167192128] -233, -750, -197
Step count: 126
[167192144] -235, -959, -250
Step count: 126
[167192176] -189, -1107, -194
Step count: 126
[167192192] -127, -1157, -41
Step count: 126
[167192208] -115, -1143, 40
Step count: 126
[167192224] -142, -1068, -4
Step count: 126
[167192256] -135, -923, -99
Step count: 126
[167192272] -200, -819, -140
Step count: 126
[167192288] -231, -727, -111
Step count: 126
[167192304] -231, -531, -116
Step count: 126
[167192336] -287, -532, -63
Step count: 126
[167192352] -446, -790, 52
Step count: 126
[167192368] -639, -964, 67
Step count: 126
[167192384] -693, -946, -37
Step count: 126
[167192416] -589, -827, -188
Step count: 127
[167192448] -381, -830, -249
Step count: 127
[167192464] -207, -1068, -242
Step count: 127
[167192480] -180, -1094, -268
Step count: 127
[167192496] -169, -987, -283
Step count: 127
[167192512] -156, -910, -267
Step count: 127
[167192544] -175, -939, -271
Step count: 127
[167192560] -193, -926, -302
Step count: 127
[167192576] -214, -883, -280
Step count: 127
[167192608] -254, -904, -219
Step count: 127
[167192624] -277, -972, -148
Step count: 127
[167192640] -291, -1074, -70
Step count: 127
[167192656] -360, -1191, -5
Step count: 127
[167192672] -393, -1197, -17
Step count: 127
[167192704] -419, -1004, -117
Step count: 127
[167192736] -369, -799, -145
Step count: 127
[167192752] -367, -902, -17
Step count: 127
[167192768] -365, -1081, 66
Step count: 127
[167192784] -342, -1061, 40
Step count: 127
[167192816] -316, -969, 6
Step count: 127
[167192832] -296, -930, -6
Step count: 127
[167192848] -295, -946, -38
Step count: 127
[167192864] -294, -987, -51
Step count: 127
[167192896] -303, -961, -49
Step count: 127
[167192912] -302, -886, -63
Step count: 127
[167192928] -270, -812, -108
Step count: 127
[167192944] -234, -731, -157
Step count: 127
[167192976] -214, -683, -173
Step count: 127
[167192992] -229, -708, -162
Step count: 127
[167193024] -259, -769, -145
Step count: 127
[167193040] -261, -814, -69
Step count: 127
[167193056] -383, -880, -28
Step count: 127
[167193088] -419, -908, 8
Step count: 127
[167193104] -383, -878, -12
Step count: 127
[167193120] -396, -926, -15
Step count: 127
[167193136] -433, -1026, -11
Step count: 127
[167193152] -465, -1020, -31
Step count: 127
[167193184] -461, -945, -57
Step count: 127
[167193200] -448, -867, -98
Step count: 127
[167193216] -418, -867, -115
Step count: 128
[167193248] -401, -1106, 9
Step count: 128
[167193264] -376, -1454, 107
Step count: 128
[167193280] -421, -1371, 11
Step count: 128
[167193312] -220, -931, -212
Step count: 128
[167193328] -62, -549, -413
Step count: 128
[167193344] -100, -766, -343
Step count: 128
[167193376] -213, -1133, -184
Step count: 129
[167193392] -201, -1317, 10
Step count: 129
[167193408] -85, -1282, 145
Step count: 129
[167193424] -64, -1138, 85
Step count: 129
[167193456] -118, -1061, -29
Step count: 129
[167193472] -170, -892, -135
Step count: 129
[167193488] -281, -786, -159
Step count: 129
[167193504] -364, -726, -123
Step count: 129
[167193536] -287, -698, -87
Step count: 129
[167193552] -316, -803, -16
Step count: 129
[167193584] -428, -608, -142
Step count: 129
[167193600] -507, -503, -203
Step count: 129
[167193616] -490, -668, -152
Step count: 129
[167193632] -398, -866, -104
Step count: 129
[167193664] -328, -867, -151
Step count: 129
[167193680] -313, -830, -146
Step count: 129
[167193696] -306, -950, -72
Step count: 129
[167193728] -329, -1006, -81
Step count: 129
[167193744] -334, -1000, -113
Step count: 129
[167193760] -322, -1039, -120
Step count: 129
[167193776] -292, -983, -147
Step count: 129
[167193792] -249, -917, -152
Step count: 129
[167193824] -261, -989, -115
Step count: 129
[167193840] -338, -1306, -50
Step count: 129
[167193872] -487, -1481, -112
Step count: 129
[167193888] -493, -1144, -297
Step count: 129
[167193904] -368, -693, -301
Step count: 129
[167193936] -371, -788, -31
Step count: 129
[167193952] -264, -1195, 188
Step count: 129
[167193968] -262, -1260, 120
Step count: 129
[167193984] -292, -1070, 28
Step count: 129
[167194016] -283, -926, -8
Step count: 129
[167194032] -258, -915, -17
Step count: 129
[167194048] -215, -908, -29
Step count: 129
[167194064] -209, -816, -51
Step count: 129
[167194096] -219, -736, -71
Step count: 129
[167194112] -226, -701, -82
Step count: 129
[167194144] -245, -723, -72
Step count: 129
[167194160] -251, -830, 62
Step count: 129
[167194176] -180, -726, 110
Step count: 129
[167194208] -307, -645, 60
Step count: 130
[167194224] -586, -690, -37
Step count: 130
[167194240] -661, -706, -117
Step count: 130
[167194256] -623, -762, -166
Step count: 130
[167194272] -540, -878, -175
Step count: 130
[167194304] -478, -1016, -156
Step count: 130
[167194320] -459, -1124, -184
Step count: 130
[167194336] -378, -1138, -187
Step count: 130
[167194368] -270, -1117, -192
Step count: 130
[167194384] -219, -1045, -262
Step count: 130
[167194400] -190, -1083, -191
Step count: 130
[167194432] -324, -1389, -75
Step count: 130
[167194448] -448, -1459, -94
Step count: 130
[167194464] -319, -1111, -188
Step count: 130
[167194496] -155, -736, -224
Step count: 130
[167194512] -125, -798, -152
Step count: 130
[167194528] -209, -1046, -122
Step count: 130
[167194544] -261, -1109, -90
Step count: 130
[167194576] -271, -1033, -3
Step count: 130
[167194592] -237, -1002, 78
Step count: 130
[167194608] -235, -952, 73
Step count: 130
[167194624] -291, -784, 100
Step count: 130
[167194656] -375, -565, 130
Step count: 130
[167194672] -504, -428, 100
Step count: 130
[167194704] -533, -829, -104
Step count: 130
[167194720] -498, -802, -296
Step count: 130
[167194736] -549, -660, -394
Step count: 131
[167194752] -418, -638, -319
Step count: 131
[167194784] -437, -878, -187
Step count: 131
[167194800] -414, -1022, -205
Step count: 131
[167194816] -282, -914, -221
Step count: 131
[167194848] -198, -838, -195
Step count: 131
[167194864] -165, -877, -233
Step count: 131
[167194880] -165, -903, -279
Step count: 131
[167194896] -235, -971, -271
Step count: 131
[167194912] -301, -1057, -246
Step count: 131
[167194944] -312, -1007, -218
Step count: 131
[167194976] -288, -958, -157
Step count: 131
[167194992] -313, -1261, -58
Step count: 131
[167195008] -354, -1523, -67
Step count: 131
[167195024] -354, -1412, -119
Step count: 131
[167195056] -309, -1041, -126
Step count: 131
[167195072] -292, -832, -12
Step count: 131
[167195088] -314, -927, 16
Step count: 131
[167195104] -355, -1025, -28
Step count: 131
[167195136] -378, -1057, -45
Step count: 131
[167195152] -369, -1042, -33
Step count: 131
[167195168] -320, -955, -40
Step count: 131
[167195184] -300, -868, -80
Step count: 131
[167195216] -319, -767, -123
Step count: 131
[167195232] -285, -741, -86
Step count: 131
[167195264] -255, -707, -91
Step count: 131
[167195280] -274, -660, -125
Step count: 131
[167195296] -282, -656, -131
Step count: 131
[167195328] -259, -711, -126
Step count: 131
[167195344] -270, -789, -124
Step count: 131
[167195360] -284, -794, -103
Step count: 131
[167195376] -279, -799, -60
Step count: 132
[167195392] -319, -883, -27
Step count: 132
[167195424] -354, -961, -26
Step count: 132
[167195440] -352, -1008, -24
Step count: 132
[167195456] -378, -1025, -61
Step count: 132
[167195488] -364, -930, -129
Step count: 132
[167195504] -314, -838, -178
Step count: 132
[167195536] -356, -1132, -99
Step count: 132
[167195552] -504, -1686, -49
Step count: 132
[167195568] -524, -1542, -140
Step count: 132
[167195584] -365, -1072, -187
Step count: 132
[167195616] -264, -834, -219
Step count: 132
[167195632] -247, -919, -267
Step count: 132
[167195648] -257, -1066, -269
Step count: 132
[167195664] -278, -1123, -262
Step count: 132
[167195696] -253, -1110, -205
Step count: 132
[167195712] -180, -1050, -131
Step count: 132
[167195728] -124, -955, -113
Step count: 132
[167195760] -128, -806, -153
Step count: 132
[167195776] -169, -566, -93
Step count: 132
[167195808] -183, -522, -67
Step count: 132
[167195824] -270, -609, -103
Step count: 132
[167195840] -307, -675, -105
Step count: 132
[167195856] -295, -711, -88
Step count: 132
[167195872] -325, -744, -75
Step count: 132
[167195904] -315, -746, -77
Step count: 133
[167195920] -307, -731, -99
Step count: 133
[167195936] -302, -764, -88
Step count: 133
[167195968] -315, -879, -61
Step count: 133
[167195984] -349, -979, -57
Step count: 133
[167196000] -388, -1012, -92
Step count: 133
[167196032] -433, -1012, -139
Step count: 133
[167196048] -411, -926, -187
Step count: 133
[167196064] -413, -895, -174
Step count: 133
[167196096] -462, -1363, -56
Step count: 133
[167196112] -601, -1739, -75
Step count: 133
[167196128] -618, -1502, -257
Step count: 133
[167196144] -472, -1138, -206
Step count: 133
[167196176] -450, -921, -88
Step count: 133
[167196192] -411, -1035, -113
Step count: 133
[167196208] -391, -1112, -158
Step count: 133
[167196224] -313, -1092, -132
Step count: 133
[167196256] -197, -1016, -102
Step count: 133
[167196272] -106, -927, -132
Step count: 133
[167196304] -68, -867, -128
Step count: 133
[167196320] -105, -728, -50
Step count: 133
[167196336] -182, -729, -12
Step count: 133
[167196352] -171, -756, 7
Step count: 133
[167196384] -104, -766, 1
Step count: 133
[167196400] -130, -774, -14
Step count: 134
[167196416] -160, -833, -20
Step count: 134
[167196448] -200, -819, -39
Step count: 134
[167196464] -216, -799, -59
Step count: 134
[167196480] -205, -799, -88
Step count: 134
[167196496] -220, -836, -106
Step count: 134
[167196512] -273, -885, -110
Step count: 134
[167196544] -323, -925, -109
Step count: 134
[167196576] -345, -961, -118
Step count: 134
[167196592] -331, -957, -138
Step count: 134
[167196608] -338, -946, -162
Step count: 134
[167196624] -336, -924, -181
Step count: 134
[167196656] -353, -1082, -85
Step count: 134
[167196672] -436, -1525, 52
Step count: 134
[167196688] -524, -1479, -57
Step count: 134
[167196704] -488, -1074, -158
Step count: 134
[167196736] -379, -780, -144
Step count: 134
[167196752] -345, -734, -152
Step count: 134
[167196768] -400, -865, -216
Step count: 134
[167196784] -496, -970, -236
Step count: 134
[167196816] -537, -1037, -211
Step count: 134
[167196832] -259, -1049, -187
Step count: 134
[167196864] -170, -958, -197
Step count: 134
[167196880] -303, -862, -194
Step count: 134
[167196896] -237, -728, -190
Step count: 134
[167196928] -274, -718, -203
Step count: 134
[167196944] -285, -688, -208
Step count: 134
[167196960] -282, -680, -203
Step count: 134
[167196976] -284, -687, -187
Step count: 134
[167196992] -237, -668, -166
Step count: 135
[167197024] -230, -670, -160
Step count: 135
[167197040] -252, -684, -144
Step count: 135
[167197056] -291, -708, -114
Step count: 135
[167197088] -332, -767, -91
Step count: 135
[167197104] -347, -836, -74
Step count: 135
[167197136] -344, -933, -62
Step count: 135
[167197152] -338, -984, -77
Step count: 135
[167197168] -327, -942, -104
Step count: 135
[167197184] -357, -1001, -34
Step count: 135
[167197216] -455, -1385, 27
Step count: 135
[167197232] -537, -1568, -129
Step count: 135
[167197248] -494, -1441, -319
Step count: 135
[167197264] -396, -1023, -250
Step count: 135
[167197296] -260, -684, -127
Step count: 135
[167197312] -189, -636, -112
Step count: 135
[167197328] -257, -893, -138
Step count: 136
[167197344] -295, -1169, -164
Step count: 136
[167197376] -236, -1287, -96
Step count: 136
[167197408] -168, -1055, -91
Step count: 136
[167197424] -175, -841, -140
Step count: 136
[167197440] -192, -723, -171
Step count: 136
[167197456] -207, -707, -171
Step count: 136
[167197472] -122, -667, -112
Step count: 136
[167197504] -130, -750, -114
Step count: 136
[167197520] -241, -791, -143
Step count: 136
[167197536] -226, -756, -153
Step count: 136
[167197568] -307, -769, -161
Step count: 136
[167197584] -283, -749, -152
Step count: 136
[167197600] -254, -766, -126
Step count: 136
[167197616] -277, -846, -117
Step count: 136
[167197648] -317, -928, -124
Step count: 136
[167197664] -343, -1030, -133
Step count: 136
[167197696] -331, -1058, -149
Step count: 136
[167197712] -265, -986, -169
Step count: 136
[167197728] -225, -1230, -2
Step count: 136
[167197744] -303, -1832, 54
Step count: 136
[167197776] -340, -1733, -214
Step count: 136
[167197792] -99, -968, -403
Step count: 136
[167197808] 17, -508, -328
Step count: 136
[167197824] -114, -772, -215
Step count: 137
[167197856] -177, -1109, -146
Step count: 137
[167197872] -142, -1220, -27
Step count: 137
[167197888] -147, -1174, -10
Step count: 137
[167197904] -106, -1014, -77
Step count: 137
[167197936] -81, -945, -83
Step count: 137
[167197952] -138, -681, -146
Step count: 137
[167197984] -248, -674, -151
Step count: 137
[167198000] -151, -672, -142
Step count: 137
[167198016] -161, -789, -135
Step count: 137
[167198048] -152, -807, -123
Step count: 137
[167198064] -202, -815, -173
Step count: 137
[167198080] -255, -808, -205
Step count: 137
[167198096] -244, -781, -210
Step count: 137
[167198112] -224, -761, -208
Step count: 137
[167198144] -239, -802, -172
Step count: 137
[167198160] -270, -844, -169
Step count: 137
[167198176] -265, -860, -170
Step count: 137
[167198208] -271, -926, -168
Step count: 137
[167198224] -322, -971, -228
Step count: 138
[167198256] -252, -952, -227
Step count: 138
[167198272] -317, -1307, -110
Step count: 138
[167198288] -484, -1835, -103
Step count: 138
[167198304] -449, -1755, -177
Step count: 138
[167198336] -188, -1187, -199
Step count: 138
[167198352] -144, -735, -202
Step count: 138
[167198368] -192, -732, -208
Step count: 138
[167198384] -229, -909, -163
Step count: 138
[167198416] -195, -1035, -78
Step count: 138
[167198432] -172, -1080, -33
Step count: 138
[167198448] -145, -1024, -21
Step count: 138
[167198480] -125, -981, -64
Step count: 138
[167198496] -142, -843, -70
Step count: 139
[167198528] -149, -768, -52
Step count: 139
[167198544] -105, -697, -54
Step count: 139
[167198560] -150, -681, -79
Step count: 139
[167198576] -167, -697, -80
Step count: 139
[167198592] -233, -758, -88
Step count: 139
[167198624] -319, -801, -82
Step count: 139
[167198640] -306, -825, -76
Step count: 139
[167198656] -268, -820, -80
Step count: 139
[167198688] -238, -833, -78
Step count: 139
[167198704] -247, -910, -87
Step count: 139
[167198720] -284, -1002, -84
Step count: 139
[167198752] -275, -1090, -78
Step count: 139
[167198768] -273, -1134, -123
Step count: 139
[167198784] -243, -1109, -190
Step count: 139
[167198816] -172, -1082, -182
Step count: 139
[167198832] -260, -1416, -35
Step count: 139
[167198848] -346, -1669, -64
Step count: 139
[167198864] -220, -1297, -224
Step count: 139
[167198896] -62, -781, -294
Step count: 139
[167198912] -82, -617, -316
Step count: 139
[167198928] -142, -844, -321
Step count: 139
[167198944] -142, -1055, -248
Step count: 139
[167198976] -107, -1140, -174
Step count: 139
[167198992] -69, -1081, -170
Step count: 139
[167199024] -49, -1000, -183
Step count: 139
[167199040] -168, -841, -149
Step count: 139
[167199056] -193, -737, -138
Step count: 139
[167199072] -227, -689, -151
Step count: 139
[167199104] -301, -672, -147
Step count: 139
[167199120] -267, -635, -126
Step count: 139
[167199136] -328, -698, -133
Step count: 139
[167199168] -385, -736, -134
Step count: 139
[167199184] -401, -770, -148
Step count: 139
[167199200] -383, -764, -179
Step count: 139
[167199216] -345, -752, -192
Step count: 139
[167199232] -342, -815, -205
Step count: 139
[167199264] -370, -845, -211
Step count: 139
[167199296] -403, -973, -193
Step count: 139
[167199312] -414, -1039, -187
Step count: 139
[167199328] -359, -1043, -234
Step count: 139
[167199344] -337, -982, -262
Step count: 139
[167199376] -379, -1082, -230
Step count: 140
[167199392] -505, -1432, -179
Step count: 140
[167199408] -548, -1527, -223
Step count: 140
[167199424] -444, -1280, -285
Step count: 140
[167199456] -272, -892, -272
Step count: 140
[167199472] -269, -781, -241
Step count: 140
[167199488] -311, -904, -218
Step count: 140
[167199504] -286, -1044, -159
Step count: 140
[167199536] -210, -1093, -100
Step count: 140
[167199552] -174, -1022, -80
Step count: 140
[167199584] -187, -914, -140
Step count: 140
[167199600] -215, -845, -136
Step count: 140
[167199616] -199, -784, -102
Step count: 140
[167199648] -169, -750, -85
Step count: 140
[167199664] -166, -739, -76
Step count: 140
[167199680] -177, -728, -98
Step count: 140
[167199696] -227, -733, -134
Step count: 140
[167199712] -265, -740, -130
Step count: 140
[167199744] -300, -776, -124
Step count: 140
[167199760] -288, -786, -151
Step count: 140
[167199776] -269, -829, -160
Step count: 140
[167199808] -275, -888, -154
Step count: 140
[167199824] -275, -939, -172
Step count: 140
[167199856] -284, -983, -178
Step count: 140
[167199872] -297, -1023, -193
Step count: 140
[167199888] -267, -979, -213
Step count: 140
[167199904] -258, -805, -236
Step count: 141
[167199936] -390, -1014, -239
Step count: 141
[167199952] -444, -1607, -96
Step count: 141
[167199968] -438, -1574, -166
Step count: 141
[167199984] -285, -1134, -216
Step count: 141
[167200016] -246, -812, -261
Step count: 141
[167200032] -295, -713, -352
Step count: 141
[167200048] -273, -748, -396
Step count: 141
[167200064] -269, -859, -354
Step count: 141
[167200096] -289, -1030, -217
Step count: 141
[167200128] -217, -1019, -157
Step count: 141
[167200144] -150, -937, -153
Step count: 141
[167200160] -169, -827, -177
Step count: 141
[167200176] -156, -700, -161
Step count: 141
[167200192] -186, -690, -164
Step count: 141
[167200224] -306, -762, -163
Step count: 141
[167200240] -246, -736, -167
Step count: 141
[167200256] -300, -796, -158
Step count: 141
[167200288] -312, -781, -152
Step count: 141
[167200304] -315, -763, -146
Step count: 141
[167200320] -330, -765, -143
Step count: 141
[167200336] -323, -763, -142
Step count: 141
[167200368] -342, -785, -127
Step count: 141
[167200384] -372, -841, -103
Step count: 141
[167200416] -394, -909, -80
Step count: 141
[167200432] -405, -988, -74
Step count: 141
[167200448] -450, -1019, -93
Step count: 141
[167200464] -418, -953, -119
Step count: 142
[167200496] -380, -903, -113
Step count: 142
[167200512] -412, -1084, -10
Step count: 142
[167200528] -524, -1511, 88
Step count: 142
[167200544] -603, -1555, -65
Step count: 142
[167200576] -527, -1076, -287
Step count: 142
[167200592] -463, -867, -175
Step count: 142
[167200624] -476, -952, -34
Step count: 142
[167200640] -414, -1091, -56
Step count: 142
[167200656] -401, -1072, -65
Step count: 142
[167200672] -333, -1005, -84
Step count: 142
[167200704] -235, -922, -116
Step count: 142
[167200720] -190, -852, -154
Step count: 142
[167200736] -190, -822, -153
Step count: 142
[167200768] -182, -779, -130
Step count: 142
[167200784] -161, -741, -89
Step count: 142
[167200800] -153, -705, -74
Step count: 142
[167200816] -165, -702, -89
Step count: 142
[167200832] -190, -720, -100
Step count: 142
[167200864] -242, -731, -108
Step count: 142
[167200880] -278, -728, -115
Step count: 142
[167200912] -289, -739, -103
Step count: 142
[167200928] -282, -758, -84
Step count: 142
[167200944] -266, -823, -65
Step count: 142
[167200976] -293, -925, -49
Step count: 142
[167200992] -328, -1025, -51
Step count: 143
[167201008] -344, -1058, -85
Step count: 143
[167201024] -330, -994, -138
Step count: 143
[167201056] -304, -941, -154
Step count: 143
[167201072] -340, -1149, -18
Step count: 143
[167201088] -438, -1607, 90
Step count: 143
[167201104] -501, -1428, -154
Step count: 143
[167201136] -329, -997, -241
Step count: 143
[167201152] -274, -787, -221
Step count: 143
[167201184] -388, -707, -239
Step count: 143
[167201200] -436, -998, -204
Step count: 143
[167201216] -436, -1109, -178
Step count: 143
[167201248] -357, -1122, -174
Step count: 143
[167201264] -239, -1055, -157
Step count: 143
[167201280] -152, -945, -151
Step count: 143
[167201296] -154, -805, -158
Step count: 143
[167201312] -224, -746, -166
Step count: 143
[167201344] -273, -680, -159
Step count: 143
[167201360] -278, -681, -121
Step count: 143
[167201376] -331, -708, -101
Step count: 143
[167201408] -326, -720, -93
Step count: 143
[167201424] -337, -727, -105
Step count: 143
[167201456] -349, -708, -110
Step count: 143
[167201472] -355, -698, -96
Step count: 143
[167201488] -381, -723, -80
Step count: 143
[167201504] -396, -761, -77
Step count: 144
[167201536] -420, -797, -83
Step count: 144
[167201552] -436, -850, -85
Step count: 144
[167201568] -443, -937, -88
Step count: 144
[167201584] -461, -974, -115
Step count: 144
[167201616] -465, -930, -150
Step count: 144
[167201632] -448, -880, -187
Step count: 144
[167201648] -417, -880, -186
Step count: 144
[167201664] -448, -1203, -46
Step count: 144
[167201696] -494, -1624, 51
Step count: 144
[167201728] -469, -1653, -75
Step count: 144
[167201744] -107, -848, -179
Step count: 144
[167201760] -123, -895, -107
Step count: 144
[167201776] -236, -1005, -203
Step count: 144
[167201792] -213, -1190, -125
Step count: 144
[167201824] -5, -1277, -6
Step count: 144
[167201840] 192, -1201, -7
Step count: 144
[167201856] 173, -1135, -67
Step count: 144
[167201888] 81, -1060, -113
Step count: 144
[167201904] 74, -952, -102
Step count: 144
[167201920] 91, -903, -47
Step count: 144
[167201936] 83, -921, -7
Step count: 144
[167201952] 43, -940, -10
Step count: 144
[167201984] 16, -926, -16
Step count: 144
[167202016] -16, -896, -5
Step count: 144
[167202032] -35, -892, 19
Step count: 144
[167202048] -58, -910, 35
Step count: 144
[167202064] -94, -913, 40
Step count: 144
[167202096] -119, -893, 46
Step count: 145
[167202112] -141, -902, 55
Step count: 145
[167202128] -182, -946, 52
Step count: 145
[167202144] -227, -1001, 68
Step count: 145
[167202176] -267, -1037, 81
Step count: 145
[167202192] -294, -1050, 88
Step count: 145
[167202208] -276, -1031, 84
Step count: 145
[167202224] -252, -988, 63
Step count: 145
[167202256] -269, -947, 43
Step count: 145
[167202272] -295, -909, 36
Step count: 145
[167202304] -290, -772, -6
Step count: 145
[167202320] -272, -761, -33
Step count: 145
[167202336] -308, -999, 30
Step count: 145
[167202368] -411, -1452, 127
Step count: 146
[167202384] -390, -1425, 99
Step count: 146
[167202400] -192, -1042, 21
Step count: 146
[167202416] -127, -759, -110
Step count: 146
[167202432] -219, -723, -289
Step count: 146
[167202464] -261, -853, -348
Step count: 146
[167202480] -268, -1007, -304
Step count: 146
[167202496] -206, -1065, -224
Step count: 146
[167202528] -171, -1072, -169
Step count: 146
[167202544] -180, -1031, -199
Step count: 146
[167202576] -213, -953, -239
Step count: 146
[167202592] -275, -913, -236
Step count: 146
[167202608] -250, -861, -219
Step count: 146
[167202624] -210, -820, -202
Step count: 146
[167202656] -241, -843, -188
Step count: 146
[167202672] -258, -860, -172
Step count: 146
[167202688] -281, -900, -157
Step count: 146
[167202704] -285, -924, -158
Step count: 146
[167202736] -259, -913, -169
Step count: 146
[167202752] -247, -906, -184
Step count: 146
[167202768] -256, -911, -200
Step count: 146
[167202784] -262, -923, -223
Step count: 146
[167202816] -240, -920, -253
Step count: 146
[167202848] -174, -858, -284
Step count: 146
[167202864] -178, -867, -273
Step count: 146
[167202880] -208, -905, -261
Step count: 146
[167202896] -245, -932, -254
Step count: 146
[167202912] -283, -926, -255
Step count: 146
[167202944] -290, -890, -258
Step count: 146
[167202960] -283, -841, -255
Step count: 146
[167202976] -298, -845, -240
Step count: 147
[167203008] -352, -1020, -208
Step count: 147
[167203024] -436, -1276, -177
Step count: 147
[167203040] -490, -1439, -169
Step count: 147
[167203056] -402, -1270, -172
Step count: 147
[167203088] -297, -891, -184
Step count: 147
[167203104] -205, -593, -199
Step count: 147
[167203136] -210, -599, -218
Step count: 147
[167203152] -299, -801, -181
Step count: 147
[167203168] -336, -1005, -74
Step count: 147
[167203184] -306, -1145, -9
Step count: 147
[167203216] -273, -1152, -1
Step count: 147
[167203232] -252, -1102, -29
Step count: 147
[167203248] -251, -1005, -77
Step count: 147
[167203264] -257, -887, -98
Step count: 147
[167203296] -251, -831, -103
Step count: 147
[167203312] -244, -825, -98
Step count: 147
[167203328] -238, -818, -91
Step count: 147
[167203344] -211, -775, -122
Step count: 147
[167203376] -187, -729, -164
Step count: 147
[167203392] -205, -742, -185
Step count: 147
[167203424] -246, -766, -204
Step count: 147
[167203440] -325, -799, -219
Step count: 147
[167203456] -346, -817, -216
Step count: 147
[167203488] -379, -864, -225
Step count: 147
[167203504] -347, -891, -230
Step count: 147
[167203520] -321, -940, -229
Step count: 147
[167203536] -335, -974, -219
Step count: 147
[167203552] -366, -1011, -211
Step count: 147
[167203584] -382, -1047, -227
Step count: 147
[167203600] -379, -1021, -262
Step count: 147
[167203616] -338, -959, -234
Step count: 147
[167203648] -364, -1330, -27
Step count: 148
[167203664] -556, -1824, 14
Step count: 148
[167203696] -554, -1452, -279
Step count: 148
[167203712] -397, -912, -372
Step count: 148
[167203728] -307, -607, -323
Step count: 148
[167203744] -300, -685, -274
Step count: 148
[167203776] -342, -890, -219
Step count: 148
[167203792] -343, -972, -145
Step count: 148
[167203808] -318, -996, -105
Step count: 148
[167203824] -276, -969, -100
Step count: 148
[167203856] -252, -886, -113
Step count: 148
[167203872] -261, -798, -109
Step count: 148
[167203888] -254, -728, -107
Step count: 148
[167203904] -252, -682, -118
Step count: 148
[167203936] -260, -662, -128
Step count: 148
[167203952] -263, -670, -145
Step count: 148
[167203968] -259, -700, -147
Step count: 148
[167203984] -244, -725, -143
Step count: 148
[167204016] -238, -735, -144
Step count: 148
[167204032] -250, -745, -167
Step count: 148
[167204064] -323, -767, -226
Step count: 148
[167204080] -354, -781, -227
Step count: 149
[167204096] -369, -797, -206
Step count: 149
[167204128] -380, -840, -198
Step count: 149
[167204144] -388, -903, -204
Step count: 149
[167204160] -372, -944, -210
Step count: 149
[167204176] -336, -954, -218
Step count: 149
[167204192] -429, -1001, -211
Step count: 149
[167204224] -423, -940, -201
Step count: 149
[167204240] -416, -988, -154
Step count: 149
[167204256] -457, -1291, -61
Step count: 149
[167204288] -560, -1498, -79
Step count: 149
[167204304] -503, -1240, -251
Step count: 149
[167204336] -380, -877, -264
Step count: 149
[167204352] -476, -828, -141
Step count: 150
[167204368] -423, -886, -98
Step count: 150
[167204384] -424, -1022, -88
Step count: 150
[167204416] -409, -1140, -53
Step count: 150
[167204432] -377, -1162, -47
Step count: 150
[167204448] -346, -1108, -55
Step count: 150
[167204464] -319, -1022, -79
Step count: 150
[167204496] -312, -877, -119
Step count: 150
[167204512] -264, -738, -130
Step count: 150
[167204528] -215, -658, -87
Step count: 150
[167204544] -176, -664, -52
Step count: 150
[167204576] -154, -687, -40
Step count: 150
[167204608] -145, -666, -33
Step count: 150
[167204624] -244, -718, -71
Step count: 150
[167204640] -227, -725, -90
Step count: 150
[167204656] -203, -718, -83
Step count: 150
[167204672] -218, -729, -59
Step count: 150
[167204704] -269, -807, -61
Step count: 150
[167204720] -316, -912, -100
Step count: 150
[167204736] -284, -986, -98
Step count: 150
[167204768] -271, -1000, -102
Step count: 150
[167204784] -314, -1186, -10
Step count: 150
[167204800] -447, -1702, 104
Step count: 150
[167204816] -572, -1671, -26
Step count: 150
[167204832] -498, -1136, -213
Step count: 150
[167204864] -374, -739, -242
Step count: 150
[167204896] -368, -659, -176
Step count: 151
[167204912] -438, -877, -179
Step count: 151
[167204928] -510, -1047, -130
Step count: 151
[167204944] -524, -1124, -80
Step count: 151
[167204976] -419, -1099, -47
Step count: 151
[167204992] -239, -1125, -30
Step count: 151
[167205008] -334, -1110, -52
Step count: 151
[167205024] -304, -945, -124
Step count: 151
[167205056] -320, -815, -163
Step count: 151
[167205072] -357, -794, -147
Step count: 151
[167205088] -356, -777, -128
Step count: 151
[167205120] -305, -771, -98
Step count: 151
[167205136] -269, -789, -85
Step count: 151
[167205152] -289, -780, -93
Step count: 151
[167205184] -312, -766, -91
Step count: 151
[167205200] -316, -754, -82
Step count: 151
[167205216] -320, -746, -68
Step count: 151
[167205248] -332, -750, -54
Step count: 151
[167205264] -354, -779, -50
Step count: 151
[167205280] -373, -824, -58
Step count: 151
[167205296] -388, -875, -60
Step count: 151
[167205312] -400, -935, -55
Step count: 151
[167205344] -404, -911, -77
Step count: 151
[167205360] -389, -891, -70
Step count: 151
[167205376] -417, -1187, 38
Step count: 151
[167205408] -538, -1579, 68
Step count: 151
[167205424] -584, -1464, -132
Step count: 151
[167205456] -458, -1055, -214
Step count: 151
[167205472] -482, -917, -80
Step count: 151
[167205488] -441, -929, 5
Step count: 152
[167205504] -382, -1022, -32
Step count: 152
[167205536] -397, -1107, -63
Step count: 152
[167205552] -400, -1114, -48
Step count: 152
[167205568] -360, -1087, -39
Step count: 152
[167205584] -296, -1033, -55
Step count: 152
[167205616] -250, -954, -72
Step count: 152
[167205632] -234, -869, -82
Step count: 152
[167205648] -212, -782, -69
Step count: 152
[167205680] -183, -722, -49
Step count: 152
[167205696] -183, -659, -100
Step count: 152
[167205728] -170, -668, -118
Step count: 152
[167205744] -152, -700, -105
Step count: 152
[167205760] -196, -737, -95
Step count: 152
[167205776] -205, -725, -86
Step count: 152
[167205792] -229, -738, -63
Step count: 152
[167205824] -243, -786, -61
Step count: 152
[167205840] -250, -852, -75
Step count: 152
[167205856] -269, -947, -66
Step count: 152
[167205888] -304, -987, -74
Step count: 152
[167205904] -336, -951, -130
Step count: 152
[167205920] -369, -1025, -100
Step count: 152
[167205952] -474, -1551, 68
Step count: 152
[167205968] -615, -1763, 16
Step count: 152
[167205984] -519, -1304, -146
Step count: 152
[167206016] -383, -830, -200
Step count: 152
[167206032] -405, -687, -292
Step count: 152
[167206048] -454, -789, -390
Step count: 152
[167206064] -462, -896, -347
Step count: 152
[167206096] -450, -977, -224
Step count: 152
[167206112] -395, -1105, -189
Step count: 152
[167206128] -273, -1122, -189
Step count: 152
[167206144] -196, -993, -184
Step count: 152
[167206176] -285, -904, -107
Step count: 152
[167206208] -305, -766, -162
Step count: 152
[167206224] -441, -644, -162
Step count: 152
[167206240] -367, -645, -163
Step count: 152
[167206256] -301, -645, -166
Step count: 152
[167206272] -266, -678, -146
Step count: 152
[167206304] -286, -724, -145
Step count: 153
[167206320] -311, -751, -152
Step count: 153
[167206336] -353, -764, -146
Step count: 153
[167206368] -374, -788, -134
Step count: 153
[167206384] -395, -857, -113
Step count: 153
[167206400] -400, -919, -97
Step count: 153
[167206416] -377, -949, -101
Step count: 153
[167206432] -323, -937, -124
Step count: 153
[167206464] -339, -870, -155
Step count: 153
[167206496] -332, -828, -138
Step count: 153
[167206512] -420, -1158, -33
Step count: 153
[167206528] -552, -1510, -18
Step count: 153
[167206544] -646, -1468, -125
Step count: 153
[167206576] -533, -1175, -188
Step count: 153
[167206592] -514, -974, -81
Step count: 153
[167206608] -460, -939, -3
Step count: 153
[167206624] -351, -963, -13
Step count: 153
[167206656] -338, -1008, -6
Step count: 153
[167206672] -364, -1026, 1
Step count: 153
[167206688] -350, -1049, -30
Step count: 153
[167206704] -270, -1064, -62
Step count: 154
[167206736] -216, -1023, -61
Step count: 154
[167206752] -174, -895, -80
Step count: 154
[167206784] -150, -679, -139
Step count: 154
[167206800] -174, -697, -128
Step count: 154
[167206816] -188, -687, -139
Step count: 154
[167206848] -205, -680, -159
Step count: 154
[167206864] -211, -685, -147
Step count: 154
[167206880] -193, -704, -122
Step count: 154
[167206896] -190, -706, -132
Step count: 154
[167206912] -209, -706, -143
Step count: 154
[167206944] -246, -767, -134
Step count: 154
[167206960] -293, -888, -108
Step count: 154
[167206976] -339, -1007, -88
Step count: 154
[167207008] -368, -1014, -128
Step count: 154
[167207024] -361, -947, -151
Step count: 154
[167207056] -392, -1301, 20
Step count: 154
[167207072] -486, -1759, 99
Step count: 154
[167207088] -468, -1569, 4
Step count: 154
[167207104] -397, -995, -191
Step count: 154
[167207136] -311, -662, -222
Step count: 154
[167207152] -489, -708, -199
Step count: 154
[167207168] -686, -1004, -113
Step count: 154
[167207184] -567, -1147, -28
Step count: 154
[167207216] -444, -1110, 5
Step count: 154
[167207232] -372, -1099, -12
Step count: 154
[167207248] -192, -1083, -18
Step count: 154
[167207264] -75, -932, -17
Step count: 154
[167207296] -365, -655, -140
Step count: 154
[167207328] -406, -585, -65
Step count: 154
[167207344] -424, -624, -58
Step count: 154
[167207360] -438, -671, -67
Step count: 154
[167207376] -355, -688, -123
Step count: 154
[167207392] -310, -670, -190
Step count: 154
[167207424] -328, -670, -209
Step count: 154
[167207440] -375, -695, -223
Step count: 154
[167207456] -405, -720, -159
Step count: 154
[167207488] -406, -765, -83
Step count: 154
[167207504] -428, -799, -134
Step count: 154
[167207520] -539, -1001, -18
Step count: 154
[167207536] -524, -1038, -44
Step count: 154
[167207552] -519, -963, -132
Step count: 155
[167207584] -509, -978, -102
Step count: 155
[167207616] -480, -1205, 30
Step count: 155
[167207632] -510, -1548, 119
Step count: 155
[167207648] -612, -1485, -13
Step count: 155
[167207664] -570, -1113, -203
Step count: 155
[167207696] -454, -743, -208
Step count: 155
[167207712] -483, -847, -78
Step count: 155
[167207728] -441, -1042, -18
Step count: 155
[167207744] -377, -1011, -42
Step count: 155
[167207776] -379, -1058, -31
Step count: 155
[167207792] -361, -1069, -44
Step count: 155
[167207808] -290, -1007, -110
Step count: 155
[167207840] -243, -921, -158
Step count: 156
[167207856] -203, -743, -141
Step count: 156
[167207872] -176, -677, -122
Step count: 156
[167207904] -189, -673, -135
Step count: 156
[167207920] -142, -636, -156
Step count: 156
[167207936] -161, -647, -165
Step count: 156
[167207968] -243, -707, -168
Step count: 156
[167207984] -217, -717, -166
Step count: 156
[167208000] -205, -750, -149
Step count: 156
[167208016] -184, -797, -134
Step count: 156
[167208032] -187, -846, -151
Step count: 156
[167208064] -215, -908, -166
Step count: 156
[167208080] -229, -1016, -136
Step count: 156
[167208112] -234, -1087, -138
Step count: 156
[167208128] -234, -1034, -166
Step count: 156
[167208144] -277, -1238, -23
Step count: 156
[167208176] -370, -1820, 201
Step count: 156
[167208192] -485, -1552, 4
Step count: 156
[167208208] -407, -875, -297
Step count: 156
[167208224] -295, -612, -300
Step count: 156
[167208256] -336, -798, -170
Step count: 156
[167208272] -390, -1125, -104
Step count: 156
[167208288] -418, -1228, -114
Step count: 156
[167208304] -394, -1121, -137
Step count: 156
[167208336] -281, -1051, -139
Step count: 156
[167208352] -166, -1007, -162
Step count: 157
[167208384] -220, -787, -203
Step count: 157
[167208400] -270, -769, -150
Step count: 157
[167208416] -175, -666, -169
Step count: 157
[167208448] -206, -653, -188
Step count: 157
[167208464] -195, -643, -199
Step count: 157
[167208480] -187, -651, -211
Step count: 157
[167208496] -172, -699, -226
Step count: 157
[167208512] -145, -724, -194
Step count: 157
[167208544] -147, -745, -160
Step count: 157
[167208560] -219, -818, -134
Step count: 157
[167208576] -283, -841, -143
Step count: 157
[167208608] -314, -898, -140
Step count: 157
[167208624] -332, -1013, -109
Step count: 157
[167208656] -379, -1091, -114
Step count: 157
[167208672] -407, -1082, -164
Step count: 157
[167208688] -354, -1010, -216
Step count: 157
[167208704] -305, -1002, -182
Step count: 157
[167208736] -387, -1326, -57
Step count: 157
[167208752] -498, -1453, -145
Step count: 157
[167208768] -509, -1180, -357
Step count: 157
[167208784] -398, -994, -326
Step count: 157
[167208816] -374, -971, -205
Step count: 157
[167208832] -389, -1031, -155
Step count: 157
[167208848] -397, -1052, -171
Step count: 157
[167208864] -396, -1029, -169
Step count: 157
[167208896] -373, -998, -145
Step count: 157
[167208928] -265, -892, -151
Step count: 158
[167208944] -262, -807, -161
Step count: 158
[167208960] -262, -720, -152
Step count: 158
[167208976] -248, -679, -122
Step count: 158
[167208992] -223, -679, -104
Step count: 158
[167209024] -204, -684, -105
Step count: 158
[167209040] -181, -698, -103
Step count: 158
[167209056] -197, -735, -95
Step count: 158
[167209088] -223, -756, -95
Step count: 158
[167209104] -234, -760, -114
Step count: 158
[167209120] -219, -775, -135
Step count: 158
[167209136] -212, -834, -132
Step count: 158
[167209168] -217, -897, -118
Step count: 158
[167209184] -232, -968, -116
Step count: 158
[167209216] -245, -1057, -140
Step count: 158
[167209232] -235, -1066, -205
Step count: 158
[167209248] -185, -1051, -174
Step count: 158
[167209264] -215, -1271, -77
Step count: 158
[167209296] -421, -1730, -70
Step count: 158
[167209312] -432, -1404, -255
Step count: 158
[167209328] -348, -887, -330
Step count: 158
[167209344] -322, -614, -315
Step count: 158
[167209376] -341, -692, -339
Step count: 158
[167209392] -375, -909, -384
Step count: 158
[167209424] -397, -1056, -323
Step count: 158
[167209440] -279, -1092, -224
Step count: 158
[167209456] -151, -1028, -240
Step count: 159
[167209472] -150, -917, -267
Step count: 159
[167209504] -161, -784, -258
Step count: 159
[167209520] -281, -747, -235
Step count: 159
[167209536] -262, -634, -199
Step count: 159
[167209568] -281, -625, -197
Step count: 159
[167209584] -314, -658, -215
Step count: 159
[167209600] -280, -668, -217
Step count: 159
[167209616] -278, -704, -190
Step count: 159
[167209632] -273, -704, -187
Step count: 159
[167209664] -321, -716, -174
Step count: 159
[167209696] -350, -771, -162
Step count: 159
[167209712] -358, -830, -170
Step count: 159
[167209728] -390, -892, -161
Step count: 159
[167209744] -427, -945, -153
Step count: 159
[167209776] -461, -956, -161
Step count: 159
[167209792] -475, -928, -189
Step count: 159
[167209808] -483, -977, -176
Step count: 159
[167209824] -565, -1392, -83
Step count: 159
[167209856] -609, -1611, -122
Step count: 159
[167209872] -559, -1457, -251
Step count: 159
[167209888] -442, -1059, -283
Step count: 159
[167209904] -348, -818, -201
Step count: 159
[167209936] -415, -864, -225
Step count: 159
[167209952] -368, -887, -233
Step count: 159
[167209984] -371, -953, -196
Step count: 159
[167210000] -339, -1081, -89
Step count: 160
[167210016] -296, -962, -274
Step count: 160
[167210048] -187, -914, -232
Step count: 160
[167210064] -177, -858, -154
Step count: 160
[167210080] -217, -779, -151
Step count: 160
[167210096] -249, -731, -146
Step count: 160
[167210112] -244, -700, -160
Step count: 160
[167210144] -246, -688, -183
Step count: 160
[167210160] -230, -683, -173
Step count: 160
[167210176] -235, -680, -160
Step count: 160
[167210208] -237, -679, -152
Step count: 160
[167210224] -215, -682, -157
Step count: 160
[167210256] -223, -738, -163
Step count: 160
[167210272] -236, -822, -172
Step count: 160
[167210288] -243, -912, -180
Step count: 160
[167210304] -260, -1007, -177
Step count: 160
[167210336] -272, -1048, -193
Step count: 160
[167210352] -252, -990, -237
Step count: 160
[167210368] -241, -1096, -169
Step count: 160
[167210384] -352, -1634, 12
Step count: 160
[167210416] -470, -1673, -123
Step count: 161
[167210432] -408, -1143, -278
Step count: 161
[167210448] -318, -727, -259
Step count: 161
[167210480] -281, -608, -254
Step count: 161
[167210496] -458, -1016, -276
Step count: 161
[167210528] -479, -1089, -173
Step count: 161
[167210544] -463, -1089, -147
Step count: 161
[167210560] -354, -1082, -133
Step count: 161
[167210576] -273, -1032, -129
Step count: 161
[167210592] -232, -860, -144
Step count: 161
[167210624] -281, -781, -152
Step count: 161
[167210640] -279, -658, -145
Step count: 161
[167210656] -258, -623, -135
Step count: 161
[167210688] -305, -664, -129
Step count: 161
[167210704] -297, -695, -125
Step count: 161
[167210720] -325, -709, -138
Step count: 161
[167210752] -329, -703, -146
Step count: 161
[167210768] -313, -690, -161
Step count: 161
[167210784] -328, -700, -170
Step count: 161
[167210816] -351, -773, -175
Step count: 161
[167210832] -385, -847, -191
Step count: 161
[167210848] -426, -922, -187
Step count: 161
[167210864] -463, -993, -187
Step count: 161
[167210896] -509, -1016, -216
Step count: 161
[167210912] -489, -960, -258
Step count: 161
[167210928] -416, -849, -283
Step count: 161
[167210944] -405, -919, -220
Step count: 161
[167210976] -548, -1278, -152
Step count: 161
[167210992] -615, -1446, -196
Step count: 161
[167211024] -438, -907, -209
Step count: 161
[167211040] -522, -924, -174
Step count: 161
[167211056] -502, -960, -169
Step count: 161
[167211072] -474, -1010, -135
Step count: 161
[167211104] -443, -1050, -105
Step count: 161
[167211120] -414, -985, -119
Step count: 162
[167211136] -365, -859, -136
Step count: 162
[167211168] -326, -798, -172
Step count: 162
[167211184] -314, -753, -194
Step count: 162
[167211200] -279, -704, -165
Step count: 162
[167211216] -247, -677, -132
Step count: 162
[167211232] -245, -687, -111
Step count: 162
[167211264] -261, -701, -118
Step count: 162
[167211296] -285, -716, -150
Step count: 162
[167211312] -285, -737, -161
Step count: 162
[167211328] -291, -739, -162
Step count: 162
[167211344] -288, -740, -163
Step count: 162
[167211376] -298, -748, -149
Step count: 162
[167211392] -306, -791, -140
Step count: 162
[167211408] -316, -859, -152
Step count: 162
[167211424] -328, -930, -160
Step count: 162
[167211456] -331, -994, -155
Step count: 162
[167211472] -325, -980, -169
Step count: 162
[167211488] -301, -939, -162
Step count: 162
[167211504] -417, -1301, -48
Step count: 162
[167211536] -528, -1655, -62
Step count: 162
[167211552] -416, -882, -264
Step count: 162
[167211584] -396, -612, -291
Step count: 162
[167211600] -388, -727, -341
Step count: 162
[167211616] -385, -957, -336
Step count: 162
[167211648] -385, -1108, -247
Step count: 162
[167211664] -363, -1167, -185
Step count: 162
[167211680] -309, -1146, -158
Step count: 162
[167211696] -247, -1034, -188
Step count: 162
[167211712] -254, -878, -225
Step count: 162
[167211744] -269, -777, -222
Step count: 162
[167211760] -241, -673, -190
Step count: 162
[167211792] -309, -691, -190
Step count: 162
[167211808] -349, -682, -180
Step count: 162
[167211824] -327, -717, -175
Step count: 162
[167211856] -345, -715, -172
Step count: 162
[167211872] -323, -691, -171
Step count: 162
[167211888] -308, -708, -165
Step count: 162
[167211904] -333, -741, -165
Step count: 162
[167211936] -380, -763, -172
Step count: 162
[167211952] -421, -792, -173
Step count: 163
[167211968] -480, -796, -172
Step count: 163
[167211984] -487, -811, -165
Step count: 163
[167212016] -487, -826, -175
Step count: 163
[167212032] -469, -832, -181
Step count: 163
[167212064] -481, -861, -190
Step count: 163
[167212080] -401, -866, -144
Step count: 163
[167212096] -415, -1120, -67
Step count: 163
[167212128] -468, -1434, -75
Step count: 163
[167212144] -481, -1459, -151
Step count: 163
[167212160] -327, -1139, -219
Step count: 163
[167212176] -266, -971, -195
Step count: 163
[167212192] -314, -1032, -221
Step count: 163
[167212224] -310, -1096, -220
Step count: 163
[167212240] -206, -1123, -154
Step count: 163
[167212256] -4, -1104, -136
Step count: 163
[167212288] 91, -1055, -172
Step count: 163
[167212304] 117, -997, -188
Step count: 164
[167212336] 76, -940, -169
Step count: 164
[167212352] 18, -907, -133
Step count: 164
[167212368] 17, -913, -94
Step count: 164
[167212384] -10, -934, -61
Step count: 164
[167212416] -94, -936, -21
Step count: 164
[167212432] -185, -937, -8
Step count: 164
[167212448] -263, -904, -19
Step count: 164
[167212464] -325, -870, -38
Step count: 164
[167212496] -364, -854, -53
Step count: 164
[167212512] -380, -855, -63
Step count: 164
[167212528] -382, -900, -44
Step count: 164
[167212544] -413, -853, -106
Step count: 164
[167212576] -403, -892, -104
Step count: 164
[167212608] -409, -889, -93
Step count: 164
[167212624] -405, -850, -115
Step count: 164
[167212640] -401, -825, -129
Step count: 164
[167212656] -416, -820, -134
Step count: 164
[167212672] -418, -808, -153
Step count: 164
[167212704] -374, -789, -173
Step count: 164
[167212720] -340, -825, -152
Step count: 164
[167212736] -448, -1188, -30
Step count: 164
[167212768] -617, -1706, -14
Step count: 164
[167212784] -554, -1470, -146
Step count: 164
[167212800] -377, -1065, -214
Step count: 164
[167212816] -203, -716, -309
Step count: 164
[167212848] -175, -660, -392
Step count: 164
[167212864] -222, -825, -375
Step count: 164
[167212896] -241, -1019, -274
Step count: 164
[167212912] -197, -1125, -187
Step count: 164
[167212928] -129, -1054, -159
Step count: 164
[167212944] -155, -962, -162
Step count: 164
[167212976] -234, -896, -153
Step count: 164
[167212992] -281, -867, -161
Step count: 164
[167213008] -269, -857, -162
Step count: 164
[167213024] -272, -802, -143
Step count: 164
[167213056] -320, -750, -119
Step count: 164
[167213072] -344, -736, -120
Step count: 164
[167213088] -357, -720, -133
Step count: 164
[167213104] -351, -726, -174
Step count: 164
[167213136] -358, -738, -201
Step count: 164
[167213152] -373, -783, -209
Step count: 164
[167213184] -379, -767, -369
Step count: 165
[167213200] -355, -747, -381
Step count: 165
[167213216] -356, -783, -391
Step count: 165
[167213248] -327, -827, -414
Step count: 165
[167213264] -272, -779, -423
Step count: 165
[167213280] -235, -758, -358
Step count: 165
[167213296] -262, -831, -287
Step count: 165
[167213312] -327, -868, -244
Step count: 165
[167213344] -376, -795, -192
Step count: 165
[167213360] -445, -766, -143
Step count: 165
[167213376] -557, -1010, -118
Step count: 165
[167213408] -615, -1269, -144
Step count: 165
[167213424] -587, -1319, -188
Step count: 166
[167213456] -573, -1055, -276
Step count: 166
[167213472] -430, -677, -360
Step count: 166
[167213488] -378, -586, -407
Step count: 166
[167213504] -384, -789, -366
Step count: 166
[167213536] -322, -973, -283
Step count: 166
[167213552] -253, -1105, -225
Step count: 166
[167213568] -232, -1140, -206
Step count: 166
[167213584] -260, -1120, -193
Step count: 166
[167213616] -283, -1096, -172
Step count: 166
[167213632] -312, -1076, -154
Step count: 166
[167213648] -279, -1018, -136
Step count: 166
[167213664] -225, -910, -130
Step count: 166
[167213696] -220, -812, -138
Step count: 166
[167213712] -222, -772, -170
Step count: 166
[167213728] -245, -769, -184
Step count: 166
[167213760] -255, -772, -177
Step count: 166
[167213776] -272, -777, -178
Step count: 166
[167213792] -286, -776, -170
Step count: 166
[167213824] -294, -794, -159
Step count: 166
[167213840] -293, -824, -153
Step count: 166
[167213856] -300, -861, -138
Step count: 166
[167213888] -329, -919, -125
Step count: 166
[167213904] -355, -946, -120
Step count: 166
[167213920] -376, -965, -123
Step count: 166
[167213936] -383, -975, -150
Step count: 166
[167213952] -374, -946, -199
Step count: 166
[167213984] -359, -948, -213
Step count: 166
[167214000] -416, -1178, -124
Step count: 166
[167214016] -473, -1420, -105
Step count: 166
[167214048] -523, -1345, -265
Step count: 166
[167214064] -516, -1011, -371
Step count: 167
[167214096] -453, -803, -439
Step count: 167
[167214112] -371, -745, -434
Step count: 167
[167214128] -288, -819, -250
Step count: 167
[167214144] -242, -963, -68
Step count: 167
[167214176] -208, -1035, 24
Step count: 167
[167214192] -204, -1031, -51
Step count: 167
[167214208] -271, -923, -174
Step count: 167
[167214224] -278, -859, -167
Step count: 167
[167214256] -275, -856, -124
Step count: 167
[167214272] -253, -822, -109
Step count: 167
[167214288] -199, -765, -111
Step count: 167
[167214304] -231, -734, -141
Step count: 167
[167214336] -253, -713, -165
Step count: 167
[167214368] -210, -721, -112
Step count: 167
[167214384] -220, -764, -193
Step count: 167
[167214400] -210, -709, -206
Step count: 167
[167214416] -218, -730, -243
Step count: 167
[167214432] -276, -817, -313
Step count: 167
[167214464] -279, -822, -380
Step count: 167
[167214480] -271, -808, -417
Step count: 167
[167214496] -281, -855, -423
Step count: 167
[167214528] -303, -960, -441
Step count: 167
[167214544] -353, -1003, -480
Step count: 167
[167214560] -370, -1044, -419
Step count: 167
[167214576] -380, -1086, -353
Step count: 167
[167214592] -356, -1026, -354
Step count: 167
[167214624] -384, -1066, -346
Step count: 167
[167214656] -503, -1363, -294
Step count: 167
[167214672] -556, -1579, -281
Step count: 167
[167214688] -383, -1230, -366
Step count: 167
[167214704] -155, -724, -290
Step count: 167
[167214736] -168, -767, -246
Step count: 168
[167214752] -214, -998, -169
Step count: 168
[167214768] -209, -1074, -73
Step count: 168
[167214784] -176, -987, -46
Step count: 168
[167214816] -160, -910, -57
Step count: 168
[167214832] -175, -965, -69
Step count: 168
[167214848] -141, -982, -46
Step count: 168
[167214864] -75, -935, -18
Step count: 168
[167214896] -91, -878, -18
Step count: 168
[167214912] -115, -764, -75
Step count: 168
[167214944] -129, -750, -109
Step count: 168
[167214960] -138, -723, -127
Step count: 168
[167214976] -174, -739, -139
Step count: 168
[167215008] -242, -761, -140
Step count: 168
[167215024] -283, -786, -152
Step count: 168
[167215040] -307, -793, -150
Step count: 168
[167215056] -303, -788, -148
Step count: 168
[167215072] -341, -849, -176
Step count: 168
[167215104] -408, -939, -208
Step count: 168
[167215120] -428, -982, -246
Step count: 168
[167215136] -416, -1025, -284
Step count: 168
[167215168] -356, -1011, -328
Step count: 168
[167215184] -258, -944, -394
Step count: 168
[167215216] -225, -978, -378
Step count: 168
[167215232] -395, -1572, -164
Step count: 168
[167215248] -493, -1793, -155
Step count: 168
[167215264] -167, -1026, -354
Step count: 168
[167215296] 0, -555, -515
Step count: 168
[167215312] 33, -954, -323
Step count: 169
[167215328] 57, -1368, 21
Step count: 169
[167215344] 108, -1370, 234
Step count: 169
[167215376] -6, -1234, 173
Step count: 169
[167215392] -96, -980, -136
Step count: 169
[167215408] -62, -907, -43
Step count: 169
[167215424] 32, -861, -12
Step count: 169
[167215456] 99, -786, -96
Step count: 169
[167215488] -62, -777, -182
Step count: 169
[167215504] -312, -796, -195
Step count: 169
[167215520] -464, -764, -225
Step count: 169
[167215536] -232, -651, -294
Step count: 169
[167215552] -235, -689, -272
Step count: 169
[167215584] -273, -724, -228
Step count: 169
[167215600] -281, -758, -248
Step count: 169
[167215616] -282, -723, -279
Step count: 169
[167215648] -278, -768, -269
Step count: 169
[167215664] -278, -839, -282
Step count: 169
[167215680] -280, -879, -295
Step count: 169
[167215696] -300, -926, -268
Step count: 169
[167215712] -318, -990, -242
Step count: 169
[167215744] -326, -978, -237
Step count: 169
[167215776] -295, -944, -272
Step count: 169
[167215792] -382, -1130, -269
Step count: 169
[167215808] -525, -1573, -227
Step count: 169
[167215824] -433, -1521, -204
Step count: 169
[167215856] -308, -1072, -234
Step count: 169
[167215872] -330, -789, -285
Step count: 169
[167215888] -289, -874, -211
Step count: 169
[167215904] -225, -1049, -93
Step count: 169
[167215936] -194, -1045, -52
Step count: 170
[167215952] -233, -928, -72
Step count: 170
[167215968] -282, -866, -90
Step count: 170
[167215984] -263, -901, -74
Step count: 170
[167216016] -165, -906, -55
Step count: 170
[167216032] -101, -779, -62
Step count: 170
[167216064] -168, -767, -53
Step count: 170
[167216080] -256, -756, -25
Step count: 170
[167216096] -275, -768, -23
Step count: 170
[167216128] -281, -796, -36
Step count: 170
[167216144] -308, -803, -59
Step count: 170
[167216160] -307, -761, -89
Step count: 170
[167216176] -327, -760, -111
Step count: 170
[167216192] -351, -812, -133
Step count: 170
[167216224] -367, -886, -141
Step count: 170
[167216240] -388, -960, -145
Step count: 170
[167216256] -365, -999, -176
Step count: 170
[167216288] -317, -977, -223
Step count: 170
[167216304] -291, -989, -230
Step count: 170
[167216336] -391, -1458, -135
Step count: 170
[167216352] -464, -1547, -220
Step count: 170
[167216368] -355, -1049, -351
Step count: 170
[167216384] -218, -685, -467
Step count: 170
[167216416] -259, -932, -457
Step count: 170
[167216432] -264, -1275, -232
Step count: 170
[167216448] -110, -1265, -75
Step count: 170
[167216464] -15, -1061, -90
Step count: 171
[167216496] -105, -923, -205
Step count: 171
[167216512] -233, -893, -220
Step count: 171
[167216528] -173, -840, -156
Step count: 171
[167216544] -133, -763, -137
Step count: 171
[167216576] -221, -706, -151
Step count: 171
[167216608] -318, -683, -120
Step count: 171
[167216624] -396, -738, -126
Step count: 171
[167216640] -365, -678, -158
Step count: 171
[167216656] -420, -656, -220
Step count: 171
[167216672] -464, -636, -253
Step count: 171
[167216704] -494, -668, -266
Step count: 171
[167216720] -485, -719, -289
Step count: 171
[167216736] -415, -741, -339
Step count: 171
[167216768] -392, -775, -365
Step count: 171
[167216784] -376, -857, -362
Step count: 171
[167216800] -359, -917, -349
Step count: 171
[167216816] -359, -947, -355
Step count: 171
[167216832] -359, -863, -372
Step count: 171
[167216864] -380, -844, -359
Step count: 171
[167216896] -536, -1338, -324
Step count: 171
[167216912] -680, -1694, -347
Step count: 171
[167216928] -618, -1486, -333
Step count: 171
[167216944] -411, -915, -263
Step count: 172
[167216976] -421, -766, -277
Step count: 172
[167216992] -382, -1031, -244
Step count: 172
[167217008] -273, -1153, -141
Step count: 172
[167217024] -188, -1086, -88
Step count: 172
[167217056] -171, -939, -102
Step count: 172
[167217072] -197, -875, -145
Step count: 172
[167217088] -185, -839, -148
Step count: 172
[167217120] -126, -821, -107
Step count: 172
[167217136] -114, -729, -66
Step count: 172
[167217152] -173, -704, -76
Step count: 172
[167217184] -251, -726, -73
Step count: 172
[167217200] -303, -760, -71
Step count: 172
[167217216] -320, -759, -86
Step count: 172
[167217248] -320, -733, -107
Step count: 172
[167217264] -324, -732, -128
Step count: 172
[167217280] -350, -739, -159
Step count: 172
[167217296] -403, -793, -197
Step count: 172
[167217312] -419, -853, -218
Step count: 172
[167217344] -427, -901, -251
Step count: 172
[167217360] -405, -893, -267
Step count: 172
[167217376] -354, -841, -254
Step count: 172
[167217408] -329, -763, -257
Step count: 172
[167217424] -465, -1194, -185
Step count: 172
[167217456] -685, -1739, -201
Step count: 172
[167217472] -564, -1410, -326
Step count: 172
[167217488] -294, -722, -481
Step count: 172
[167217504] -335, -710, -578
Step count: 172
[167217536] -397, -1118, -488
Step count: 172
[167217552] -244, -1286, -345
Step count: 172
[167217568] -58, -1182, -190
Step count: 172
[167217584] -22, -1007, -144
Step count: 172
[167217616] -154, -937, -252
Step count: 172
[167217632] -309, -886, -254
Step count: 172
[167217648] -332, -762, -182
Step count: 172
[167217664] -329, -700, -161
Step count: 172
[167217696] -224, -652, -142
Step count: 173
[167217728] -252, -688, -142
Step count: 173
[167217744] -304, -685, -110
Step count: 173
[167217760] -328, -753, -62
Step count: 173
[167217776] -342, -681, -232
Step count: 173
[167217792] -291, -637, -243
Step count: 173
[167217824] -320, -664, -214
Step count: 173
[167217840] -320, -716, -271
Step count: 173
[167217856] -335, -792, -288
Step count: 173
[167217888] -332, -844, -292
Step count: 173
[167217904] -346, -887, -292
Step count: 173
[167217920] -354, -929, -283
Step count: 173
[167217936] -385, -963, -299
Step count: 173
[167217952] -380, -915, -326
Step count: 173
[167217984] -330, -853, -332
Step count: 173
[167218016] -400, -1129, -282
Step count: 173
[167218032] -563, -1621, -294
Step count: 173
[167218048] -616, -1609, -340
Step count: 173
[167218064] -440, -1093, -312
Step count: 173
[167218096] -323, -797, -324
Step count: 173
[167218112] -276, -884, -366
Step count: 173
[167218128] -143, -1029, -319
Step count: 173
[167218144] -79, -1066, -226
Step count: 173
[167218176] -72, -1031, -187
Step count: 173
[167218192] -75, -996, -179
Step count: 173
[167218208] -105, -950, -148
Step count: 173
[167218224] -71, -892, -74
Step count: 173
[167218256] -2, -800, -36
Step count: 173
[167218272] -3, -730, -36
Step count: 173
[167218304] -220, -750, -43
Step count: 173
[167218320] -264, -759, -39
Step count: 173
[167218336] -263, -775, -49
Step count: 173
[167218368] -297, -766, -90
Step count: 173
[167218384] -342, -751, -118
Step count: 173
[167218400] -384, -756, -136
Step count: 173
[167218416] -383, -777, -155
Step count: 173
[167218432] -382, -833, -170
Step count: 173
[167218464] -389, -910, -172
Step count: 173
[167218480] -366, -954, -193
Step count: 173
[167218496] -304, -903, -215
Step count: 173
[167218528] -241, -836, -254
Step count: 174
[167218544] -312, -1100, -208
Step count: 174
[167218560] -550, -1639, -162
Step count: 174
[167218592] -565, -1567, -246
Step count: 174
[167218608] -341, -1043, -359
Step count: 174
[167218624] -111, -669, -495
Step count: 174
[167218656] -60, -807, -518
Step count: 174
[167218672] -76, -1057, -370
Step count: 174
[167218688] -28, -1136, -236
Step count: 174
[167218704] -47, -1084, -201
Step count: 174
[167218736] -99, -1007, -195
Step count: 174
[167218752] -138, -979, -176
Step count: 174
[167218768] -187, -956, -146
Step count: 174
[167218784] -202, -848, -125
Step count: 175
[167218816] -230, -721, -136
Step count: 175
[167218848] -318, -723, -166
Step count: 175
[167218864] -381, -766, -190
Step count: 175
[167218880] -362, -761, -213
Step count: 175
[167218896] -341, -710, -233
Step count: 175
[167218912] -365, -676, -244
Step count: 175
[167218944] -382, -675, -259
Step count: 175
[167218960] -402, -710, -274
Step count: 175
[167218976] -411, -753, -291
Step count: 175
[167219008] -404, -780, -306
Step count: 175
[167219024] -394, -809, -305
Step count: 175
[167219040] -392, -832, -299
Step count: 175
[167219056] -399, -850, -297
Step count: 175
[167219072] -386, -834, -298
Step count: 175
[167219104] -366, -809, -290
Step count: 175
[167219136] -416, -1012, -207
Step count: 175
[167219152] -523, -1509, -170
Step count: 175
[167219168] -604, -1686, -302
Step count: 175
[167219184] -531, -1498, -273
Step count: 175
[167219216] -359, -1005, -176
Step count: 175
[167219232] -97, -670, -109
Step count: 175
[167219248] -19, -804, -125
Step count: 175
[167219264] -127, -1111, -97
Step count: 175
[167219296] -80, -1157, -35
Step count: 175
[167219312] -95, -1141, 30
Step count: 175
[167219328] -158, -1060, 52
Step count: 176
[167219344] -143, -920, -3
Step count: 176
[167219376] -143, -834, -48
Step count: 176
[167219392] -282, -793, -41
Step count: 176
[167219424] -231, -731, 10
Step count: 176
[167219440] -130, -748, -7
Step count: 176
[167219456] -233, -772, -40
Step count: 176
[167219488] -199, -689, -68
Step count: 176
[167219504] -184, -706, -94
Step count: 176
[167219520] -211, -717, -96
Step count: 176
[167219536] -216, -742, -104
Step count: 176
[167219552] -291, -812, -105
Step count: 176
[167219584] -333, -900, -115
Step count: 176
[167219600] -336, -1019, -114
Step count: 176
[167219616] -335, -1152, -100
Step count: 176
[167219648] -327, -1197, -106
Step count: 176
[167219664] -274, -1143, -130
Step count: 176
[167219696] -265, -1097, -140
Step count: 176
[167219712] -311, -1318, -2
Step count: 176
[167219728] -321, -1705, 68
Step count: 176
[167219744] -356, -1430, -188
Step count: 176
[167219776] -252, -773, -472
Step count: 176
[167219792] -176, -548, -457
Step count: 176
[167219808] -251, -724, -318
Step count: 176
[167219824] -267, -1020, -90
Step count: 176
[167219856] -274, -1282, 119
Step count: 176
[167219872] -237, -1204, 133
Step count: 176
[167219888] -60, -956, 142
Step count: 176
[167219904] 71, -969, 180
Step count: 176
[167219936] -50, -761, 0
Step count: 177
[167219968] -139, -726, 1
Step count: 177
[167219984] -311, -694, -27
Step count: 177
[167220000] -380, -752, -51
Step count: 177
[167220016] -356, -826, -56
Step count: 177
[167220032] -261, -795, -97
Step count: 177
[167220064] -234, -727, -163
Step count: 177
[167220080] -229, -771, -144
Step count: 177
[167220096] -209, -815, -109
Step count: 177
[167220128] -233, -822, -121
Step count: 177
[167220144] -264, -820, -129
Step count: 177
[167220160] -255, -838, -117
Step count: 177
[167220176] -261, -878, -109
Step count: 177
[167220192] -311, -945, -113
Step count: 177
[167220224] -346, -980, -133
Step count: 177
[167220256] -359, -937, -167
Step count: 177
[167220272] -351, -923, -156
Step count: 177
[167220288] -355, -1107, -19
Step count: 177
[167220304] -428, -1519, 66
Step count: 177
[167220336] -552, -1640, -72
Step count: 177
[167220352] -438, -1224, -202
Step count: 177
[167220368] -378, -846, -149
Step count: 177
[167220384] -349, -861, -13
Step count: 177
[167220416] -298, -1036, 69
Step count: 177
[167220432] -267, -1039, 24
Step count: 177
[167220448] -269, -1079, -19
Step count: 178
[167220464] -228, -1047, -37
Step count: 178
[167220496] -126, -932, -46
Step count: 178
[167220512] -182, -811, -41
Step count: 178
[167220544] -228, -759, -54
Step count: 178
[167220560] -258, -705, -44
Step count: 178
[167220576] -265, -718, -23
Step count: 178
[167220608] -202, -731, -2
Step count: 178
[167220624] -143, -749, -22
Step count: 178
[167220640] -242, -809, -27
Step count: 178
[167220656] -220, -819, -13
Step count: 178
[167220672] -229, -848, -5
Step count: 178
[167220704] -268, -897, 2
Step count: 178
[167220720] -264, -914, -10
Step count: 178
[167220736] -301, -946, -15
Step count: 178
[167220768] -326, -1007, -6
Step count: 178
[167220784] -308, -1058, -14
Step count: 178
[167220816] -303, -1058, -43
Step count: 178
[167220832] -307, -996, -94
Step count: 178
[167220848] -328, -1089, -11
Step count: 178
[167220864] -395, -1514, 149
Step count: 178
[167220896] -475, -1551, 25
Step count: 178
[167220912] -330, -1012, -216
Step count: 178
[167220928] -313, -684, -276
Step count: 178
[167220944] -329, -569, -255
Step count: 178
[167220976] -323, -683, -225
Step count: 178
[167220992] -389, -943, -145
Step count: 178
[167221008] -421, -1109, -68
Step count: 178
[167221040] -255, -1184, 16
Step count: 178
[167221056] -96, -1043, -42
Step count: 179
[167221088] -208, -956, -100
Step count: 179
[167221104] -285, -828, -129
Step count: 179
[167221120] -229, -742, -114
Step count: 179
[167221136] -270, -701, -53
Step count: 179
[167221152] -286, -760, -46
Step count: 179
[167221184] -285, -747, -72
Step count: 179
[167221200] -244, -725, -64
Step count: 179
[167221216] -201, -810, -2
Step count: 179
[167221248] -215, -831, 18
Step count: 179
[167221264] -247, -814, -10
Step count: 179
[167221280] -244, -854, -35
Step count: 179
[167221296] -232, -834, -80
Step count: 179
[167221328] -236, -813, -118
Step count: 179
[167221344] -265, -854, -107
Step count: 179
[167221376] -296, -874, -131
Step count: 179
[167221392] -318, -929, -162
Step count: 179
[167221408] -343, -934, -138
Step count: 179
[167221424] -352, -1053, 0
Step count: 179
[167221456] -376, -1542, 162
Step count: 179
[167221472] -548, -1727, 23
Step count: 179
[167221488] -607, -1512, -140
Step count: 179
[167221504] -508, -1007, -200
Step count: 179
[167221536] -397, -697, -116
Step count: 179
[167221552] -323, -875, 52
Step count: 179
[167221568] -382, -1066, 99
Step count: 179
[167221600] -355, -1020, 27
Step count: 179
[167221616] -287, -913, -13
Step count: 179
[167221632] -264, -819, -36
Step count: 179
[167221664] -266, -774, -45
Step count: 179
[167221680] -298, -778, -46
Step count: 179
[167221696] -282, -763, -55
Step count: 179
[167221728] -225, -779, -35
Step count: 179
[167221744] -186, -758, -15
Step count: 180
[167221760] -147, -765, -32
Step count: 180
[167221776] -245, -794, -57
Step count: 180
[167221792] -286, -753, -94
Step count: 180
[167221824] -330, -744, -148
Step count: 180
[167221840] -358, -757, -143
Step count: 180
[167221872] -363, -760, -110
Step count: 180
[167221888] -423, -775, -38
Step count: 180
[167221904] -429, -937, 13
Step count: 180
[167221936] -361, -1032, 84
Step count: 180
[167221952] -383, -1054, 87
Step count: 180
[167221968] -413, -1032, 23
Step count: 180
[167221984] -357, -935, -41
Step count: 180
[167222016] -353, -961, 99
Step count: 180
[167222032] -346, -1415, 269
Step count: 180
[167222048] -387, -1558, 212
Step count: 180
[167222064] -558, -1099, -49
Step count: 180
[167222096] -555, -687, -161
Step count: 180
[167222112] -465, -597, -139
Step count: 180
[167222144] -410, -759, -76
Step count: 180
[167222160] -231, -1178, 112
Step count: 180
[167222176] -175, -1159, 140
Step count: 181
[167222208] -243, -1101, 110
Step count: 181
[167222224] -285, -975, 84
Step count: 181
[167222240] -443, -848, 45
Step count: 181
[167222256] -502, -615, 24
Step count: 181
[167222272] -454, -617, 87
Step count: 181
[167222304] -433, -769, 127
Step count: 181
[167222320] -402, -724, 103
Step count: 181
[167222336] -341, -709, 98
Step count: 181
[167222368] -305, -705, 91
Step count: 181
[167222384] -336, -701, 87
Step count: 181
[167222416] -378, -721, 88
Step count: 181
[167222432] -375, -747, 98
Step count: 181
[167222448] -352, -789, 108
Step count: 181
[167222464] -363, -866, 101
Step count: 181
[167222496] -390, -890, 77
Step count: 181
[167222512] -400, -905, 70
Step count: 181
[167222528] -405, -938, 65
Step count: 181
[167222544] -423, -930, 49
Step count: 181
[167222576] -434, -883, 37
Step count: 181
[167222592] -399, -922, 121
Step count: 181
[167222608] -384, -1229, 223
Step count: 181
[167222624] -538, -1607, 204
Step count: 181
[167222656] -707, -1452, 56
Step count: 181
[167222672] -690, -1096, 9
Step count: 181
[167222704] -596, -773, 80
Step count: 181
[167222720] -468, -834, 96
Step count: 181
[167222736] -409, -1114, 207
Step count: 181
[167222752] -312, -1121, 246
Step count: 182
[167222784] -254, -971, 207
Step count: 182
[167222800] -322, -869, 162
Step count: 182
[167222816] -398, -859, 131
Step count: 182
[167222848] -382, -906, 134
Step count: 182
[167222864] -322, -858, 161
Step count: 182
[167222880] -275, -765, 167
Step count: 182
[167222896] -237, -772, 166
Step count: 182
[167222912] -243, -707, 135
Step count: 182
[167222944] -330, -835, 126
Step count: 182
[167222976] -487, -891, 106
Step count: 182
[167222992] -638, -750, 69
Step count: 182
[167223008] -740, -817, 130
Step count: 182
[167223024] -776, -871, 180
Step count: 182
[167223056] -849, -830, 172
Step count: 182
[167223072] -896, -878, 164
Step count: 182
[167223088] -924, -969, 168
Step count: 182
[167223104] -912, -988, 172
Step count: 182
[167223136] -857, -980, 189
Step count: 182
[167223152] -884, -935, 200
Step count: 182
[167223168] -968, -864, 203
Step count: 182
[167223184] -951, -722, 173
Step count: 182
[167223216] -987, -604, 0
Step count: 182
[167223232] -1172, -442, -171
Step count: 182
[167223264] -1100, -504, 94
Step count: 182
[167223280] -788, -376, 116
Step count: 182
[167223296] -725, -234, -20
Step count: 182
[167223328] -675, -171, -129
Step count: 182
[167223344] -689, -154, -146
Step count: 183
[167223360] -811, -98, -111
Step count: 183
[167223376] -858, -42, -154
Step count: 183
[167223392] -801, 74, -213
Step count: 183
[167223424] -650, 145, -189
Step count: 183
[167223440] -576, 158, -194
Step count: 183
[167223456] -739, 200, -296
Step count: 183
[167223488] -875, 206, -430
Step count: 183
[167223504] -662, 194, -429
Step count: 183
[167223536] -326, 215, -404
Step count: 183
[167223552] -338, 275, -481
Step count: 183
[167223568] -549, 256, -586
Step count: 183
[167223584] -584, 163, -755
Step count: 183
[167223616] -366, 138, -729
Step count: 183
[167223632] -154, 234, -619
Step count: 183
[167223648] -212, 197, -681
Step count: 183
[167223664] -502, 115, -847
Step count: 183
[167223696] -496, 34, -925
Step count: 183
[167223712] -292, 31, -889
Step count: 183
[167223728] -169, 74, -840
Step count: 183
[167223744] -217, 132, -853
Step count: 183
[167223776] -356, 80, -907
Step count: 183
[167223792] -421, 5, -1007
Step count: 183
[167223824] -270, 135, -1033
Step count: 183
[167223840] -355, 34, -1015
Step count: 183
[167223856] -422, -13, -998
Step count: 183
[167223872] -415, 72, -984
Step count: 183
[167223904] -280, 159, -888
Step count: 183
[167223920] -227, 204, -856
Step count: 183
[167223936] -287, 149, -918
Step count: 184
[167223968] -299, 102, -974
Step count: 184
[167223984] -274, 88, -986
Step count: 184
[167224000] -247, 132, -969
Step count: 184
[167224016] -264, 159, -927
Step count: 184
[167224032] -264, 126, -898
Step count: 184
[167224064] -239, 89, -914
Step count: 184
[167224096] -241, 112, -968
Step count: 184
[167224112] -245, 121, -970
Step count: 184
[167224128] -226, 134, -925
Step count: 184
[167224144] -146, 103, -900
Step count: 184
[167224176] -122, 78, -950
Step count: 184
[167224192] -163, 110, -952
Step count: 184
[167224208] -130, 103, -936
Step count: 184
[167224224] -56, 136, -940
Step count: 184
[167224256] -44, 125, -948
Step count: 184
[167224272] -180, 101, -1002
Step count: 184
[167224288] -228, 137, -1042
Step count: 184
[167224304] -233, 184, -979
Step count: 184
[167224336] -203, 140, -905
Step count: 184
[167224352] -95, 126, -982
Step count: 184
[167224384] -134, 122, -1016
Step count: 184
[167224400] -87, 107, -957
Step count: 184
[167224416] -38, 83, -944
Step count: 184
[167224448] -123, 98, -1004
Step count: 184
[167224464] -160, 125, -993
Step count: 184
[167224480] -153, 101, -911
Step count: 184
[167224496] -46, 124, -863
Step count: 184
[167224512] -7, 185, -921
Step count: 184
[167224544] -101, 135, -1035
Step count: 184
[167224560] -145, 151, -1090
Step count: 184
[167224576] -130, 180, -1019
Step count: 184
[167224608] -101, 165, -933
Step count: 184
[167224624] -106, 128, -893
Step count: 184
[167224656] -125, 70, -961
Step count: 184
[167224672] -193, 124, -988
Step count: 184
[167224688] -210, 170, -926
Step count: 184
[167224704] -108, 156, -891
Step count: 184
[167224736] -14, 144, -1002
