[0] -265, 252, 915
[20] -301, 252, 923
Step count: 0
[41] -260, 243, 912
Step count: 0
[61] -250, 223, 916
Step count: 0
[81] -294, 223, 945
Step count: 0
[102] -343, 235, 988
Step count: 0
[122] -343, 246, 931
Step count: 0
[143] -369, 223, 864
Step count: 0
[163] -471, 207, 875
Step count: 0
[183] -381, 213, 871
Step count: 0
[204] -409, 207, 957
Step count: 0
[224] -317, 212, 991
Step count: 0
[245] -491, 225, 767
Step count: 0
[265] -588, 229, 715
Step count: 0
[286] -742, 86, 1070
Step count: 0
[306] -813, 236, 702
Step count: 0
[326] -320, 193, 461
Step count: 0
[347] -218, -111, 1003
Step count: 0
[367] -824, 12, 929
Step count: 0
[388] -1350, 268, 576
Step count: 0
[408] -1166, 290, 620
Step count: 0
[429] -863, 113, 994
Step count: 0
[449] -638, 107, 1100
Step count: 0
[470] -599, 254, 764
Step count: 0
[490] -854, 223, 752
Step count: 0
[511] -964, 112, 201
Step count: 0
[531] -1001, 277, 7
Step count: 0
[551] -518, 397, 176
Step count: 0
[572] -602, 438, 683
Step count: 0
[592] -407, 368, 487
Step count: 0
[613] -1180, 94, -174
Step count: 0
[633] -1274, 293, -395
Step count: 0
[654] -819, 446, -103
Step count: 0
[674] -604, 262, -31
Step count: 0
[695] -583, 164, -106
Step count: 0
[715] -642, 140, -121
Step count: 0
[736] -693, 128, -121
Step count: 0
[756] -819, 52, -171
Step count: 0
[777] -867, 57, -143
Step count: 0
[797] -927, 149, -19
Step count: 0
[818] -1084, 143, -220
Step count: 0
[838] -1182, -121, -595
Step count: 0
[858] -990, -620, -152
Step count: 0
[879] -565, 260, -127
Step count: 0
[899] -451, 437, -123
Step count: 0
[920] -571, 286, -36
Step count: 0
[940] -559, 276, -38
Step count: 0
[961] -600, 257, 18
Step count: 0
[981] -723, 109, 166
Step count: 0
[1002] -716, 7, 296
Step count: 0
[1022] -1134, -71, 402
Step count: 0
[1043] -1846, -107, 239
Step count: 0
[1063] -1838, -35, 84
Step count: 0
[1084] -1097, -71, -16
Step count: 0
[1104] -636, -384, -158
Step count: 0
[1125] -476, -786, -138
Step count: 0
[1145] -604, -830, -98
Step count: 0
[1166] -763, -684, -100
Step count: 0
[1186] -720, -598, -78
Step count: 0
[1206] -626, -644, -38
Step count: 0
[1227] -604, -718, 38
Step count: 0
[1247] -571, -872, 56
Step count: 0
[1268] -606, -1062, -14
Step count: 0
[1288] -564, -1025, 45
Step count: 0
[1309] -398, -996, 145
Step count: 0
[1329] -294, -1186, 148
Step count: 0
[1350] -671, -1053, 45
Step count: 0
[1370] -642, -1090, -117
Step count: 0
[1391] -686, -1218, -241
Step count: 0
[1411] -669, -1020, -236
Step count: 0
[1432] -593, -821, -101
Step count: 0
[1452] -523, -721, -64
Step count: 0
[1473] -496, -676, -87
Step count: 0
[1494] -476, -667, -74
Step count: 0
[1514] -481, -675, -89
Step count: 0
[1535] -446, -674, -114
Step count: 0
[1555] -415, -700, -78
Step count: 0
[1576] -408, -716, -40
Step count: 0
[1596] -466, -729, -90
Step count: 0
[1617] -524, -773, -144
Step count: 0
[1637] -527, -873, -130
Step count: 0
[1658] -561, -879, -95
Step count: 0
[1678] -598, -962, -85
Step count: 0
[1699] -633, -1117, -63
Step count: 0
[1720] -618, -1187, -34
Step count: 0
[1740] -562, -1106, -10
Step count: 0
[1761] -543, -1154, 63
Step count: 0
[1781] -630, -1351, 83
Step count: 0
[1802] -692, -1408, 35
Step count: 0
[1822] -630, -1184, -32
Step count: 0
[1843] -542, -860, -59
Step count: 0
[1863] -439, -694, 26
Step count: 0
[1884] -381, -714, 117
Step count: 0
[1904] -442, -814, 126
Step count: 0
[1925] -482, -947, 150
Step count: 0
[1946] -394, -977, 178
Step count: 0
[1966] -397, -968, 156
Step count: 0
[1987] -392, -908, 75
Step count: 0
[2007] -348, -827, 46
Step count: 0
[2028] -347, -770, 57
Step count: 0
[2049] -336, -666, 78
Step count: 0
[2069] -329, -605, 88
Step count: 0
[2090] -352, -682, 91
Step count: 0
[2111] -310, -635, 69
Step count: 0
[2131] -267, -561, 75
Step count: 0
[2152] -322, -708, 65
Step count: 0
[2173] -370, -746, 44
Step count: 0
[2194] -377, -755, 35
Step count: 0
[2214] -363, -766, 5
Step count: 0
[2235] -372, -826, 3
Step count: 0
[2256] -416, -945, 41
Step count: 0
[2276] -446, -1044, 48
Step count: 0
[2297] -455, -1021, -20
Step count: 0
[2318] -422, -1136, 43
Step count: 0
[2338] -498, -1585, 231
Step count: 0
[2359] -650, -1818, 186
Step count: 0
[2380] -628, -1396, -24
Step count: 0
[2401] -533, -905, -154
Step count: 0
[2422] -478, -687, -158
Step count: 0
[2442] -442, -657, -126
Step count: 0
[2463] -527, -768, -79
Step count: 0
[2484] -603, -936, 48
Step count: 0
[2504] -527, -1011, 155
Step count: 0
[2525] -419, -1070, 166
Step count: 0
[2546] -306, -1063, 127
Step count: 0
[2567] -301, -933, 80
Step count: 0
[2587] -353, -849, 72
Step count: 0
[2608] -344, -746, 38
Step count: 0
[2629] -348, -640, 3
Step count: 0
[2650] -389, -560, 3
Step count: 0
[2671] -362, -554, 5
Step count: 0
[2691] -355, -583, -6
Step count: 0
[2712] -356, -640, -27
Step count: 0
[2733] -335, -672, -22
Step count: 1
[2753] -300, -697, 12
Step count: 1
[2774] -333, -764, 93
Step count: 1
[2795] -480, -828, 168
Step count: 1
[2816] -623, -815, 214
Step count: 1
[2836] -705, -744, 244
Step count: 1
[2857] -811, -747, 258
Step count: 1
[2878] -898, -765, 209
Step count: 1
[2899] -833, -752, 169
Step count: 1
[2919] -728, -962, 264
Step count: 1
[2940] -811, -1328, 322
Step count: 1
[2961] -943, -1330, 277
Step count: 1
[2982] -865, -980, 238
Step count: 1
[3003] -661, -765, 323
Step count: 1
[3023] -451, -767, 331
Step count: 1
[3044] -557, -826, 224
Step count: 1
[3065] -663, -924, 190
Step count: 1
[3086] -547, -966, 226
Step count: 1
[3106] -463, -946, 242
Step count: 1
[3127] -438, -861, 184
Step count: 1
[3148] -413, -767, 143
Step count: 1
[3169] -359, -665, 81
Step count: 1
[3190] -363, -607, 73
Step count: 2
[3210] -298, -553, 93
Step count: 2
[3231] -303, -564, 103
Step count: 2
[3252] -294, -635, 97
Step count: 2
[3273] -296, -683, 80
Step count: 2
[3293] -313, -594, 23
Step count: 2
[3314] -314, -759, 78
Step count: 2
[3335] -401, -834, 97
Step count: 2
[3356] -415, -855, 105
Step count: 2
[3376] -407, -883, 95
Step count: 2
[3397] -419, -990, 104
Step count: 2
[3418] -483, -1075, 94
Step count: 2
[3439] -536, -1105, 41
Step count: 2
[3459] -501, -1118, 60
Step count: 2
[3480] -503, -1436, 259
Step count: 2
[3501] -622, -1728, 293
Step count: 2
[3522] -707, -1251, -80
Step count: 2
[3543] -639, -734, -202
Step count: 2
[3563] -645, -577, -118
Step count: 2
[3584] -560, -715, -29
Step count: 2
[3605] -528, -879, 37
Step count: 2
[3626] -519, -960, 66
Step count: 2
[3646] -465, -990, 97
Step count: 2
[3667] -334, -1067, 121
Step count: 2
[3688] -200, -878, 81
Step count: 2
[3709] -275, -735, 31
Step count: 2
[3730] -331, -703, 65
Step count: 2
[3750] -335, -588, 91
Step count: 2
[3771] -346, -535, 58
Step count: 2
[3792] -404, -562, 18
Step count: 3
[3813] -422, -621, 3
Step count: 3
[3833] -390, -645, -27
Step count: 3
[3854] -351, -668, -27
Step count: 3
[3875] -398, -713, 9
Step count: 3
[3896] -472, -730, 32
Step count: 3
[3916] -539, -731, 85
Step count: 3
[3937] -624, -765, 169
Step count: 3
[3958] -729, -851, 233
Step count: 3
[3979] -823, -892, 217
Step count: 3
[3999] -831, -901, 209
Step count: 3
[4020] -801, -1157, 328
Step count: 3
[4041] -914, -1530, 404
Step count: 3
[4062] -955, -1401, 234
Step count: 3
[4083] -889, -1124, 145
Step count: 3
[4103] -733, -726, 173
Step count: 3
[4124] -411, -636, 199
Step count: 4
[4145] -501, -797, 154
Step count: 4
[4166] -604, -930, 192
Step count: 4
[4186] -517, -963, 239
Step count: 4
[4207] -456, -920, 192
Step count: 4
[4228] -420, -835, 127
Step count: 4
[4249] -358, -714, 79
Step count: 4
[4270] -326, -635, 67
Step count: 4
[4290] -324, -585, 83
Step count: 4
[4311] -318, -600, 83
Step count: 4
[4332] -309, -683, 97
Step count: 4
[4353] -303, -583, 56
Step count: 4
[4373] -310, -597, 16
Step count: 4
[4394] -414, -708, 40
Step count: 4
[4415] -442, -766, 74
Step count: 4
[4436] -409, -802, 86
Step count: 4
[4456] -373, -817, 83
Step count: 4
[4477] -354, -863, 75
Step count: 4
[4498] -378, -931, 53
Step count: 4
[4519] -404, -1016, 40
Step count: 4
[4540] -448, -1024, -14
Step count: 4
[4560] -478, -988, -64
Step count: 4
[4581] -496, -1263, 109
Step count: 4
[4602] -622, -1611, 231
Step count: 4
[4623] -665, -1453, 79
Step count: 4
[4643] -586, -937, -157
Step count: 4
[4664] -538, -618, -184
Step count: 4
[4685] -531, -726, -136
Step count: 4
[4706] -554, -836, -94
Step count: 4
[4727] -576, -921, 15
Step count: 4
[4747] -481, -1025, 150
Step count: 4
[4768] -372, -1063, 158
Step count: 4
[4789] -324, -1012, 65
Step count: 4
[4810] -362, -906, 5
Step count: 4
[4830] -326, -616, 38
Step count: 4
[4851] -335, -558, 17
Step count: 4
[4872] -381, -583, 2
Step count: 4
[4893] -401, -625, -13
Step count: 4
[4913] -393, -613, -30
Step count: 4
[4934] -391, -640, -35
Step count: 4
[4955] -418, -673, -57
Step count: 4
[4976] -461, -682, -70
Step count: 4
[4996] -476, -698, -39
Step count: 4
[5017] -483, -758, 11
Step count: 4
[5038] -552, -835, 59
Step count: 5
[5059] -622, -946, 98
Step count: 5
[5079] -689, -1019, 105
Step count: 5
[5100] -738, -966, 82
Step count: 5
[5121] -736, -928, 99
Step count: 5
[5142] -659, -1108, 226
Step count: 5
[5162] -734, -1368, 255
Step count: 5
[5183] -816, -1293, 131
Step count: 5
[5204] -689, -987, 27
Step count: 5
[5225] -639, -653, 38
Step count: 5
[5246] -572, -701, 123
Step count: 5
[5266] -547, -856, 150
Step count: 5
[5287] -565, -844, 173
Step count: 5
[5308] -532, -938, 231
Step count: 5
[5329] -515, -952, 211
Step count: 5
[5349] -484, -908, 138
Step count: 5
[5370] -394, -670, 44
Step count: 5
[5391] -367, -604, 73
Step count: 5
[5412] -338, -673, 128
Step count: 5
[5433] -305, -608, 88
Step count: 5
[5453] -257, -657, 75
Step count: 5
[5474] -386, -696, 49
Step count: 5
[5495] -412, -645, 76
Step count: 5
[5516] -370, -671, 63
Step count: 5
[5536] -375, -733, 47
Step count: 5
[5557] -385, -812, 72
Step count: 5
[5578] -335, -881, 110
Step count: 5
[5599] -296, -965, 116
Step count: 5
[5619] -307, -999, 83
Step count: 5
[5640] -322, -998, 33
Step count: 5
[5661] -336, -1021, -21
Step count: 5
[5682] -354, -971, -30
Step count: 5
[5702] -386, -1199, 146
Step count: 6
[5723] -607, -1634, 178
Step count: 6
[5744] -752, -1505, -72
Step count: 6
[5765] -610, -906, -303
Step count: 6
[5785] -427, -549, -290
Step count: 6
[5806] -381, -630, -172
Step count: 6
[5827] -421, -939, -30
Step count: 6
[5848] -382, -1164, 147
Step count: 6
[5868] -394, -1274, 202
Step count: 6
[5889] -517, -1220, 117
Step count: 6
[5910] -356, -1012, -41
Step count: 6
[5931] -437, -749, -104
Step count: 6
[5952] -447, -625, -67
Step count: 6
[5972] -398, -578, -3
Step count: 6
[5993] -406, -574, -2
Step count: 6
[6014] -446, -601, -22
Step count: 6
[6035] -414, -600, 17
Step count: 6
[6055] -348, -557, 31
Step count: 6
[6076] -333, -567, 18
Step count: 6
[6097] -333, -581, 12
Step count: 6
[6118] -364, -568, 13
Step count: 6
[6138] -391, -652, 18
Step count: 6
[6159] -442, -749, 11
Step count: 6
[6180] -549, -861, -2
Step count: 6
[6201] -628, -1053, 36
Step count: 7
[6222] -666, -1082, 25
Step count: 7
[6242] -637, -977, 4
Step count: 7
[6263] -603, -1024, 107
Step count: 7
[6284] -727, -1500, 160
Step count: 7
[6305] -910, -1689, 65
Step count: 7
[6326] -803, -1411, -5
Step count: 7
[6346] -564, -809, -60
Step count: 7
[6367] -433, -489, -51
Step count: 7
[6388] -426, -664, -72
Step count: 7
[6409] -515, -823, -40
Step count: 7
[6429] -620, -1023, 120
Step count: 7
[6450] -395, -1060, 175
Step count: 7
[6471] -402, -913, 40
Step count: 7
[6492] -380, -796, 44
Step count: 7
[6513] -245, -642, 41
Step count: 7
[6533] -223, -598, 40
Step count: 7
[6554] -298, -570, 51
Step count: 7
[6575] -282, -581, 49
Step count: 7
[6596] -321, -604, 34
Step count: 7
[6616] -350, -572, 40
Step count: 7
[6637] -397, -599, 41
Step count: 7
[6658] -350, -664, 41
Step count: 7
[6679] -262, -760, 109
Step count: 7
[6700] -252, -883, 172
Step count: 7
[6720] -278, -1004, 163
Step count: 7
[6741] -332, -1109, 131
Step count: 7
[6762] -393, -1160, 109
Step count: 7
[6783] -420, -1146, 111
Step count: 7
[6803] -431, -1345, 226
Step count: 7
[6824] -516, -1524, 216
Step count: 7
[6845] -541, -1275, 42
Step count: 8
[6866] -515, -899, -118
Step count: 8
[6886] -508, -649, -191
Step count: 8
[6907] -468, -622, -181
Step count: 8
[6928] -481, -805, -138
Step count: 8
[6949] -491, -998, -9
Step count: 8
[6969] -494, -1195, 126
Step count: 8
[6990] -229, -1105, 76
Step count: 8
[7011] -314, -965, -14
Step count: 8
[7032] -384, -715, -43
Step count: 8
[7052] -372, -770, 23
Step count: 8
[7073] -368, -645, 66
Step count: 8
[7094] -449, -534, 25
Step count: 8
[7115] -499, -567, -1
Step count: 8
[7135] -515, -604, -11
Step count: 8
[7156] -520, -657, 25
Step count: 8
[7177] -495, -711, 50
Step count: 8
[7198] -478, -725, 75
Step count: 8
[7219] -459, -743, 96
Step count: 8
[7239] -450, -798, 111
Step count: 9
[7260] -472, -833, 118
Step count: 9
[7281] -541, -881, 138
Step count: 9
[7301] -589, -1027, 173
Step count: 9
[7322] -641, -982, 124
Step count: 9
[7343] -659, -947, 98
Step count: 9
[7364] -583, -933, 148
Step count: 9
[7385] -583, -1213, 261
Step count: 9
[7405] -666, -1441, 209
Step count: 9
[7426] -645, -1242, 36
Step count: 9
[7447] -618, -903, -14
Step count: 9
[7468] -542, -756, 79
Step count: 9
[7489] -472, -886, 147
Step count: 9
[7509] -515, -1088, 156
Step count: 9
[7530] -446, -998, 152
Step count: 9
[7551] -426, -1013, 135
Step count: 9
[7572] -380, -872, 75
Step count: 9
[7593] -333, -744, 24
Step count: 9
[7613] -242, -643, 43
Step count: 9
[7634] -279, -597, 69
Step count: 10
[7655] -286, -621, 80
Step count: 10
[7676] -235, -507, 25
Step count: 10
[7696] -189, -615, 27
Step count: 10
[7717] -331, -675, -36
Step count: 10
[7738] -438, -692, -27
Step count: 10
[7759] -343, -786, 47
Step count: 10
[7780] -274, -794, 84
Step count: 10
[7800] -338, -813, 67
Step count: 10
[7821] -353, -901, 66
Step count: 10
[7842] -347, -995, 109
Step count: 10
[7863] -411, -1098, 140
Step count: 10
[7883] -459, -1148, 105
Step count: 10
[7904] -452, -1125, 33
Step count: 10
[7925] -455, -1084, 26
Step count: 10
[7946] -482, -1293, 155
Step count: 10
[7966] -529, -1453, 151
Step count: 10
[7987] -561, -1216, 9
Step count: 11
[8008] -524, -810, -140
Step count: 11
[8029] -546, -589, -99
Step count: 11
[8050] -533, -659, -58
Step count: 11
[8070] -525, -900, 36
Step count: 11
[8091] -462, -974, 95
Step count: 11
[8112] -407, -1037, 78
Step count: 11
[8133] -368, -987, 35
Step count: 11
[8153] -406, -909, 36
Step count: 11
[8174] -398, -736, 66
Step count: 11
[8195] -380, -623, 80
Step count: 11
[8216] -398, -648, 92
Step count: 11
[8237] -433, -607, 63
Step count: 11
[8257] -460, -618, 31
Step count: 11
[8278] -462, -650, 18
Step count: 11
[8299] -446, -688, 41
Step count: 11
[8320] -459, -718, 59
Step count: 11
[8340] -460, -719, 28
Step count: 11
[8361] -416, -721, 42
Step count: 11
[8382] -405, -762, 134
Step count: 11
[8402] -498, -807, 217
Step count: 11
[8423] -653, -826, 263
Step count: 11
[8444] -775, -877, 312
Step count: 11
[8465] -854, -848, 314
Step count: 11
[8486] -855, -739, 283
Step count: 11
[8506] -759, -748, 312
Step count: 11
[8527] -698, -1051, 402
Step count: 11
[8548] -804, -1270, 323
Step count: 11
[8569] -854, -1118, 168
Step count: 11
[8590] -695, -782, 162
Step count: 11
[8610] -518, -804, 308
Step count: 11
[8631] -589, -933, 298
Step count: 11
[8652] -593, -990, 280
Step count: 12
[8673] -562, -1026, 287
Step count: 12
[8694] -528, -989, 247
Step count: 12
[8714] -465, -841, 153
Step count: 12
[8735] -403, -683, 81
Step count: 12
[8756] -354, -595, 69
Step count: 12
[8777] -317, -568, 98
Step count: 12
[8797] -311, -597, 102
Step count: 12
[8818] -319, -663, 98
Step count: 12
[8839] -269, -660, 84
Step count: 12
[8860] -259, -719, 57
Step count: 12
[8881] -398, -694, -22
Step count: 12
[8901] -409, -686, -6
Step count: 12
[8922] -351, -766, 61
Step count: 12
[8943] -346, -832, 107
Step count: 12
[8964] -367, -888, 84
Step count: 12
[8984] -364, -959, 81
Step count: 12
[9005] -363, -1009, 100
Step count: 13
[9026] -374, -1029, 84
Step count: 13
[9047] -370, -1032, 88
Step count: 13
[9068] -426, -1259, 179
Step count: 13
[9088] -561, -1461, 148
Step count: 13
[9109] -624, -1210, -19
Step count: 13
[9130] -467, -720, -109
Step count: 13
[9151] -413, -696, -55
Step count: 13
[9171] -423, -853, 22
Step count: 13
[9192] -498, -1053, 83
Step count: 13
[9213] -553, -1124, 70
Step count: 13
[9234] -456, -1078, 57
Step count: 13
[9255] -296, -993, 23
Step count: 13
[9275] -374, -924, -11
Step count: 13
[9296] -392, -814, -23
Step count: 13
[9317] -405, -689, -30
Step count: 13
[9338] -432, -625, -16
Step count: 13
[9358] -453, -655, -5
Step count: 13
[9379] -469, -686, -7
Step count: 13
[9400] -453, -689, -4
Step count: 13
[9421] -429, -678, 26
Step count: 13
[9441] -430, -658, 37
Step count: 13
[9462] -436, -657, 49
Step count: 13
[9483] -480, -692, 73
Step count: 13
[9503] -542, -736, 92
Step count: 13
[9524] -572, -784, 98
Step count: 13
[9545] -604, -817, 119
Step count: 13
[9566] -633, -877, 144
Step count: 13
[9587] -671, -932, 139
Step count: 13
[9607] -655, -954, 123
Step count: 13
[9628] -598, -924, 111
Step count: 13
[9649] -552, -915, 136
Step count: 13
[9670] -662, -1297, 199
Step count: 13
[9691] -685, -1327, 143
Step count: 13
[9711] -657, -1113, 56
Step count: 13
[9732] -556, -875, 28
Step count: 13
[9753] -463, -687, 19
Step count: 13
[9774] -401, -693, 59
Step count: 13
[9794] -421, -829, 95
Step count: 13
[9815] -464, -925, 119
Step count: 13
[9836] -485, -1016, 141
Step count: 13
[9857] -486, -1076, 130
Step count: 13
[9878] -455, -1056, 79
Step count: 13
[9898] -377, -951, 56
Step count: 13
[9919] -295, -889, 82
Step count: 13
[9940] -254, -837, 83
Step count: 13
[9961] -219, -799, 68
Step count: 13
[9981] -213, -771, 36
Step count: 13
[10002] -214, -751, 25
Step count: 13
[10023] -224, -719, 15
Step count: 13
[10044] -248, -724, 34
Step count: 13
[10065] -294, -743, 62
Step count: 13
[10085] -327, -759, 79
Step count: 13
[10106] -332, -752, 80
Step count: 13
[10127] -338, -749, 63
Step count: 13
[10148] -355, -770, 48
Step count: 14
[10168] -349, -801, 78
Step count: 14
[10189] -351, -848, 119
Step count: 14
[10210] -428, -950, 130
Step count: 14
[10231] -454, -966, 135
Step count: 14
[10252] -447, -954, 127
Step count: 14
[10272] -455, -1024, 176
Step count: 14
[10293] -558, -1361, 315
Step count: 14
[10314] -674, -1526, 304
Step count: 14
[10335] -630, -1254, 124
Step count: 14
[10355] -510, -952, 11
Step count: 14
[10376] -479, -805, -16
Step count: 14
[10397] -462, -736, -64
Step count: 14
[10418] -471, -772, -41
Step count: 14
[10439] -539, -879, 0
Step count: 14
[10459] -583, -992, -11
Step count: 14
[10480] -502, -1108, -25
Step count: 14
[10501] -416, -1075, -66
Step count: 14
[10522] -405, -963, -109
Step count: 14
[10542] -385, -881, -124
Step count: 14
[10563] -333, -800, -131
Step count: 14
[10584] -330, -763, -117
Step count: 14
[10604] -348, -745, -99
Step count: 14
[10625] -346, -698, -79
Step count: 14
[10646] -320, -675, -49
Step count: 14
[10666] -296, -678, 3
Step count: 15
[10687] -311, -694, 30
Step count: 15
[10708] -355, -728, 27
Step count: 15
[10729] -397, -761, 3
Step count: 15
[10749] -408, -774, -14
Step count: 15
[10770] -401, -749, -32
Step count: 15
[10791] -424, -767, -30
Step count: 15
[10812] -440, -816, -25
Step count: 15
[10833] -459, -885, -16
Step count: 15
[10853] -492, -906, -13
Step count: 15
[10874] -495, -954, 13
Step count: 15
[10895] -487, -926, 27
Step count: 15
[10916] -486, -867, 51
Step count: 16
[10937] -506, -971, 114
Step count: 16
[10957] -563, -1210, 172
Step count: 16
[10978] -640, -1365, 147
Step count: 16
[10999] -704, -1344, 33
Step count: 16
[11020] -537, -1011, -80
Step count: 16
[11040] -444, -819, -38
Step count: 16
[11061] -285, -725, -11
Step count: 16
[11082] -199, -828, 0
Step count: 16
[11103] -155, -1008, 23
Step count: 16
[11124] -147, -1164, 122
Step count: 16
[11144] -184, -1200, 162
Step count: 16
[11165] -217, -1112, 113
Step count: 16
[11186] -242, -1039, 64
Step count: 16
[11207] -172, -946, 14
Step count: 16
[11227] -119, -901, 15
Step count: 16
[11248] -126, -899, 62
Step count: 16
[11268] -180, -910, 91
Step count: 16
[11289] -247, -925, 91
Step count: 16
[11310] -279, -911, 105
Step count: 16
[11330] -336, -838, 129
Step count: 16
[11351] -393, -803, 127
Step count: 16
[11372] -407, -798, 130
Step count: 16
[11393] -410, -798, 133
Step count: 16
[11413] -404, -828, 155
Step count: 16
[11434] -391, -856, 187
Step count: 16
[11455] -401, -860, 208
Step count: 16
[11476] -416, -867, 233
Step count: 16
[11497] -445, -866, 237
Step count: 16
[11517] -482, -847, 217
Step count: 16
[11538] -496, -821, 199
Step count: 16
[11559] -493, -805, 190
Step count: 17
[11580] -505, -779, 173
Step count: 17
[11600] -521, -761, 154
Step count: 17
[11621] -547, -755, 128
Step count: 17
[11642] -571, -848, 175
Step count: 17
[11663] -661, -1239, 319
Step count: 17
[11684] -759, -1500, 324
Step count: 17
[11704] -756, -1310, 145
Step count: 17
[11725] -639, -996, -85
Step count: 17
[11746] -470, -750, -247
Step count: 17
[11767] -322, -721, -323
Step count: 17
[11787] -254, -840, -366
Step count: 17
[11808] -152, -959, -191
Step count: 17
[11829] 6, -1125, 85
Step count: 17
[11850] -92, -1189, 141
Step count: 17
[11870] -227, -1038, 44
Step count: 17
[11891] -290, -877, -17
Step count: 17
[11911] -254, -717, -9
Step count: 17
[11932] -249, -679, 39
Step count: 17
[11953] -316, -722, 36
Step count: 17
[11973] -351, -737, 30
Step count: 17
[11994] -360, -778, 66
Step count: 17
[12015] -393, -800, 87
Step count: 17
[12035] -418, -791, 82
Step count: 17
[12056] -419, -764, 65
Step count: 17
[12077] -437, -726, 14
Step count: 17
[12098] -473, -676, -31
Step count: 17
[12119] -510, -706, -40
Step count: 17
[12139] -544, -749, -39
Step count: 17
[12160] -574, -808, -22
Step count: 17
[12181] -608, -904, -4
Step count: 17
[12202] -640, -995, -7
Step count: 17
[12223] -663, -1041, -24
Step count: 18
[12243] -629, -1069, -2
Step count: 18
[12264] -578, -1104, 16
Step count: 18
[12285] -587, -1067, -37
Step count: 18
[12306] -603, -1039, -62
Step count: 18
[12326] -632, -1180, -50
Step count: 18
[12347] -673, -1342, -33
Step count: 18
[12368] -649, -1352, -51
Step count: 18
[12389] -567, -1089, -155
Step count: 18
[12410] -427, -733, -201
Step count: 18
[12430] -263, -707, -47
Step count: 18
[12451] -322, -962, 95
Step count: 18
[12472] -302, -1103, 180
Step count: 18
[12492] -281, -1059, 153
Step count: 18
[12513] -289, -1064, 161
Step count: 18
[12533] -205, -980, 165
Step count: 18
[12554] -178, -889, 107
Step count: 18
[12575] -235, -843, 85
Step count: 18
[12595] -260, -805, 90
Step count: 18
[12616] -292, -746, 84
Step count: 18
[12636] -314, -747, 56
Step count: 18
[12657] -306, -717, 34
Step count: 18
[12677] -252, -680, 24
Step count: 18
[12698] -278, -631, 22
Step count: 18
[12718] -333, -638, 24
Step count: 18
[12739] -349, -685, 18
Step count: 18
[12760] -376, -721, 12
Step count: 18
[12781] -355, -716, -4
Step count: 18
[12801] -399, -817, -7
Step count: 18
[12822] -398, -912, 4
Step count: 18
[12843] -371, -1000, 31
Step count: 18
[12864] -395, -1054, 42
Step count: 18
[12884] -346, -1115, 52
Step count: 18
[12905] -354, -1093, 18
Step count: 18
[12926] -388, -1034, 19
Step count: 18
[12947] -448, -1245, 168
Step count: 18
[12968] -571, -1584, 234
Step count: 18
[12988] -680, -1487, 74
Step count: 19
[13009] -627, -1120, -109
Step count: 19
[13030] -457, -559, -159
Step count: 19
[13051] -499, -693, -79
Step count: 19
[13072] -546, -876, -3
Step count: 19
[13092] -473, -972, 69
Step count: 19
[13113] -429, -1022, 115
Step count: 19
[13134] -361, -995, 93
Step count: 19
[13155] -365, -887, 14
Step count: 19
[13175] -415, -836, -15
Step count: 19
[13196] -382, -716, -45
Step count: 19
[13217] -336, -592, -45
Step count: 19
[13237] -339, -567, -36
Step count: 19
[13258] -347, -593, -19
Step count: 19
[13279] -360, -664, 8
Step count: 19
[13299] -375, -725, 23
Step count: 19
[13320] -375, -760, 6
Step count: 19
[13341] -378, -744, -36
Step count: 19
[13362] -367, -672, -46
Step count: 19
[13383] -360, -635, -33
Step count: 20
[13403] -461, -689, -30
Step count: 20
[13424] -539, -767, 36
Step count: 20
[13445] -577, -833, 122
Step count: 20
[13466] -671, -921, 162
Step count: 20
[13486] -696, -1030, 189
Step count: 20
[13507] -665, -1010, 196
Step count: 20
[13528] -649, -882, 166
Step count: 20
[13549] -612, -793, 134
Step count: 20
[13570] -586, -970, 128
Step count: 20
[13590] -947, -1412, 304
Step count: 20
[13611] -661, -928, 125
Step count: 20
[13632] -614, -667, 104
Step count: 20
[13653] -614, -745, 119
Step count: 20
[13674] -641, -933, 155
Step count: 20
[13694] -702, -1092, 241
Step count: 20
[13715] -389, -1048, 266
Step count: 20
[13736] -455, -1098, 166
Step count: 20
[13757] -661, -1168, 138
Step count: 20
[13777] -346, -951, 124
Step count: 20
[13798] -167, -715, -16
Step count: 20
[13819] -181, -694, 43
Step count: 20
[13840] -225, -678, 67
Step count: 20
[13861] -301, -647, 60
Step count: 20
[13881] -344, -645, 92
Step count: 20
[13902] -381, -614, 89
Step count: 20
[13923] -395, -577, 26
Step count: 20
[13943] -376, -581, 0
Step count: 20
[13964] -344, -649, 87
Step count: 20
[13985] -342, -725, 132
Step count: 20
[14006] -352, -794, 141
Step count: 20
[14026] -385, -878, 135
Step count: 20
[14047] -392, -918, 115
Step count: 20
[14068] -367, -946, 135
Step count: 20
[14089] -366, -934, 139
Step count: 20
[14110] -430, -863, 67
Step count: 20
[14131] -450, -854, 60
Step count: 20
[14151] -483, -1126, 224
Step count: 21
[14172] -598, -1498, 331
Step count: 21
[14193] -704, -1407, 197
Step count: 21
[14214] -652, -1031, 26
Step count: 21
[14234] -591, -896, -11
Step count: 21
[14255] -661, -1015, -27
Step count: 21
[14276] -625, -997, -38
Step count: 21
[14297] -595, -989, 61
Step count: 21
[14317] -697, -887, 22
Step count: 21
[14338] -539, -856, -22
Step count: 21
[14359] -398, -944, -42
Step count: 21
[14380] -379, -887, -33
Step count: 21
[14401] -366, -802, -4
Step count: 21
[14421] -365, -649, 0
Step count: 21
[14442] -360, -595, 18
Step count: 21
[14463] -387, -625, 1
Step count: 21
[14483] -453, -643, -28
Step count: 21
[14504] -493, -711, -14
Step count: 21
[14525] -462, -688, 18
Step count: 21
[14545] -419, -651, 40
Step count: 21
[14566] -390, -682, 68
Step count: 21
[14587] -374, -695, 79
Step count: 21
[14608] -396, -735, 86
Step count: 21
[14628] -433, -812, 118
Step count: 21
[14649] -471, -898, 156
Step count: 21
[14670] -561, -951, 142
Step count: 21
[14691] -526, -889, 139
Step count: 21
[14712] -514, -1044, 222
Step count: 21
[14732] -620, -1420, 272
Step count: 21
[14753] -657, -1469, 146
Step count: 21
[14774] -642, -1132, -81
Step count: 21
[14795] -528, -758, -71
Step count: 21
[14816] -449, -628, 76
Step count: 21
[14836] -412, -847, 185
Step count: 21
[14857] -461, -1100, 192
Step count: 21
[14878] -548, -1196, 180
Step count: 21
[14899] -551, -1263, 146
Step count: 21
[14920] -479, -1182, 79
Step count: 21
[14940] -415, -1003, -21
Step count: 21
[14961] -270, -842, -41
Step count: 21
[14982] -243, -723, -48
Step count: 21
[15003] -281, -677, -56
Step count: 21
[15023] -238, -632, -63
Step count: 21
[15044] -117, -575, -77
Step count: 22
[15065] -130, -618, -70
Step count: 22
[15086] -295, -585, -90
Step count: 22
[15106] -272, -631, -28
Step count: 22
[15127] -319, -713, 15
Step count: 22
[15148] -307, -704, 25
Step count: 22
[15169] -245, -768, 27
Step count: 22
[15189] -302, -833, 24
Step count: 22
[15210] -378, -1019, 108
Step count: 22
[15231] -424, -1070, 78
Step count: 22
[15252] -456, -1089, 91
Step count: 22
[15273] -477, -1441, 295
Step count: 22
[15293] -627, -1959, 383
Step count: 22
[15314] -740, -1646, 78
Step count: 22
[15335] -509, -1000, -148
Step count: 22
[15356] -468, -719, -166
Step count: 22
[15377] -455, -597, -153
Step count: 23
[15397] -491, -794, -112
Step count: 23
[15418] -636, -984, 5
Step count: 23
[15439] -631, -926, 75
Step count: 23
[15460] -407, -993, 91
Step count: 23
[15480] -291, -997, 47
Step count: 23
[15501] -381, -938, 0
Step count: 23
[15522] -397, -708, -4
Step count: 23
[15543] -371, -701, 17
Step count: 23
[15564] -409, -623, 9
Step count: 23
[15584] -413, -571, -1
Step count: 23
[15605] -401, -551, -14
Step count: 23
[15626] -420, -559, 9
Step count: 23
[15647] -390, -618, 59
Step count: 23
[15667] -391, -618, 71
Step count: 23
[15688] -427, -616, 64
Step count: 23
[15709] -419, -625, 69
Step count: 23
[15729] -409, -712, 104
Step count: 23
[15750] -486, -974, 133
Step count: 23
[15771] -507, -1108, 164
Step count: 23
[15792] -528, -1145, 128
Step count: 23
[15813] -530, -1072, 69
Step count: 23
[15833] -537, -1190, 158
Step count: 23
[15854] -591, -1396, 157
Step count: 23
[15875] -654, -1390, 41
Step count: 23
[15896] -637, -1255, -58
Step count: 23
[15917] -397, -1010, -45
Step count: 23
[15937] -196, -990, 19
Step count: 23
[15958] -71, -1003, -48
Step count: 23
[15979] -108, -979, -109
Step count: 23
[16000] -210, -1005, -75
Step count: 23
[16020] -303, -970, -17
Step count: 23
[16041] -302, -915, -20
Step count: 23
[16062] -311, -838, -18
Step count: 23
[16083] -251, -795, 79
Step count: 23
[16104] -217, -740, 95
Step count: 23
[16124] -245, -728, 85
Step count: 23
[16145] -273, -693, 105
Step count: 23
[16166] -317, -640, 104
Step count: 23
[16187] -339, -644, 122
Step count: 24
[16207] -350, -659, 129
Step count: 24
[16228] -314, -742, 111
Step count: 24
[16249] -315, -719, 85
Step count: 24
[16270] -336, -744, 96
Step count: 24
[16290] -414, -887, 128
Step count: 24
[16311] -513, -1003, 149
Step count: 24
[16332] -553, -1138, 143
Step count: 24
[16353] -505, -1118, 132
Step count: 24
[16373] -468, -1337, 277
Step count: 24
[16394] -539, -1828, 416
Step count: 24
[16415] -386, -1597, 286
Step count: 24
[16436] -92, -967, -88
Step count: 24
[16457] -11, -582, -270
Step count: 24
[16477] -126, -755, -167
Step count: 24
[16498] -386, -1029, -14
Step count: 24
[16519] -423, -1208, 114
Step count: 24
[16540] -330, -1204, 115
Step count: 24
[16560] -265, -1082, 62
Step count: 24
[16581] -175, -953, -22
Step count: 25
[16602] -207, -875, -97
Step count: 25
[16623] -221, -741, -75
Step count: 25
[16644] -149, -665, -18
Step count: 25
[16664] -231, -601, 14
Step count: 25
[16685] -304, -580, -1
Step count: 25
[16706] -325, -614, 7
Step count: 25
[16727] -359, -664, 15
Step count: 25
[16748] -368, -689, 23
Step count: 25
[16768] -341, -661, 31
Step count: 25
[16789] -333, -655, 54
Step count: 25
[16810] -436, -790, 107
Step count: 25
[16831] -512, -889, 123
Step count: 25
[16851] -622, -981, 131
Step count: 25
[16872] -709, -1009, 131
Step count: 25
[16893] -718, -1061, 174
Step count: 25
[16914] -689, -1308, 256
Step count: 25
[16935] -718, -1540, 235
Step count: 26
[16955] -701, -1361, 79
Step count: 26
[16976] -654, -1132, 16
Step count: 26
[16997] -553, -871, 26
Step count: 26
[17018] -392, -782, 79
Step count: 26
[17038] -401, -806, 67
Step count: 26
[17059] -562, -1003, 104
Step count: 26
[17080] -527, -1020, 109
Step count: 26
[17101] -437, -917, 81
Step count: 26
[17122] -400, -929, 69
Step count: 26
[17142] -343, -879, 57
Step count: 26
[17163] -259, -829, 54
Step count: 26
[17184] -226, -777, 57
Step count: 26
[17205] -228, -718, 57
Step count: 26
[17225] -238, -707, 71
Step count: 26
[17246] -288, -667, 55
Step count: 26
[17267] -181, -624, 46
Step count: 26
[17288] -205, -632, 41
Step count: 26
[17309] -361, -697, 32
Step count: 26
[17329] -366, -754, 36
Step count: 26
[17350] -299, -815, 115
Step count: 26
[17370] -337, -821, 84
Step count: 26
[17391] -341, -872, 78
Step count: 26
[17412] -387, -971, 96
Step count: 26
[17433] -456, -1048, 84
Step count: 26
[17453] -464, -1052, 78
Step count: 26
[17474] -472, -1259, 224
Step count: 26
[17495] -563, -1739, 374
Step count: 26
[17516] -657, -1679, 233
Step count: 27
[17537] -538, -1041, -103
Step count: 27
[17557] -455, -607, -243
Step count: 27
[17578] -471, -515, -207
Step count: 27
[17599] -454, -715, -115
Step count: 27
[17620] -416, -1042, 13
Step count: 27
[17641] -355, -1101, 66
Step count: 27
[17661] -276, -1086, 47
Step count: 27
[17682] -212, -1042, -18
Step count: 27
[17703] -241, -901, -107
Step count: 27
[17724] -274, -748, -99
Step count: 27
[17744] -414, -764, -65
Step count: 27
[17765] -424, -672, -29
Step count: 27
[17786] -398, -639, -6
Step count: 27
[17807] -413, -677, 7
Step count: 27
[17828] -366, -678, 24
Step count: 27
[17848] -368, -700, 37
Step count: 27
[17869] -384, -701, 34
Step count: 27
[17890] -391, -661, 15
Step count: 27
[17911] -402, -657, 8
Step count: 27
[17931] -407, -710, 24
Step count: 27
[17952] -445, -778, 32
Step count: 27
[17973] -508, -867, 28
Step count: 27
[17994] -602, -1004, 16
Step count: 27
[18014] -637, -1036, -18
Step count: 27
[18035] -594, -963, -55
Step count: 28
[18056] -635, -943, -19
Step count: 28
[18077] -707, -1095, 17
Step count: 28
[18098] -776, -1401, 23
Step count: 28
[18118] -837, -1473, -27
Step count: 28
[18139] -731, -1131, -138
Step count: 28
[18160] -560, -758, -130
Step count: 28
[18181] -522, -703, -78
Step count: 28
[18201] -538, -819, -93
Step count: 28
[18222] -637, -962, -23
Step count: 28
[18243] -663, -1105, 83
Step count: 28
[18264] -460, -1021, 53
Step count: 28
[18285] -380, -891, -44
Step count: 28
[18305] -477, -967, -31
Step count: 28
[18326] -290, -840, 23
Step count: 28
[18347] -188, -698, -48
Step count: 28
[18368] -276, -746, -2
Step count: 28
[18388] -209, -683, 39
Step count: 28
[18409] -269, -604, 27
Step count: 28
[18430] -321, -590, 12
Step count: 28
[18451] -363, -627, -18
Step count: 28
[18471] -368, -710, -31
Step count: 28
[18492] -291, -740, -2
Step count: 28
[18513] -247, -785, 61
Step count: 28
[18533] -229, -842, 86
Step count: 28
[18554] -279, -888, 43
Step count: 28
[18575] -377, -975, 29
Step count: 29
[18596] -451, -1048, 19
Step count: 29
[18617] -439, -1006, -23
Step count: 29
[18637] -395, -1061, 31
Step count: 29
[18658] -456, -1399, 146
Step count: 29
[18679] -604, -1577, 69
Step count: 29
[18700] -642, -1297, -71
Step count: 29
[18721] -476, -847, -165
Step count: 29
[18741] -459, -686, -182
Step count: 29
[18762] -510, -726, -221
Step count: 29
[18783] -545, -871, -227
Step count: 29
[18804] -561, -986, -104
Step count: 29
[18824] -517, -1055, -5
Step count: 29
[18845] -405, -1037, -26
Step count: 29
[18866] -347, -960, -67
Step count: 29
[18887] -401, -866, -60
Step count: 29
[18907] -411, -731, -26
Step count: 29
[18928] -368, -621, -5
Step count: 29
[18949] -395, -581, -34
Step count: 29
[18970] -476, -639, -2
Step count: 29
[18990] -520, -670, 9
Step count: 29
[19011] -487, -676, 17
Step count: 29
[19032] -428, -681, 2
Step count: 29
[19052] -441, -723, -19
Step count: 30
[19073] -475, -761, -19
Step count: 30
[19094] -453, -841, 14
Step count: 30
[19115] -453, -973, 68
Step count: 30
[19135] -503, -1067, 48
Step count: 30
[19156] -567, -1083, -6
Step count: 30
[19177] -565, -1032, -32
Step count: 30
[19198] -552, -1138, 65
Step count: 30
[19218] -599, -1458, 159
Step count: 30
[19239] -625, -1454, 33
Step count: 30
[19260] -625, -1191, -139
Step count: 30
[19281] -507, -870, -141
Step count: 30
[19302] -444, -779, -1
Step count: 30
[19322] -439, -957, 62
Step count: 31
[19343] -463, -987, -2
Step count: 31
[19364] -493, -956, -20
Step count: 31
[19385] -468, -979, 12
Step count: 31
[19406] -407, -928, -7
Step count: 31
[19426] -354, -821, -46
Step count: 31
[19447] -316, -756, -35
Step count: 31
[19468] -297, -690, -8
Step count: 31
[19489] -315, -645, 41
Step count: 31
[19509] -290, -683, -48
Step count: 31
[19530] -258, -599, -37
Step count: 31
[19551] -240, -673, -21
Step count: 31
[19572] -275, -659, -5
Step count: 31
[19592] -356, -710, 12
Step count: 31
[19613] -368, -759, 21
Step count: 31
[19634] -370, -826, 1
Step count: 31
[19655] -383, -901, -1
Step count: 31
[19675] -391, -951, 18
Step count: 31
[19696] -432, -1010, 12
Step count: 31
[19717] -453, -1032, -16
Step count: 31
[19738] -430, -1049, 28
Step count: 31
[19759] -455, -1354, 200
Step count: 31
[19779] -543, -1619, 183
Step count: 31
[19800] -601, -1276, -74
Step count: 31
[19821] -420, -799, -197
Step count: 31
[19842] -401, -603, -167
Step count: 31
[19863] -456, -652, -67
Step count: 31
[19883] -518, -880, -8
Step count: 31
[19904] -560, -1032, 26
Step count: 31
[19925] -565, -1134, 17
Step count: 32
[19946] -479, -1154, -31
Step count: 32
[19967] -310, -1057, -51
Step count: 32
[19987] -283, -879, -77
Step count: 32
[20008] -419, -769, -77
Step count: 32
[20029] -351, -640, -90
Step count: 32
[20050] -348, -596, -88
Step count: 32
[20070] -418, -662, -54
Step count: 32
[20091] -407, -680, -37
Step count: 32
[20112] -400, -714, -51
Step count: 32
[20133] -393, -710, -81
Step count: 32
[20153] -388, -692, -87
Step count: 32
[20174] -392, -719, -71
Step count: 32
[20195] -420, -769, -57
Step count: 32
[20216] -441, -836, -28
Step count: 32
[20236] -444, -921, 4
Step count: 32
[20257] -492, -982, 24
Step count: 32
[20278] -548, -1011, 14
Step count: 32
[20299] -543, -939, -34
Step count: 32
[20320] -502, -904, 36
Step count: 32
[20340] -545, -1214, 214
Step count: 32
[20361] -636, -1475, 207
Step count: 32
[20382] -615, -1353, 4
Step count: 32
[20403] -571, -987, -170
Step count: 32
[20424] -516, -740, -74
Step count: 32
[20444] -441, -806, 72
Step count: 32
[20465] -500, -988, 76
Step count: 32
[20486] -571, -1043, 42
Step count: 32
[20507] -544, -1086, 46
Step count: 32
[20528] -440, -1060, 19
Step count: 32
[20548] -347, -987, -36
Step count: 32
[20569] -362, -906, -89
Step count: 32
[20590] -302, -718, -86
Step count: 32
[20611] -286, -679, -52
Step count: 32
[20631] -279, -645, -45
Step count: 32
[20652] -276, -659, -71
Step count: 32
[20673] -302, -716, -103
Step count: 33
[20694] -299, -733, -85
Step count: 33
[20715] -278, -750, -62
Step count: 33
[20735] -268, -757, -35
Step count: 33
[20756] -266, -767, -43
Step count: 33
[20777] -268, -780, -48
Step count: 33
[20798] -313, -830, -26
Step count: 33
[20819] -354, -868, -3
Step count: 33
[20839] -371, -940, 17
Step count: 33
[20860] -396, -967, 0
Step count: 33
[20881] -386, -1054, 88
Step count: 33
[20902] -434, -1452, 288
Step count: 33
[20923] -583, -1706, 249
Step count: 33
[20943] -588, -1307, 40
Step count: 33
[20964] -483, -841, -85
Step count: 33
[20985] -454, -670, 43
Step count: 33
[21006] -491, -744, -194
Step count: 33
[21026] -574, -741, -142
Step count: 33
[21047] -531, -1057, -71
Step count: 33
[21068] -527, -1100, -42
Step count: 33
[21089] -390, -963, -72
Step count: 33
[21110] -325, -965, -61
Step count: 33
[21130] -388, -797, -92
Step count: 33
[21151] -428, -724, -79
Step count: 33
[21172] -359, -727, -38
Step count: 33
[21193] -403, -711, -25
Step count: 33
[21213] -423, -716, -19
Step count: 33
[21234] -408, -710, -26
Step count: 34
[21255] -396, -683, -39
Step count: 34
[21276] -367, -660, -48
Step count: 34
[21296] -355, -635, -33
Step count: 34
[21317] -372, -648, -23
Step count: 34
[21338] -405, -705, -34
Step count: 34
[21359] -417, -799, -27
Step count: 34
[21380] -420, -871, -20
Step count: 34
[21400] -481, -960, -19
Step count: 34
[21421] -536, -995, -41
Step count: 34
[21442] -556, -943, -65
Step count: 34
[21463] -542, -913, -28
Step count: 34
[21483] -541, -1123, 118
Step count: 34
[21504] -640, -1437, 161
Step count: 34
[21525] -682, -1522, 33
Step count: 34
[21546] -520, -1288, -96
Step count: 34
[21567] -279, -915, -162
Step count: 34
[21587] -143, -719, -118
Step count: 34
[21608] -174, -873, -57
Step count: 34
[21629] -298, -1094, 22
Step count: 34
[21650] -290, -1308, 5
Step count: 34
[21670] -48, -1181, -74
Step count: 34
[21691] 85, -1004, -150
Step count: 34
[21712] 30, -898, -163
Step count: 34
[21733] -59, -852, -117
Step count: 34
[21754] -116, -879, -49
Step count: 34
[21774] -162, -907, 1
Step count: 34
[21795] -132, -928, 45
Step count: 34
[21816] -140, -907, 52
Step count: 34
[21837] -197, -880, 47
Step count: 35
[21858] -251, -864, 57
Step count: 35
[21878] -279, -869, 77
Step count: 35
[21899] -296, -879, 98
Step count: 35
[21920] -296, -876, 121
Step count: 35
[21940] -314, -876, 147
Step count: 35
[21961] -360, -907, 171
Step count: 35
[21982] -394, -952, 192
Step count: 35
[22003] -430, -970, 196
Step count: 35
[22024] -454, -937, 180
Step count: 35
[22044] -466, -877, 153
Step count: 35
[22065] -471, -834, 138
Step count: 35
[22086] -486, -911, 175
Step count: 35
[22107] -548, -1101, 226
Step count: 35
[22127] -584, -1157, 166
Step count: 35
[22148] -524, -992, 39
Step count: 35
[22169] -421, -822, -46
Step count: 35
[22190] -408, -689, -201
Step count: 35
[22211] -426, -681, -198
Step count: 35
[22231] -450, -792, -134
Step count: 35
[22252] -434, -1010, -75
Step count: 35
[22273] -438, -1215, -102
Step count: 35
[22294] -366, -1169, -142
Step count: 35
[22314] -229, -1029, -138
Step count: 35
[22335] -233, -958, -163
Step count: 35
[22356] -302, -918, -195
Step count: 36
[22377] -322, -914, -187
Step count: 36
[22397] -335, -860, -167
Step count: 36
[22418] -342, -813, -146
Step count: 36
[22439] -336, -773, -130
Step count: 36
[22459] -349, -767, -111
Step count: 36
[22480] -370, -772, -97
Step count: 36
[22501] -371, -759, -91
Step count: 36
[22521] -351, -732, -98
Step count: 36
[22542] -340, -722, -93
Step count: 36
[22563] -346, -738, -93
Step count: 36
[22584] -376, -765, -109
Step count: 36
[22604] -394, -790, -114
Step count: 36
[22625] -410, -827, -91
Step count: 36
[22646] -449, -898, -71
Step count: 36
[22667] -485, -965, -73
Step count: 36
[22688] -507, -1006, -79
Step count: 36
[22708] -507, -1004, -86
Step count: 36
[22729] -501, -956, -94
Step count: 37
[22750] -467, -840, -83
Step count: 37
[22771] -436, -836, -43
Step count: 37
[22791] -478, -918, 1
Step count: 37
[22812] -555, -1052, 28
Step count: 37
[22833] -605, -1107, -1
Step count: 37
[22854] -586, -998, -32
Step count: 37
[22875] -547, -887, -21
Step count: 37
[22895] -529, -851, 3
Step count: 37
[22916] -520, -884, 29
Step count: 37
[22937] -552, -953, 28
Step count: 37
[22958] -512, -984, 25
Step count: 37
[22978] -448, -992, 10
Step count: 37
[22999] -383, -968, -23
Step count: 37
[23020] -353, -926, -64
Step count: 37
[23040] -355, -873, -82
Step count: 37
[23061] -344, -803, -69
Step count: 37
[23081] -369, -758, -58
Step count: 37
[23102] -373, -726, -55
Step count: 37
[23123] -349, -711, -80
Step count: 37
[23143] -340, -708, -93
Step count: 37
[23164] -354, -732, -76
Step count: 37
[23184] -344, -754, -75
Step count: 37
[23205] -320, -781, -71
Step count: 37
[23226] -329, -806, -29
Step count: 37
[23247] -371, -862, 3
Step count: 37
[23267] -409, -937, 8
Step count: 37
[23288] -439, -1034, 12
Step count: 37
[23309] -472, -1131, 29
Step count: 37
[23330] -462, -1107, -56
Step count: 37
[23351] -422, -1026, -74
Step count: 37
[23371] -432, -1173, 62
Step count: 37
[23392] -521, -1409, 114
Step count: 37
[23413] -598, -1256, -17
Step count: 37
[23434] -560, -869, -162
Step count: 38
[23455] -441, -600, -192
Step count: 38
[23475] -400, -671, -183
Step count: 38
[23496] -359, -853, -166
Step count: 38
[23517] -224, -958, -75
Step count: 38
[23538] -142, -1016, 23
Step count: 38
[23558] -92, -934, 71
Step count: 38
[23579] -90, -882, 33
Step count: 38
[23600] -290, -859, -30
Step count: 38
[23621] -306, -732, -59
Step count: 38
[23641] -347, -734, -24
Step count: 38
[23662] -378, -699, 1
Step count: 38
[23682] -345, -713, -12
Step count: 38
[23703] -389, -764, -28
Step count: 38
[23724] -391, -765, -49
Step count: 38
[23744] -368, -752, -59
Step count: 38
[23765] -391, -744, -73
Step count: 38
[23786] -404, -761, -100
Step count: 38
[23806] -421, -785, -107
Step count: 38
[23827] -444, -832, -93
Step count: 38
[23848] -556, -893, -94
Step count: 38
[23869] -598, -894, -146
Step count: 38
[23889] -609, -965, -120
Step count: 38
[23910] -582, -971, -160
Step count: 38
[23931] -587, -1042, -127
Step count: 38
[23952] -663, -1304, -81
Step count: 38
[23973] -685, -1369, -100
Step count: 38
[23993] -604, -1198, -142
Step count: 38
[24014] -505, -861, -168
Step count: 39
[24035] -476, -719, -133
Step count: 39
[24056] -516, -853, -103
Step count: 39
[24077] -539, -993, -68
Step count: 39
[24097] -571, -1082, -57
Step count: 39
[24118] -503, -1078, -48
Step count: 39
[24139] -399, -991, -59
Step count: 39
[24160] -356, -925, -83
Step count: 39
[24180] -317, -843, -93
Step count: 39
[24201] -276, -750, -83
Step count: 39
[24222] -261, -678, -72
Step count: 39
[24243] -308, -658, -71
Step count: 39
[24263] -361, -636, -67
Step count: 39
[24284] -351, -634, -72
Step count: 39
[24305] -372, -678, -67
Step count: 39
[24325] -359, -708, -60
Step count: 39
[24346] -331, -738, -56
Step count: 39
[24366] -354, -774, -71
Step count: 39
[24387] -371, -822, -91
Step count: 39
[24408] -379, -897, -90
Step count: 39
[24429] -388, -965, -84
Step count: 39
[24449] -390, -1025, -87
Step count: 39
[24470] -321, -999, -141
Step count: 39
[24491] -271, -947, -127
Step count: 39
[24512] -344, -1189, -45
Step count: 39
[24533] -477, -1407, -43
Step count: 40
[24553] -460, -1255, -115
Step count: 40
[24574] -355, -883, -212
Step count: 40
[24595] -285, -616, -224
Step count: 40
[24616] -354, -734, -223
Step count: 40
[24636] -420, -958, -252
Step count: 40
[24657] -426, -1083, -222
Step count: 40
[24678] -379, -1061, -142
Step count: 40
[24699] -253, -1040, -16
Step count: 40
[24720] -362, -869, -193
Step count: 40
[24740] -324, -787, -231
Step count: 40
[24761] -447, -794, -157
Step count: 40
[24781] -407, -625, -126
Step count: 40
[24802] -447, -639, -129
Step count: 40
[24822] -422, -623, -135
Step count: 40
[24843] -422, -638, -122
Step count: 40
[24863] -468, -678, -97
Step count: 40
[24884] -459, -710, -88
Step count: 40
[24905] -482, -729, -90
Step count: 40
[24925] -502, -730, -91
Step count: 40
[24946] -507, -734, -95
Step count: 40
[24966] -512, -783, -91
Step count: 40
[24987] -564, -861, -80
Step count: 40
[25008] -616, -934, -81
Step count: 40
[25029] -653, -977, -88
Step count: 40
[25049] -691, -998, -104
Step count: 40
[25070] -548, -824, -121
Step count: 40
[25091] -586, -916, -50
Step count: 40
[25112] -766, -1295, 28
Step count: 40
[25133] -797, -1373, -36
Step count: 40
[25153] -635, -1096, -116
Step count: 40
[25174] -558, -857, -91
Step count: 40
[25195] -559, -796, -49
Step count: 40
[25216] -574, -883, -37
Step count: 41
[25236] -610, -983, -7
Step count: 41
[25257] -593, -1065, 16
Step count: 41
[25278] -535, -1095, 7
Step count: 41
[25299] -494, -1021, -13
Step count: 41
[25320] -422, -926, -23
Step count: 41
[25340] -331, -818, -21
Step count: 41
[25361] -322, -722, -24
Step count: 41
[25382] -281, -696, 0
Step count: 41
[25403] -299, -659, 6
Step count: 41
[25423] -350, -662, -14
Step count: 41
[25444] -281, -684, -22
Step count: 41
[25465] -316, -709, -28
Step count: 41
[25485] -341, -726, -26
Step count: 41
[25506] -324, -752, -19
Step count: 41
[25527] -310, -779, -22
Step count: 41
[25548] -321, -814, -23
Step count: 41
[25568] -354, -903, -13
Step count: 41
[25589] -376, -983, -1
Step count: 41
[25610] -311, -953, -80
Step count: 41
[25631] -314, -1089, 45
Step count: 41
[25652] -494, -1535, 109
Step count: 41
[25672] -609, -1510, -75
Step count: 41
[25693] -551, -1010, -232
Step count: 41
[25714] -301, -631, -230
Step count: 41
[25735] -246, -597, -230
Step count: 41
[25755] -417, -865, -291
Step count: 41
[25776] -471, -1038, -283
Step count: 41
[25797] -411, -1047, -202
Step count: 42
[25818] -399, -1020, -129
Step count: 42
[25839] -313, -980, -117
Step count: 42
[25859] -342, -915, -117
Step count: 42
[25880] -359, -781, -37
Step count: 42
[25901] -363, -760, -48
Step count: 42
[25922] -557, -727, -64
Step count: 42
[25942] -497, -668, -88
Step count: 42
[25963] -472, -688, -85
Step count: 42
[25984] -508, -706, -49
Step count: 42
[26005] -472, -726, -49
Step count: 42
[26026] -405, -731, -74
Step count: 42
[26046] -384, -716, -98
Step count: 42
[26067] -488, -743, -76
Step count: 42
[26087] -626, -707, 0
Step count: 42
[26108] -770, -719, 164
Step count: 42
[26129] -916, -791, 330
Step count: 42
[26150] -1063, -731, 347
Step count: 42
[26171] -947, -630, 283
Step count: 42
[26191] -847, -772, 410
Step count: 42
[26212] -764, -1357, 630
Step count: 42
[26233] -764, -1520, 456
Step count: 42
[26254] -699, -1322, 210
Step count: 42
[26274] -477, -934, 71
Step count: 42
[26295] -358, -662, 79
Step count: 42
[26316] -466, -772, 140
Step count: 42
[26337] -554, -961, 207
Step count: 42
[26358] -544, -975, 223
Step count: 42
[26378] -562, -1030, 183
Step count: 42
[26399] -534, -1079, 148
Step count: 42
[26420] -430, -974, 70
Step count: 42
[26441] -323, -870, 28
Step count: 42
[26462] -271, -821, 74
Step count: 42
[26482] -273, -849, 8
Step count: 42
[26503] -184, -694, 69
Step count: 42
[26524] -230, -673, 14
Step count: 43
[26545] -217, -709, 51
Step count: 43
[26566] -218, -655, 22
Step count: 43
[26586] -246, -657, -60
Step count: 43
[26607] -261, -740, -42
Step count: 43
[26628] -279, -836, -32
Step count: 43
[26648] -291, -866, 1
Step count: 43
[26669] -269, -836, -7
Step count: 43
[26690] -279, -884, 10
Step count: 43
[26710] -305, -906, -6
Step count: 43
[26731] -341, -880, -74
Step count: 43
[26752] -348, -918, -51
Step count: 43
[26773] -403, -1269, 91
Step count: 43
[26794] -561, -1623, 69
Step count: 43
[26814] -633, -1483, -81
Step count: 43
[26835] -515, -1082, -183
Step count: 43
[26856] -444, -874, -192
Step count: 43
[26877] -471, -896, -177
Step count: 43
[26898] -581, -1027, -149
Step count: 44
[26918] -637, -1020, -61
Step count: 44
[26939] -541, -967, 61
Step count: 44
[26960] -567, -1072, 116
Step count: 44
[26981] -417, -943, 9
Step count: 44
[27001] -336, -918, 1
Step count: 44
[27022] -389, -760, 2
Step count: 44
[27043] -413, -689, -8
Step count: 44
[27064] -417, -696, 8
Step count: 44
[27084] -459, -712, 29
Step count: 44
[27105] -502, -719, 52
Step count: 44
[27126] -538, -644, 36
Step count: 44
[27146] -575, -657, 47
Step count: 44
[27167] -540, -685, 92
Step count: 44
[27188] -521, -670, 90
Step count: 44
[27208] -548, -712, 81
Step count: 44
[27229] -582, -761, 82
Step count: 44
[27250] -603, -834, 117
Step count: 44
[27270] -619, -920, 161
Step count: 44
[27291] -611, -865, 111
Step count: 44
[27312] -547, -757, 72
Step count: 44
[27333] -532, -791, 140
Step count: 44
[27354] -640, -1200, 322
Step count: 44
[27374] -689, -1438, 318
Step count: 44
[27395] -673, -1348, 89
Step count: 44
[27416] -662, -1089, -54
Step count: 44
[27437] -645, -856, -5
Step count: 44
[27457] -537, -899, 79
Step count: 44
[27478] -508, -960, 99
Step count: 44
[27499] -538, -1006, 129
Step count: 45
[27520] -545, -1091, 139
Step count: 45
[27541] -463, -1064, 89
Step count: 45
[27561] -377, -957, 21
Step count: 45
[27582] -338, -845, -17
Step count: 45
[27603] -210, -768, -5
Step count: 45
[27624] -179, -743, 47
Step count: 45
[27644] -157, -697, 64
Step count: 45
[27665] -254, -721, 52
Step count: 45
[27686] -272, -728, 44
Step count: 45
[27707] -320, -687, -21
Step count: 45
[27727] -350, -649, -85
Step count: 45
[27748] -282, -667, -53
Step count: 45
[27769] -263, -698, -5
Step count: 45
[27789] -275, -769, 22
Step count: 45
[27810] -320, -940, 53
Step count: 45
[27830] -352, -984, 17
Step count: 45
[27851] -364, -944, -50
Step count: 45
[27872] -349, -1019, 39
Step count: 45
[27892] -409, -1468, 244
Step count: 45
[27913] -573, -1691, 203
Step count: 45
[27934] -608, -1311, -38
Step count: 45
[27955] -468, -824, -201
Step count: 45
[27976] -397, -675, -123
Step count: 45
[27996] -407, -766, -64
Step count: 45
[28017] -491, -992, -20
Step count: 45
[28038] -569, -1107, 53
Step count: 45
[28059] -559, -1156, 110
Step count: 45
[28080] -420, -1038, 22
Step count: 45
[28100] -406, -1014, -39
Step count: 45
[28121] -380, -797, -81
Step count: 45
[28142] -329, -808, -8
Step count: 45
[28163] -336, -610, -35
Step count: 45
[28183] -432, -568, -40
Step count: 45
[28204] -466, -677, 7
Step count: 45
[28225] -442, -742, 5
Step count: 45
[28246] -498, -757, 6
Step count: 46
[28267] -489, -701, 3
Step count: 46
[28287] -448, -669, 22
Step count: 46
[28308] -457, -704, 41
Step count: 46
[28328] -515, -668, 2
Step count: 46
[28349] -578, -740, 41
Step count: 46
[28370] -703, -955, 145
Step count: 46
[28391] -792, -989, 138
Step count: 46
[28411] -691, -962, 140
Step count: 46
[28432] -597, -849, 131
Step count: 46
[28453] -653, -1041, 234
Step count: 46
[28473] -755, -1385, 307
Step count: 46
[28494] -687, -1452, 193
Step count: 46
[28515] -613, -1228, 15
Step count: 46
[28536] -585, -853, -69
Step count: 46
[28556] -513, -694, -42
Step count: 46
[28577] -500, -777, -28
Step count: 46
[28598] -605, -1015, 38
Step count: 46
[28619] -603, -1212, 152
Step count: 46
[28640] -525, -1091, 95
Step count: 46
[28660] -454, -1052, 61
Step count: 46
[28681] -339, -984, 48
Step count: 46
[28702] -304, -831, 0
Step count: 46
[28723] -187, -786, 14
Step count: 46
[28743] -139, -777, 42
Step count: 46
[28764] -160, -746, 26
Step count: 46
[28785] -245, -730, 27
Step count: 46
[28806] -258, -733, 38
Step count: 46
[28827] -298, -666, 0
Step count: 47
[28847] -341, -638, -25
Step count: 47
[28868] -314, -681, -27
Step count: 47
[28889] -279, -696, -13
Step count: 47
[28910] -276, -769, 21
Step count: 47
[28930] -320, -940, 26
Step count: 47
[28951] -343, -1013, 25
Step count: 47
[28972] -354, -1024, 2
Step count: 47
[28993] -357, -1103, 70
Step count: 47
[29013] -415, -1399, 184
Step count: 47
[29034] -500, -1448, 129
Step count: 47
[29055] -490, -1111, -55
Step count: 47
[29076] -399, -781, -156
Step count: 47
[29097] -345, -654, -111
Step count: 47
[29117] -370, -770, -43
Step count: 47
[29138] -468, -1019, -12
Step count: 47
[29159] -542, -1127, -2
Step count: 47
[29180] -519, -1176, -2
Step count: 47
[29201] -312, -1018, -90
Step count: 47
[29221] -354, -1045, -104
Step count: 47
[29242] -372, -880, -105
Step count: 47
[29263] -307, -765, -101
Step count: 47
[29284] -394, -711, -75
Step count: 47
[29305] -391, -670, -53
Step count: 47
[29325] -421, -662, -32
Step count: 47
[29346] -485, -741, 4
Step count: 47
[29367] -511, -766, -38
Step count: 47
[29388] -526, -765, -60
Step count: 47
[29408] -509, -784, -30
Step count: 47
[29429] -476, -767, -30
Step count: 48
[29450] -533, -835, 43
Step count: 48
[29471] -579, -880, 78
Step count: 48
[29491] -612, -916, 91
Step count: 48
[29512] -655, -885, 63
Step count: 48
[29533] -659, -886, 74
Step count: 48
[29554] -612, -959, 165
Step count: 48
[29575] -661, -1293, 342
Step count: 48
[29595] -716, -1456, 289
Step count: 48
[29616] -606, -1289, 94
Step count: 48
[29637] -505, -962, -19
Step count: 48
[29658] -490, -720, 3
Step count: 48
[29679] -497, -826, 66
Step count: 48
[29699] -538, -999, 112
Step count: 48
[29720] -540, -1000, 98
Step count: 48
[29741] -560, -943, 78
Step count: 48
[29762] -498, -915, 86
Step count: 48
[29783] -413, -853, 57
Step count: 48
[29803] -389, -817, 31
Step count: 48
[29824] -351, -779, 27
Step count: 48
[29845] -318, -742, 7
Step count: 48
[29866] -300, -770, 27
Step count: 48
[29886] -275, -782, 50
Step count: 48
[29907] -238, -763, 61
Step count: 48
[29928] -277, -762, 63
Step count: 48
[29948] -362, -741, 51
Step count: 48
[29969] -362, -750, 37
Step count: 48
[29990] -342, -827, 36
Step count: 48
[30011] -321, -886, 70
Step count: 49
[30031] -325, -934, 78
Step count: 49
[30052] -320, -985, 86
Step count: 49
[30073] -324, -1019, 73
Step count: 49
[30094] -338, -981, -8
Step count: 49
[30114] -330, -900, -77
Step count: 49
[30135] -313, -1088, 105
Step count: 49
[30156] -402, -1480, 213
Step count: 49
[30177] -514, -1417, 49
Step count: 49
[30198] -474, -1048, -174
Step count: 49
[30218] -332, -784, -174
Step count: 49
[30239] -282, -787, -183
Step count: 49
[30260] -323, -876, -245
Step count: 49
[30281] -406, -974, -180
Step count: 49
[30301] -422, -1043, -24
Step count: 49
[30322] -359, -1091, -8
Step count: 49
[30343] -284, -900, -78
Step count: 49
[30364] -369, -956, -25
Step count: 49
[30385] -330, -768, -42
Step count: 49
[30405] -377, -687, -52
Step count: 49
[30426] -414, -683, -26
Step count: 49
[30447] -434, -676, -23
Step count: 49
[30468] -494, -718, -18
Step count: 49
[30488] -519, -760, -7
Step count: 49
[30509] -494, -759, -2
Step count: 49
[30530] -463, -728, -11
Step count: 49
[30551] -460, -739, 5
Step count: 49
[30571] -494, -786, 37
Step count: 49
[30592] -561, -828, 42
Step count: 49
[30613] -630, -901, 49
Step count: 49
[30634] -662, -965, 65
Step count: 49
[30654] -632, -944, 68
Step count: 49
[30675] -542, -859, 72
Step count: 49
[30696] -533, -859, 99
Step count: 49
[30717] -642, -1176, 211
Step count: 49
[30738] -692, -1425, 197
Step count: 49
[30758] -636, -1220, -27
Step count: 49
[30779] -584, -813, -101
Step count: 50
[30800] -541, -748, 23
Step count: 50
[30821] -572, -910, 55
Step count: 50
[30841] -595, -981, 32
Step count: 50
[30862] -604, -1074, 77
Step count: 50
[30883] -603, -1119, 81
Step count: 50
[30904] -509, -1054, 41
Step count: 50
[30925] -407, -942, -7
Step count: 50
[30945] -367, -838, -25
Step count: 50
[30966] -255, -757, -16
Step count: 50
[30987] -240, -743, 35
Step count: 50
[31008] -295, -753, 46
Step count: 50
[31028] -275, -688, 14
Step count: 50
[31049] -330, -729, 38
Step count: 50
[31070] -335, -855, 16
Step count: 50
[31090] -279, -790, -94
Step count: 50
[31111] -271, -808, -34
Step count: 50
[31131] -285, -813, -24
Step count: 50
[31152] -347, -845, -5
Step count: 50
[31172] -349, -855, -3
Step count: 50
[31193] -333, -860, -12
Step count: 50
[31213] -335, -843, -34
Step count: 50
[31234] -330, -806, -48
Step count: 50
[31255] -351, -925, 28
Step count: 50
[31276] -455, -1324, 156
Step count: 50
[31297] -585, -1524, 123
Step count: 50
[31317] -598, -1219, -94
Step count: 50
[31338] -449, -851, -195
Step count: 50
[31359] -326, -708, -180
Step count: 50
[31380] -310, -722, -139
Step count: 50
[31401] -416, -912, -95
Step count: 50
[31421] -555, -1056, -18
Step count: 50
[31442] -632, -1127, 40
Step count: 50
[31463] -521, -1153, 33
Step count: 50
[31484] -258, -1027, -54
Step count: 50
[31505] -295, -1008, -25
Step count: 50
[31525] -336, -827, -26
Step count: 50
[31546] -331, -806, 0
Step count: 50
[31567] -349, -700, -17
Step count: 50
[31588] -431, -764, -4
Step count: 51
[31608] -473, -773, -19
Step count: 51
[31629] -477, -708, -57
Step count: 51
[31650] -427, -696, -3
Step count: 51
[31670] -414, -705, 37
Step count: 51
[31691] -446, -751, 51
Step count: 51
[31712] -482, -785, 52
Step count: 51
[31733] -515, -824, 74
Step count: 51
[31753] -546, -877, 95
Step count: 51
[31774] -566, -912, 102
Step count: 51
[31795] -547, -947, 104
Step count: 51
[31816] -501, -938, 102
Step count: 51
[31837] -494, -867, 79
Step count: 51
[31857] -509, -886, 87
Step count: 51
[31878] -542, -1120, 175
Step count: 51
[31899] -600, -1374, 223
Step count: 51
[31920] -648, -1350, 112
Step count: 51
[31940] -598, -1020, -57
Step count: 51
[31961] -516, -764, -50
Step count: 51
[31982] -443, -781, 29
Step count: 51
[32003] -460, -901, 22
Step count: 52
[32024] -527, -970, 20
Step count: 52
[32044] -536, -1068, 50
Step count: 52
[32065] -501, -1136, 43
Step count: 52
[32086] -453, -1090, -29
Step count: 52
[32107] -379, -966, -100
Step count: 52
[32128] -304, -886, -106
Step count: 52
[32148] -209, -847, -81
Step count: 52
[32169] -226, -855, -67
Step count: 52
[32190] -157, -810, -34
Step count: 52
[32211] -310, -818, -55
Step count: 52
[32231] -307, -817, -43
Step count: 52
[32252] -272, -799, -1
Step count: 52
[32272] -272, -774, 12
Step count: 52
[32293] -262, -748, 1
Step count: 52
[32313] -274, -744, 0
Step count: 52
[32334] -285, -768, 31
Step count: 52
[32355] -290, -804, 61
Step count: 52
[32376] -311, -841, 69
Step count: 52
[32396] -342, -869, 72
Step count: 52
[32417] -369, -874, 65
Step count: 52
[32438] -389, -853, 29
Step count: 52
[32459] -388, -836, 16
Step count: 52
[32479] -394, -1007, 133
Step count: 52
[32500] -482, -1409, 258
Step count: 52
[32521] -574, -1523, 219
Step count: 52
[32542] -563, -1297, 46
Step count: 52
[32563] -562, -966, -97
Step count: 52
[32583] -462, -701, -155
Step count: 52
[32604] -433, -670, -146
Step count: 53
[32625] -503, -875, -112
Step count: 53
[32646] -521, -1012, -52
Step count: 53
[32666] -541, -1163, 21
Step count: 53
[32687] -463, -1187, 53
Step count: 53
[32708] -308, -1163, 50
Step count: 53
[32729] -309, -987, -5
Step count: 53
[32750] -381, -767, -73
Step count: 53
[32770] -385, -734, -68
Step count: 53
[32791] -406, -725, -55
Step count: 53
[32812] -392, -709, -34
Step count: 53
[32832] -375, -737, 3
Step count: 53
[32853] -368, -737, 29
Step count: 53
[32873] -380, -713, 27
Step count: 53
[32894] -400, -699, 17
Step count: 53
[32915] -417, -718, 2
Step count: 53
[32935] -436, -750, -15
Step count: 53
[32956] -449, -784, -31
Step count: 53
[32977] -464, -801, -45
Step count: 53
[32998] -495, -838, -51
Step count: 53
[33018] -514, -900, -46
Step count: 53
[33039] -506, -962, -36
Step count: 53
[33060] -504, -964, -51
Step count: 53
[33081] -473, -910, -73
Step count: 53
[33101] -414, -859, -69
Step count: 53
[33122] -425, -953, 0
Step count: 53
[33143] -513, -1223, 74
Step count: 53
[33164] -581, -1361, 36
Step count: 53
[33185] -546, -1213, -82
Step count: 53
[33205] -391, -949, -110
Step count: 54
[33226] -315, -838, -83
Step count: 54
[33247] -304, -944, -63
Step count: 54
[33268] -289, -1033, -51
Step count: 54
[33289] -257, -1098, -29
Step count: 54
[33309] -160, -1136, 4
Step count: 54
[33330] -33, -1031, -57
Step count: 54
[33351] 21, -1019, -52
Step count: 54
[33372] -9, -1026, -12
Step count: 54
[33392] -106, -1011, 31
Step count: 54
[33413] -142, -998, 74
Step count: 54
[33434] -170, -956, 88
Step count: 54
[33454] -222, -905, 71
Step count: 54
[33475] -237, -857, 52
Step count: 54
[33495] -234, -837, 61
Step count: 54
[33516] -262, -844, 77
Step count: 54
[33536] -299, -877, 100
Step count: 54
[33557] -343, -928, 131
Step count: 54
[33578] -373, -962, 154
Step count: 54
[33598] -400, -965, 166
Step count: 54
[33619] -409, -952, 173
Step count: 54
[33640] -415, -927, 173
Step count: 54
[33661] -435, -888, 165
Step count: 54
[33682] -450, -839, 152
Step count: 54
[33702] -449, -798, 151
Step count: 54
[33723] -448, -817, 169
Step count: 54
[33744] -478, -825, 160
Step count: 54
[33765] -504, -788, 136
Step count: 54
[33786] -518, -778, 133
Step count: 54
[33806] -536, -778, 124
Step count: 54
[33827] -562, -754, 87
Step count: 55
[33848] -572, -869, 132
Step count: 55
[33869] -627, -1163, 240
Step count: 55
[33890] -691, -1299, 228
Step count: 55
[33910] -453, -893, -77
Step count: 55
[33931] -286, -735, -151
Step count: 55
[33952] -244, -703, -179
Step count: 55
[33973] -346, -811, -157
Step count: 55
[33993] -442, -1055, -85
Step count: 55
[34014] -390, -1298, -30
Step count: 55
[34035] -197, -1202, -61
Step count: 55
[34056] -96, -1041, -124
Step count: 55
[34076] -98, -1018, -117
Step count: 55
[34097] -160, -961, -97
Step count: 55
[34117] -249, -913, -58
Step count: 55
[34138] -303, -888, -15
Step count: 55
[34158] -315, -851, -34
Step count: 55
[34179] -326, -835, -57
Step count: 55
[34199] -338, -828, -60
Step count: 55
[34220] -343, -821, -64
Step count: 55
[34241] -363, -795, -69
Step count: 55
[34262] -350, -771, -68
Step count: 55
[34282] -336, -770, -66
Step count: 55
[34303] -354, -805, -74
Step count: 55
[34324] -363, -833, -90
Step count: 55
[34345] -372, -842, -101
Step count: 55
[34366] -389, -857, -91
Step count: 55
[34386] -415, -879, -85
Step count: 55
[34407] -448, -900, -95
Step count: 55
[34428] -477, -927, -106
Step count: 55
[34449] -502, -936, -117
Step count: 55
[34470] -516, -895, -135
Step count: 56
[34490] -457, -896, -72
Step count: 56
[34511] -541, -1182, 35
Step count: 56
[34532] -660, -1405, 12
Step count: 56
[34552] -649, -1280, -114
Step count: 56
[34573] -487, -943, -122
Step count: 56
[34593] -466, -751, -79
Step count: 56
[34614] -447, -742, -48
Step count: 56
[34634] -447, -822, -31
Step count: 56
[34655] -481, -904, -17
Step count: 56
[34675] -460, -998, 10
Step count: 56
[34696] -413, -1036, -8
Step count: 56
[34716] -355, -989, -51
Step count: 56
[34737] -323, -948, -83
Step count: 56
[34758] -318, -894, -97
Step count: 56
[34778] -298, -820, -86
Step count: 56
[34799] -305, -774, -57
Step count: 56
[34819] -287, -729, -41
Step count: 56
[34840] -267, -676, -60
Step count: 56
[34860] -272, -683, -75
Step count: 56
[34881] -307, -736, -79
Step count: 56
[34901] -285, -741, -63
Step count: 56
[34922] -273, -743, -34
Step count: 56
[34943] -286, -762, -32
Step count: 56
[34963] -303, -808, -20
Step count: 56
[34984] -340, -891, 25
Step count: 56
[35005] -376, -978, 29
Step count: 56
[35026] -408, -1022, 22
Step count: 56
[35047] -444, -1054, 14
Step count: 56
[35067] -444, -1045, -35
Step count: 56
[35088] -417, -1051, 0
Step count: 56
[35109] -437, -1370, 189
Step count: 56
[35130] -522, -1611, 189
Step count: 56
[35150] -630, -799, -205
Step count: 56
[35171] -374, -627, -94
Step count: 56
[35192] -413, -741, -59
Step count: 57
[35213] -482, -982, -61
Step count: 57
[35233] -471, -1080, -9
Step count: 57
[35254] -415, -1046, -16
Step count: 57
[35275] -351, -955, -79
Step count: 57
[35296] -303, -823, -125
Step count: 57
[35317] -393, -818, -134
Step count: 57
[35337] -395, -706, -128
Step count: 57
[35358] -376, -638, -105
Step count: 57
[35379] -403, -612, -95
Step count: 57
[35399] -375, -577, -97
Step count: 57
[35420] -377, -604, -106
Step count: 57
[35440] -409, -695, -135
Step count: 57
[35461] -432, -785, -115
Step count: 57
[35481] -467, -843, -87
Step count: 57
[35502] -523, -850, -68
Step count: 57
[35522] -556, -840, -40
Step count: 57
[35543] -558, -820, 16
Step count: 57
[35563] -548, -833, 64
Step count: 57
[35584] -586, -885, 78
Step count: 57
[35605] -643, -928, 82
Step count: 57
[35626] -628, -980, 112
Step count: 57
[35646] -562, -979, 123
Step count: 57
[35667] -507, -916, 115
Step count: 57
[35688] -513, -970, 183
Step count: 57
[35709] -562, -1347, 333
Step count: 57
[35729] -604, -1460, 262
Step count: 57
[35750] -497, -804, -96
Step count: 57
[35771] -493, -705, -19
Step count: 57
[35792] -479, -852, 77
Step count: 57
[35813] -464, -966, 96
Step count: 57
[35833] -481, -1015, 107
Step count: 58
[35854] -481, -1018, 99
Step count: 58
[35875] -419, -955, 57
Step count: 58
[35895] -369, -866, -14
Step count: 58
[35916] -343, -782, -41
Step count: 58
[35937] -293, -775, 11
Step count: 58
[35958] -276, -799, 16
Step count: 58
[35979] -261, -843, -1
Step count: 58
[35999] -210, -877, -24
Step count: 58
[36020] -165, -849, -23
Step count: 58
[36041] -182, -815, -16
Step count: 58
[36061] -189, -798, 11
Step count: 58
[36082] -197, -733, 18
Step count: 58
[36103] -227, -683, 0
Step count: 58
[36124] -267, -675, -44
Step count: 58
[36144] -331, -670, -69
Step count: 58
[36165] -445, -738, -56
Step count: 58
[36186] -507, -822, -3
Step count: 58
[36207] -509, -888, 37
Step count: 58
[36227] -541, -966, -22
Step count: 58
[36248] -524, -950, -77
Step count: 58
[36269] -453, -1064, 28
Step count: 58
[36290] -588, -1531, 269
Step count: 58
[36311] -647, -1108, 66
Step count: 58
[36331] -549, -693, -141
Step count: 58
[36352] -566, -705, -147
Step count: 58
[36373] -626, -832, -42
Step count: 58
[36394] -654, -980, 60
Step count: 58
[36414] -647, -1029, 122
Step count: 58
[36435] -559, -1058, 97
Step count: 58
[36456] -442, -1061, 37
Step count: 58
[36477] -380, -1074, 17
Step count: 58
[36497] -364, -917, 6
Step count: 58
[36518] -369, -853, 26
Step count: 59
[36539] -348, -731, -10
Step count: 59
[36560] -415, -570, -92
Step count: 59
[36581] -438, -599, -97
Step count: 59
[36601] -435, -671, -76
Step count: 59
[36622] -409, -688, -55
Step count: 59
[36643] -363, -719, -47
Step count: 59
[36664] -348, -721, -55
Step count: 59
[36684] -352, -712, -40
Step count: 59
[36705] -347, -744, -15
Step count: 59
[36726] -363, -773, 0
Step count: 59
[36747] -398, -854, 22
Step count: 59
[36767] -453, -978, 51
Step count: 59
[36788] -484, -1074, 64
Step count: 59
[36809] -492, -1058, 41
Step count: 59
[36830] -533, -1317, 221
Step count: 59
[36851] -596, -1509, 189
Step count: 59
[36871] -626, -1279, -13
Step count: 60
[36892] -570, -952, -93
Step count: 60
[36913] -473, -753, -19
Step count: 60
[36934] -393, -784, 102
Step count: 60
[36954] -408, -979, 154
Step count: 60
[36975] -457, -1096, 157
Step count: 60
[36996] -445, -1065, 118
Step count: 60
[37017] -409, -959, 62
Step count: 60
[37038] -373, -832, -6
Step count: 60
[37058] -339, -722, -32
Step count: 60
[37079] -316, -707, -32
Step count: 60
[37100] -334, -705, -19
Step count: 60
[37121] -334, -702, 6
Step count: 60
[37141] -321, -728, 22
Step count: 60
[37162] -285, -752, 21
Step count: 60
[37183] -171, -734, 29
Step count: 60
[37204] -244, -766, 27
Step count: 60
[37224] -337, -764, 20
Step count: 60
[37245] -340, -744, 15
Step count: 60
[37265] -379, -758, 24
Step count: 60
[37286] -364, -810, 62
Step count: 61
[37307] -361, -834, 64
Step count: 61
[37327] -399, -885, 59
Step count: 61
[37348] -401, -1000, 88
Step count: 61
[37369] -403, -1052, 92
Step count: 61
[37390] -390, -933, 5
Step count: 61
[37411] -418, -1258, 232
Step count: 61
[37431] -486, -1609, 342
Step count: 61
[37452] -560, -1298, 109
Step count: 61
[37473] -559, -790, -101
Step count: 61
[37494] -476, -725, -46
Step count: 61
[37514] -511, -800, -94
Step count: 61
[37535] -555, -857, -148
Step count: 61
[37556] -570, -932, -97
Step count: 61
[37577] -550, -1001, -14
Step count: 61
[37598] -416, -1125, 16
Step count: 61
[37618] -166, -1005, -30
Step count: 61
[37639] -215, -906, -55
Step count: 61
[37660] -279, -720, -58
Step count: 61
[37681] -269, -708, -42
Step count: 61
[37701] -280, -639, -57
Step count: 61
[37722] -358, -629, -95
Step count: 61
[37743] -401, -633, -113
Step count: 61
[37764] -413, -661, -108
Step count: 61
[37785] -421, -678, -78
Step count: 61
[37805] -468, -653, -81
Step count: 61
[37826] -535, -684, -13
Step count: 61
[37847] -527, -746, 77
Step count: 61
[37867] -544, -802, 112
Step count: 61
[37888] -577, -879, 104
Step count: 61
[37909] -610, -921, 72
Step count: 61
[37930] -618, -928, 48
Step count: 61
[37950] -585, -809, 95
Step count: 61
[37971] -593, -1051, 184
Step count: 61
[37992] -658, -1437, 211
Step count: 62
[38013] -710, -1537, 169
Step count: 62
[38034] -583, -1140, 96
Step count: 62
[38054] -523, -773, 100
Step count: 62
[38075] -532, -789, 129
Step count: 62
[38096] -475, -1043, 181
Step count: 62
[38117] -385, -1047, 213
Step count: 62
[38138] -457, -1021, 241
Step count: 62
[38158] -434, -1058, 242
Step count: 62
[38179] -297, -968, 118
Step count: 62
[38200] -178, -894, -88
Step count: 62
[38221] -75, -851, -88
Step count: 62
[38241] -16, -761, -36
Step count: 62
[38262] -26, -698, -27
Step count: 62
[38283] -115, -678, -64
Step count: 63
[38304] -139, -580, -148
Step count: 63
[38324] -208, -632, -141
Step count: 63
[38345] -399, -737, -126
Step count: 63
[38366] -452, -710, -109
Step count: 63
[38386] -466, -747, -57
Step count: 63
[38407] -475, -784, -20
Step count: 63
[38427] -458, -815, -14
Step count: 63
[38448] -437, -861, 4
Step count: 63
[38469] -388, -941, 56
Step count: 63
[38490] -406, -971, 42
Step count: 63
[38510] -459, -998, 35
Step count: 63
[38531] -493, -1397, 210
Step count: 63
[38552] -594, -1681, 240
Step count: 63
[38573] -629, -1335, 63
Step count: 63
[38594] -495, -779, -27
Step count: 63
[38614] -377, -567, 42
Step count: 63
[38635] -358, -710, 10
Step count: 63
[38656] -413, -910, 6
Step count: 63
[38677] -429, -993, 97
Step count: 63
[38697] -414, -1092, 213
Step count: 64
[38718] -425, -1074, 201
Step count: 64
[38739] -371, -965, 111
Step count: 64
[38760] -364, -923, -2
Step count: 64
[38781] -395, -709, -86
Step count: 64
[38801] -357, -607, -64
Step count: 64
[38822] -375, -661, -12
Step count: 64
[38843] -431, -609, -22
Step count: 64
[38864] -478, -640, -50
Step count: 64
[38885] -485, -679, -60
Step count: 64
[38905] -449, -752, -52
Step count: 64
[38926] -428, -761, -36
Step count: 64
[38947] -443, -726, -38
Step count: 64
[38968] -460, -722, -49
Step count: 64
[38988] -481, -784, -32
Step count: 64
[39009] -521, -847, 1
Step count: 64
[39030] -599, -963, 20
Step count: 64
[39051] -597, -943, 2
Step count: 64
[39071] -592, -1066, 102
Step count: 64
[39092] -654, -1470, 237
Step count: 64
[39113] -641, -1668, 240
Step count: 64
[39134] -616, -1406, 71
Step count: 64
[39155] -607, -947, -60
Step count: 64
[39175] -465, -614, -5
Step count: 64
[39196] -389, -766, 77
Step count: 64
[39217] -493, -1044, 110
Step count: 64
[39238] -493, -1108, 167
Step count: 64
[39258] -451, -999, 123
Step count: 64
[39279] -459, -991, 84
Step count: 64
[39300] -412, -918, 60
Step count: 64
[39321] -344, -825, 53
Step count: 64
[39342] -360, -794, 45
Step count: 64
[39362] -347, -743, 17
Step count: 64
[39383] -264, -714, 29
Step count: 64
[39404] -218, -716, 46
Step count: 64
[39425] -118, -711, 73
Step count: 65
[39445] -227, -712, 16
Step count: 65
[39466] -307, -771, 3
Step count: 65
[39487] -286, -757, -14
Step count: 65
[39508] -326, -719, -21
Step count: 65
[39528] -328, -794, 15
Step count: 65
[39549] -304, -840, 21
Step count: 65
[39570] -311, -950, 48
Step count: 65
[39591] -329, -990, 34
Step count: 65
[39612] -347, -927, -37
Step count: 65
[39632] -345, -978, 14
Step count: 65
[39653] -406, -1391, 187
Step count: 65
[39674] -509, -1532, 181
Step count: 65
[39695] -517, -1103, -29
Step count: 65
[39716] -431, -766, -111
Step count: 65
[39736] -397, -818, -58
Step count: 65
[39757] -424, -925, -48
Step count: 65
[39778] -461, -1026, -9
Step count: 65
[39799] -486, -1073, 92
Step count: 65
[39819] -453, -1109, 162
Step count: 65
[39840] -361, -1056, 99
Step count: 65
[39861] -341, -1015, 12
Step count: 65
[39882] -376, -759, -73
Step count: 65
[39903] -346, -709, -40
Step count: 66
[39923] -329, -616, -3
Step count: 66
[39944] -384, -561, 9
Step count: 66
[39965] -444, -610, -5
Step count: 66
[39986] -489, -682, -4
Step count: 66
[40006] -507, -746, 21
Step count: 66
[40027] -499, -750, 30
Step count: 66
[40048] -487, -723, 6
Step count: 66
[40069] -479, -753, 19
Step count: 66
[40089] -474, -821, 53
Step count: 66
[40110] -556, -992, 94
Step count: 66
[40131] -696, -963, 57
Step count: 66
[40152] -675, -1008, 81
Step count: 66
[40172] -533, -881, 91
Step count: 66
[40193] -538, -957, 163
Step count: 66
[40214] -587, -1336, 272
Step count: 66
[40235] -527, -1437, 193
Step count: 66
[40255] -601, -1099, -20
Step count: 66
[40276] -661, -788, -9
Step count: 66
[40297] -535, -840, 106
Step count: 66
[40318] -487, -1021, 143
Step count: 66
[40339] -531, -1102, 138
Step count: 66
[40359] -510, -1063, 129
Step count: 66
[40380] -474, -1061, 125
Step count: 66
[40401] -416, -1036, 110
Step count: 66
[40422] -343, -914, 56
Step count: 67
[40443] -321, -843, 57
Step count: 67
[40463] -305, -782, 81
Step count: 67
[40484] -270, -720, 79
Step count: 67
[40505] -286, -676, 66
Step count: 67
[40526] -310, -649, 44
Step count: 67
[40546] -289, -656, 12
Step count: 67
[40567] -259, -687, 17
Step count: 67
[40588] -254, -723, 42
Step count: 67
[40609] -256, -722, 26
Step count: 67
[40629] -269, -717, 5
Step count: 67
[40650] -286, -762, 23
Step count: 67
[40670] -313, -923, 67
Step count: 67
[40691] -342, -1003, 76
Step count: 67
[40712] -369, -1010, 30
Step count: 67
[40733] -367, -931, -40
Step count: 67
[40753] -344, -999, 32
Step count: 67
[40774] -377, -1444, 227
Step count: 67
[40795] -491, -1704, 249
Step count: 67
[40816] -552, -1319, 78
Step count: 67
[40837] -511, -834, -78
Step count: 67
[40857] -443, -724, -67
Step count: 67
[40878] -449, -786, -98
Step count: 67
[40899] -472, -833, -124
Step count: 67
[40920] -523, -935, -34
Step count: 68
[40940] -519, -1061, 60
Step count: 68
[40961] -452, -1096, 53
Step count: 68
[40982] -358, -1026, -20
Step count: 68
[41003] -364, -930, -16
Step count: 68
[41024] -335, -738, -21
Step count: 68
[41044] -317, -689, 13
Step count: 68
[41065] -395, -565, 9
Step count: 68
[41086] -422, -617, 24
Step count: 68
[41107] -495, -651, 15
Step count: 68
[41127] -538, -661, 30
Step count: 68
[41148] -521, -692, 57
Step count: 68
[41169] -492, -680, 63
Step count: 68
[41190] -491, -675, 91
Step count: 68
[41211] -498, -743, 148
Step count: 68
[41231] -579, -850, 209
Step count: 68
[41252] -666, -966, 238
Step count: 68
[41273] -674, -947, 195
Step count: 68
[41294] -610, -879, 144
Step count: 68
[41315] -618, -1125, 271
Step count: 68
[41335] -700, -1581, 369
Step count: 68
[41356] -649, -1554, 160
Step count: 68
[41377] -687, -1212, -64
Step count: 68
[41398] -654, -850, -44
Step count: 68
[41419] -511, -765, 30
Step count: 68
[41439] -507, -959, 46
Step count: 68
[41460] -493, -1165, 125
Step count: 68
[41481] -478, -1119, 67
Step count: 68
[41502] -469, -1104, 35
Step count: 68
[41522] -335, -1078, 65
Step count: 68
[41543] -313, -926, -11
Step count: 68
[41564] -221, -837, -4
Step count: 68
[41585] -129, -794, 154
Step count: 68
[41606] -303, -660, 32
Step count: 68
[41626] -346, -731, 100
Step count: 68
[41647] -136, -691, 68
Step count: 68
[41668] -268, -581, -31
Step count: 68
[41689] -334, -708, -91
Step count: 68
[41710] -225, -723, -48
Step count: 68
[41730] -184, -722, 86
Step count: 68
[41751] -201, -747, 63
Step count: 68
[41772] -257, -760, 13
Step count: 69
[41792] -282, -848, 2
Step count: 69
[41813] -281, -946, 19
Step count: 69
[41834] -313, -1002, 6
Step count: 69
[41855] -353, -1030, 5
Step count: 69
[41875] -386, -1312, 121
Step count: 69
[41896] -503, -1652, 152
Step count: 69
[41917] -586, -1405, 34
Step count: 69
[41938] -508, -1019, -94
Step count: 69
[41959] -436, -845, -98
Step count: 69
[41979] -420, -843, -58
Step count: 69
[42000] -472, -986, -76
Step count: 69
[42021] -536, -1045, -72
Step count: 69
[42042] -555, -1072, 5
Step count: 69
[42063] -551, -1069, 22
Step count: 69
[42083] -420, -1060, 0
Step count: 69
[42104] -352, -932, -54
Step count: 69
[42125] -360, -831, -52
Step count: 70
[42146] -344, -735, -39
Step count: 70
[42167] -345, -629, -52
Step count: 70
[42187] -380, -610, -48
Step count: 70
[42208] -416, -670, -12
Step count: 70
[42229] -451, -712, 8
Step count: 70
[42250] -476, -698, -18
Step count: 70
[42270] -411, -740, -6
Step count: 70
[42291] -393, -743, -14
Step count: 70
[42312] -402, -748, -17
Step count: 70
[42333] -504, -773, -5
Step count: 70
[42353] -574, -882, 60
Step count: 70
[42374] -603, -954, 60
Step count: 70
[42395] -641, -957, 16
Step count: 70
[42416] -603, -875, -18
Step count: 70
[42437] -491, -867, 27
Step count: 70
[42457] -560, -1210, 175
Step count: 70
[42478] -677, -1435, 160
Step count: 70
[42499] -626, -1290, -40
Step count: 70
[42520] -584, -934, -166
Step count: 70
[42540] -578, -769, -69
Step count: 71
[42561] -563, -957, 5
Step count: 71
[42582] -554, -1084, 2
Step count: 71
[42603] -555, -1120, 6
Step count: 71
[42624] -527, -1153, 16
Step count: 71
[42644] -429, -1055, -14
Step count: 71
[42665] -343, -964, -31
Step count: 71
[42686] -339, -915, -35
Step count: 71
[42707] -302, -854, -41
Step count: 71
[42727] -263, -790, -30
Step count: 71
[42748] -227, -736, 0
Step count: 71
[42769] -194, -705, 5
Step count: 71
[42790] -197, -675, -16
Step count: 71
[42810] -209, -687, -33
Step count: 71
[42831] -251, -701, -20
Step count: 71
[42852] -277, -723, -18
Step count: 71
[42873] -277, -758, -43
Step count: 71
[42893] -278, -800, -49
Step count: 71
[42914] -282, -850, -25
Step count: 71
[42935] -284, -905, -14
Step count: 71
[42956] -296, -962, -9
Step count: 71
[42976] -281, -1024, 72
Step count: 71
[42997] -327, -1388, 153
Step count: 71
[43018] -501, -1524, -65
Step count: 71
[43039] -513, -1322, -131
Step count: 71
[43060] -425, -973, -134
Step count: 71
[43080] -400, -787, -161
Step count: 71
[43101] -423, -722, -227
Step count: 71
[43122] -431, -765, -211
Step count: 72
[43143] -512, -969, -117
Step count: 72
[43163] -622, -1118, -80
Step count: 72
[43184] -649, -1128, -91
Step count: 72
[43205] -446, -1104, -76
Step count: 72
[43226] -275, -1016, -83
Step count: 72
[43246] -316, -1002, -91
Step count: 72
[43267] -427, -886, -102
Step count: 72
[43288] -346, -813, -106
Step count: 72
[43309] -377, -743, -122
Step count: 72
[43330] -404, -691, -127
Step count: 72
[43350] -365, -696, -44
Step count: 72
[43371] -357, -686, -15
Step count: 72
[43392] -381, -698, -14
Step count: 72
[43412] -401, -692, -40
Step count: 72
[43433] -401, -667, -52
Step count: 72
[43454] -409, -652, -41
Step count: 72
[43475] -439, -674, -23
Step count: 72
[43495] -468, -726, 0
Step count: 73
[43516] -487, -841, 33
Step count: 73
[43537] -509, -949, 41
Step count: 73
[43558] -539, -982, 28
Step count: 73
[43579] -539, -961, 13
Step count: 73
[43599] -512, -882, -24
Step count: 73
[43620] -478, -840, -13
Step count: 73
[43641] -552, -1072, 125
Step count: 73
[43662] -682, -1484, 227
Step count: 73
[43682] -656, -1565, 111
Step count: 73
[43703] -492, -1375, -79
Step count: 73
[43724] -292, -1061, -171
Step count: 73
[43745] -189, -923, -124
Step count: 73
[43766] -192, -934, -119
Step count: 73
[43786] -286, -983, -148
Step count: 73
[43807] -330, -1053, -152
Step count: 73
[43828] -273, -1071, -217
Step count: 73
[43849] -166, -1041, -290
Step count: 73
[43869] -69, -975, -296
Step count: 73
[43890] 10, -924, -203
Step count: 73
[43911] -10, -993, -103
Step count: 73
[43932] -22, -1056, -32
Step count: 73
[43952] -61, -1041, -17
Step count: 73
[43973] -110, -1008, 21
Step count: 73
[43994] -165, -974, 70
Step count: 73
[44014] -243, -934, 70
Step count: 74
[44035] -289, -892, 82
Step count: 74
[44056] -296, -875, 84
Step count: 74
[44077] -283, -849, 86
Step count: 74
[44097] -285, -865, 98
Step count: 74
[44118] -372, -840, 73
Step count: 74
[44139] -396, -770, 83
Step count: 74
[44160] -359, -858, 121
Step count: 74
[44181] -379, -895, 153
Step count: 74
[44201] -410, -893, 138
Step count: 74
[44222] -440, -902, 129
Step count: 74
[44243] -420, -851, 99
Step count: 74
[44264] -401, -789, 52
Step count: 74
[44284] -416, -776, 18
Step count: 74
[44305] -456, -950, 76
Step count: 74
[44326] -523, -1280, 146
Step count: 74
[44347] -544, -1322, 72
Step count: 74
[44368] -456, -1018, -106
Step count: 74
[44388] -334, -728, -177
Step count: 74
[44409] -332, -602, -208
Step count: 74
[44430] -501, -891, -212
Step count: 74
[44451] -527, -1137, -192
Step count: 74
[44471] -405, -1184, -138
Step count: 74
[44492] -193, -1103, -51
Step count: 74
[44513] -131, -985, -43
Step count: 74
[44533] -267, -886, -58
Step count: 74
[44554] -340, -827, -71
Step count: 74
[44575] -377, -797, -80
Step count: 74
[44595] -424, -800, -85
Step count: 74
[44616] -390, -772, -82
Step count: 74
[44636] -405, -778, -75
Step count: 74
[44657] -396, -784, -69
Step count: 74
[44678] -365, -783, -72
Step count: 75
[44699] -371, -788, -82
Step count: 75
[44720] -365, -800, -98
Step count: 75
[44740] -358, -807, -99
Step count: 75
[44761] -359, -824, -91
Step count: 75
[44782] -379, -828, -83
Step count: 75
[44803] -419, -835, -87
Step count: 75
[44823] -443, -829, -94
Step count: 75
[44844] -463, -873, -84
Step count: 75
[44865] -488, -920, -84
Step count: 75
[44886] -496, -925, -73
Step count: 75
[44906] -484, -903, -51
Step count: 75
[44927] -489, -971, 25
Step count: 75
[44948] -556, -1201, 109
Step count: 75
[44969] -647, -1363, 120
Step count: 75
[44990] -653, -1406, 70
Step count: 75
[45010] -451, -743, -141
Step count: 75
[45031] -392, -618, -128
Step count: 75
[45052] -444, -658, -138
Step count: 75
[45072] -505, -756, -141
Step count: 75
[45093] -510, -879, -101
Step count: 75
[45113] -494, -1024, -90
Step count: 75
[45134] -440, -1081, -119
Step count: 75
[45154] -361, -1058, -119
Step count: 75
[45175] -254, -993, -95
Step count: 75
[45195] -289, -942, -83
Step count: 75
[45216] -380, -866, -96
Step count: 75
[45236] -346, -838, -138
Step count: 75
[45257] -290, -871, -105
Step count: 75
[45278] -224, -839, -55
Step count: 75
[45298] -197, -781, -63
Step count: 75
[45319] -280, -773, -76
Step count: 75
[45339] -296, -729, -86
Step count: 75
[45360] -284, -733, -87
Step count: 75
[45380] -281, -731, -57
Step count: 75
[45401] -260, -736, -43
Step count: 75
[45422] -287, -788, -24
Step count: 75
[45442] -339, -869, 4
Step count: 75
[45463] -375, -979, 40
Step count: 75
[45484] -410, -1093, 72
Step count: 75
[45505] -417, -1134, 58
Step count: 75
[45525] -391, -1126, 32
Step count: 75
[45546] -416, -1241, 117
Step count: 75
[45567] -493, -1524, 208
Step count: 75
[45588] -568, -1448, 125
Step count: 75
[45608] -534, -1064, -8
Step count: 75
[45629] -470, -767, -67
Step count: 75
[45650] -494, -579, -87
Step count: 76
[45671] -553, -845, -11
Step count: 76
[45691] -558, -1064, 63
Step count: 76
[45712] -533, -1075, 46
Step count: 76
[45733] -380, -936, -7
Step count: 76
[45754] -294, -901, -26
Step count: 76
[45775] -335, -833, -26
Step count: 76
[45795] -337, -802, -54
Step count: 76
[45816] -372, -777, -78
Step count: 76
[45836] -362, -770, -72
Step count: 76
[45857] -379, -699, -118
Step count: 76
[45877] -354, -698, -95
Step count: 76
[45898] -297, -720, -61
Step count: 76
[45919] -296, -750, -55
Step count: 76
[45939] -355, -783, -68
Step count: 76
[45960] -396, -774, -92
Step count: 76
[45980] -395, -774, -100
Step count: 76
[46001] -385, -762, -103
Step count: 76
[46021] -371, -760, -109
Step count: 76
[46042] -387, -793, -90
Step count: 76
[46063] -432, -855, -69
Step count: 76
[46084] -513, -930, -72
Step count: 76
[46104] -571, -987, -72
Step count: 76
[46125] -567, -994, -80
Step count: 76
[46146] -522, -917, -56
Step count: 76
[46167] -527, -1017, 83
Step count: 76
[46187] -661, -1351, 159
Step count: 76
[46208] -711, -1410, 50
Step count: 76
[46229] -563, -1108, -106
Step count: 76
[46250] -524, -859, -2
Step count: 76
[46270] -569, -897, -43
Step count: 77
[46291] -557, -951, -69
Step count: 77
[46312] -544, -1029, -76
Step count: 77
[46333] -493, -1033, -100
Step count: 77
[46354] -435, -973, -130
Step count: 77
[46374] -359, -880, -155
Step count: 77
[46395] -295, -784, -156
Step count: 77
[46416] -263, -724, -161
Step count: 77
[46437] -267, -663, -173
Step count: 77
[46457] -306, -652, -158
Step count: 77
[46478] -323, -659, -138
Step count: 77
[46498] -315, -700, -133
Step count: 77
[46519] -325, -755, -123
Step count: 77
[46540] -320, -759, -111
Step count: 77
[46560] -337, -763, -93
Step count: 77
[46581] -329, -793, -70
Step count: 77
[46602] -301, -843, -67
Step count: 77
[46623] -298, -924, -85
Step count: 77
[46643] -292, -1032, -85
Step count: 77
[46664] -323, -1120, -76
Step count: 77
[46685] -343, -1114, -73
Step count: 77
[46706] -298, -1188, -16
Step count: 77
[46726] -441, -1387, 34
Step count: 77
[46747] -468, -1370, -41
Step count: 77
[46768] -463, -1029, -109
Step count: 77
[46789] -364, -636, -165
Step count: 77
[46809] -390, -506, -148
Step count: 77
[46830] -580, -917, -208
Step count: 77
[46851] -590, -1046, -197
Step count: 77
[46872] -471, -1042, -149
Step count: 77
[46893] -384, -960, -140
Step count: 77
[46913] -344, -890, -178
Step count: 77
[46934] -293, -794, -174
Step count: 77
[46955] -282, -729, -158
Step count: 77
[46976] -410, -752, -143
Step count: 77
[46996] -336, -627, -130
Step count: 77
[47017] -392, -686, -136
Step count: 77
[47038] -440, -700, -119
Step count: 77
[47058] -456, -729, -104
Step count: 77
[47079] -484, -741, -108
Step count: 77
[47100] -476, -724, -113
Step count: 77
[47120] -467, -713, -116
Step count: 77
[47141] -490, -706, -115
Step count: 77
[47161] -559, -727, -113
Step count: 77
[47182] -609, -779, -102
Step count: 77
[47203] -630, -849, -74
Step count: 77
[47223] -652, -932, -66
Step count: 77
[47244] -671, -927, -74
Step count: 78
[47265] -648, -850, -109
Step count: 78
[47286] -584, -769, -108
Step count: 78
[47306] -645, -1009, -16
Step count: 78
[47327] -822, -1426, 6
Step count: 78
[47348] -770, -1369, -142
Step count: 78
[47369] -596, -999, -195
Step count: 78
[47390] -581, -803, -156
Step count: 78
[47410] -677, -1010, -97
Step count: 78
[47431] -630, -1093, -60
Step count: 78
[47452] -559, -1092, -39
Step count: 78
[47473] -488, -1059, -24
Step count: 78
[47493] -403, -956, -29
Step count: 78
[47514] -341, -826, -55
Step count: 78
[47535] -313, -739, -57
Step count: 78
[47556] -311, -721, -67
Step count: 78
[47576] -233, -807, 33
Step count: 79
[47597] -243, -764, -101
Step count: 79
[47618] -231, -739, -143
Step count: 79
[47639] -221, -765, -70
Step count: 79
[47659] -278, -709, -63
Step count: 79
[47680] -293, -663, -102
Step count: 79
[47701] -289, -639, -119
Step count: 79
[47721] -292, -675, -121
Step count: 79
[47742] -310, -764, -126
Step count: 79
[47763] -341, -875, -139
Step count: 79
[47784] -374, -984, -137
Step count: 79
[47804] -382, -1031, -133
Step count: 79
[47825] -364, -990, -142
Step count: 79
[47846] -347, -998, -128
Step count: 79
[47867] -410, -1303, -57
Step count: 79
[47888] -507, -1477, -78
Step count: 79
[47908] -537, -1265, -170
Step count: 79
[47929] -444, -847, -196
Step count: 79
[47950] -500, -830, -199
Step count: 80
[47971] -622, -954, -270
Step count: 80
[47991] -606, -979, -220
Step count: 80
[48012] -526, -971, -159
Step count: 80
[48033] -407, -981, -157
Step count: 80
[48054] -286, -847, -170
Step count: 80
[48075] -441, -879, -169
Step count: 80
[48095] -450, -686, -126
Step count: 80
[48116] -422, -640, -121
Step count: 80
[48137] -477, -616, -107
Step count: 80
[48158] -441, -688, -55
Step count: 80
[48178] -513, -719, -113
Step count: 80
[48199] -502, -704, -142
Step count: 80
[48220] -463, -729, -142
Step count: 80
[48240] -461, -702, -113
Step count: 80
[48261] -506, -669, -105
Step count: 80
[48281] -503, -666, -147
Step count: 80
[48302] -509, -711, -155
Step count: 80
[48323] -556, -804, -126
Step count: 80
[48344] -615, -912, -114
Step count: 80
[48364] -643, -896, -118
Step count: 80
[48385] -615, -872, -125
Step count: 80
[48406] -673, -1139, -79
Step count: 81
[48427] -831, -1605, -55
Step count: 81
[48447] -776, -1477, -186
Step count: 81
[48468] -583, -1027, -232
Step count: 81
[48489] -476, -680, -195
Step count: 81
[48510] -625, -850, -182
Step count: 81
[48531] -603, -990, -115
Step count: 81
[48551] -578, -1128, -87
Step count: 81
[48572] -526, -1160, -87
Step count: 81
[48593] -443, -1083, -106
Step count: 81
[48614] -360, -958, -104
Step count: 81
[48635] -312, -833, -83
Step count: 81
[48655] -279, -783, 3
Step count: 81
[48676] -291, -791, 7
Step count: 81
[48697] -282, -685, -212
Step count: 81
[48718] -214, -747, -190
Step count: 81
[48738] -270, -747, -94
Step count: 81
[48759] -288, -718, -105
Step count: 81
[48780] -313, -697, -130
Step count: 81
[48801] -280, -687, -140
Step count: 81
[48821] -264, -677, -122
Step count: 81
[48842] -285, -712, -79
Step count: 81
[48863] -325, -780, -66
Step count: 81
[48884] -364, -890, -95
Step count: 81
[48904] -357, -982, -139
Step count: 81
[48925] -349, -974, -180
Step count: 81
[48946] -342, -949, -170
Step count: 81
[48967] -364, -1122, -86
Step count: 81
[48988] -432, -1345, -77
Step count: 81
[49008] -483, -1303, -147
Step count: 81
[49029] -481, -1070, -188
Step count: 81
[49050] -520, -864, -208
Step count: 81
[49071] -623, -954, -242
Step count: 81
[49091] -644, -948, -219
Step count: 81
[49112] -583, -917, -185
Step count: 81
[49133] -553, -909, -173
Step count: 82
[49154] -481, -857, -173
Step count: 82
[49175] -555, -890, -178
Step count: 82
[49195] -491, -773, -156
Step count: 82
[49216] -444, -726, -139
Step count: 82
[49237] -441, -683, -129
Step count: 82
[49258] -449, -671, -141
Step count: 82
[49278] -460, -671, -152
Step count: 82
[49299] -449, -671, -157
Step count: 82
[49320] -468, -673, -157
Step count: 82
[49341] -484, -675, -172
Step count: 82
[49361] -494, -668, -172
Step count: 82
[49382] -521, -657, -158
Step count: 82
[49402] -546, -685, -152
Step count: 82
[49423] -575, -757, -156
Step count: 82
[49444] -618, -826, -138
Step count: 82
[49464] -651, -873, -134
Step count: 82
[49485] -664, -858, -145
Step count: 82
[49506] -646, -785, -142
Step count: 82
[49527] -706, -931, -82
Step count: 82
[49547] -788, -1221, -54
Step count: 82
[49568] -779, -1314, -116
Step count: 82
[49589] -703, -1137, -181
Step count: 83
[49610] -608, -793, -166
Step count: 83
[49631] -637, -890, -154
Step count: 83
[49651] -611, -907, -113
Step count: 83
[49672] -588, -960, -54
Step count: 83
[49693] -565, -1014, -26
Step count: 83
[49714] -533, -1010, -36
Step count: 83
[49735] -495, -938, -61
Step count: 83
[49755] -460, -855, -79
Step count: 83
[49776] -374, -780, -54
Step count: 83
[49797] -352, -720, -18
Step count: 83
[49818] -342, -734, 3
Step count: 83
[49839] -364, -755, 11
Step count: 83
[49859] -376, -751, -23
Step count: 83
[49880] -343, -768, -37
Step count: 83
[49901] -272, -729, -46
Step count: 83
[49922] -272, -689, -66
Step count: 83
[49942] -297, -705, -72
Step count: 83
[49963] -302, -754, -65
Step count: 84
[49983] -327, -831, -53
Step count: 84
[50004] -345, -908, -64
Step count: 84
[50025] -326, -933, -108
Step count: 84
[50046] -327, -871, -135
Step count: 84
[50066] -351, -1006, -34
Step count: 84
[50087] -429, -1363, 34
Step count: 84
[50108] -517, -1432, -73
Step count: 84
[50129] -504, -1133, -195
Step count: 84
[50150] -430, -746, -213
Step count: 84
[50170] -471, -886, -143
Step count: 84
[50191] -541, -1054, -147
Step count: 84
[50212] -581, -1052, -87
Step count: 84
[50233] -580, -1030, -53
Step count: 84
[50254] -521, -1013, -81
Step count: 84
[50274] -410, -849, -121
Step count: 84
[50295] -483, -820, -121
Step count: 84
[50316] -427, -646, -65
Step count: 84
[50337] -381, -658, -26
Step count: 84
[50357] -446, -607, 17
Step count: 85
[50378] -509, -647, 97
Step count: 85
[50399] -669, -667, 180
Step count: 85
[50420] -810, -660, 200
Step count: 85
[50440] -933, -654, 129
Step count: 85
[50461] -967, -617, 69
Step count: 85
[50481] -815, -476, -57
Step count: 85
[50502] -640, -671, 41
Step count: 85
[50522] -703, -741, 35
Step count: 85
[50543] -762, -849, 6
Step count: 85
[50564] -804, -935, -9
Step count: 85
[50584] -775, -895, -44
Step count: 85
[50605] -671, -801, -68
Step count: 85
[50625] -653, -792, 9
Step count: 85
[50646] -761, -1187, 204
Step count: 85
[50667] -797, -1474, 209
Step count: 85
[50688] -744, -1247, 11
Step count: 85
[50709] -649, -904, -77
Step count: 85
[50729] -538, -820, 27
Step count: 85
[50750] -614, -1056, 73
Step count: 85
[50771] -588, -1090, 87
Step count: 85
[50792] -510, -1095, 75
Step count: 85
[50812] -454, -947, 10
Step count: 85
[50833] -403, -822, -26
Step count: 85
[50854] -329, -725, -65
Step count: 86
[50875] -266, -688, -59
Step count: 86
[50896] -241, -661, 16
Step count: 86
[50916] -236, -637, 49
Step count: 86
[50937] -244, -704, 48
Step count: 86
[50958] -262, -721, 78
Step count: 86
[50979] -336, -561, -151
Step count: 86
[51000] -326, -724, -71
Step count: 86
[51020] -357, -693, -4
Step count: 86
[51041] -387, -715, -14
Step count: 86
[51062] -429, -759, -35
Step count: 86
[51082] -414, -851, -41
Step count: 86
[51103] -390, -957, -49
Step count: 86
[51123] -405, -1004, -57
Step count: 86
[51144] -417, -1015, -80
Step count: 86
[51165] -428, -993, -86
Step count: 86
[51186] -452, -1137, -8
Step count: 86
[51206] -504, -1305, -4
Step count: 86
[51227] -526, -1191, -108
Step count: 86
[51248] -441, -917, -161
Step count: 86
[51269] -417, -760, -148
Step count: 86
[51290] -459, -768, -92
Step count: 86
[51310] -622, -963, -119
Step count: 86
[51331] -607, -973, -156
Step count: 86
[51352] -521, -997, -155
Step count: 86
[51373] -368, -889, -163
Step count: 86
[51394] -395, -938, -171
Step count: 86
[51414] -406, -834, -144
Step count: 86
[51435] -328, -721, -140
Step count: 87
[51456] -359, -698, -124
Step count: 87
[51477] -375, -681, -95
Step count: 87
[51498] -406, -714, -67
Step count: 87
[51518] -452, -717, -52
Step count: 87
[51539] -480, -723, -41
Step count: 87
[51560] -493, -708, -45
Step count: 87
[51581] -505, -688, -38
Step count: 87
[51601] -544, -721, -26
Step count: 87
[51622] -580, -788, -19
Step count: 87
[51643] -615, -844, 2
Step count: 87
[51664] -645, -917, 23
Step count: 87
[51685] -703, -901, 3
Step count: 87
[51705] -713, -872, -3
Step count: 87
[51726] -665, -977, 93
Step count: 87
[51747] -680, -1391, 290
Step count: 87
[51768] -712, -1592, 230
Step count: 88
[51789] -645, -1343, 4
Step count: 88
[51809] -578, -921, -130
Step count: 88
[51830] -600, -843, 0
Step count: 88
[51851] -606, -1021, 74
Step count: 88
[51872] -564, -955, 50
Step count: 88
[51892] -536, -894, 16
Step count: 88
[51913] -494, -889, 30
Step count: 88
[51934] -427, -839, 9
Step count: 88
[51955] -392, -852, 40
Step count: 88
[51976] -315, -807, 58
Step count: 88
[51996] -259, -776, 89
Step count: 88
[52017] -257, -775, 137
Step count: 88
[52038] -256, -760, 121
Step count: 88
[52059] -278, -735, 33
Step count: 88
[52079] -307, -745, 26
Step count: 88
[52100] -325, -767, 55
Step count: 88
[52121] -330, -774, 33
Step count: 88
[52142] -326, -791, 20
Step count: 88
[52162] -322, -811, 19
Step count: 88
[52183] -312, -840, 21
Step count: 88
[52204] -323, -861, 19
Step count: 88
[52224] -331, -898, 5
Step count: 88
[52245] -337, -921, -28
Step count: 88
[52266] -344, -925, -81
Step count: 89
[52287] -329, -930, -104
Step count: 89
[52308] -346, -1157, 26
Step count: 89
[52328] -462, -1541, 105
Step count: 89
[52349] -530, -1435, -31
Step count: 89
[52370] -352, -731, -191
Step count: 89
[52391] -357, -707, -109
Step count: 89
[52411] -429, -896, -82
Step count: 89
[52432] -545, -1037, -112
Step count: 89
[52453] -609, -1012, -149
Step count: 89
[52474] -527, -1009, -100
Step count: 89
[52495] -367, -934, -116
Step count: 89
[52515] -288, -864, -175
Step count: 89
[52536] -517, -861, -140
Step count: 89
[52557] -376, -745, -53
Step count: 89
[52578] -375, -743, -27
Step count: 90
[52599] -427, -674, -65
Step count: 90
[52619] -436, -693, -51
Step count: 90
[52640] -450, -732, -45
Step count: 90
[52661] -476, -724, -62
Step count: 90
[52681] -491, -719, -57
Step count: 90
[52702] -501, -742, -48
Step count: 90
[52723] -521, -756, -67
Step count: 90
[52743] -512, -714, -74
Step count: 90
[52764] -522, -752, -27
Step count: 90
[52785] -525, -851, 10
Step count: 90
[52806] -572, -945, 12
Step count: 90
[52826] -611, -1009, 15
Step count: 90
[52847] -607, -986, -4
Step count: 90
[52868] -569, -972, 3
Step count: 90
[52889] -601, -1175, 116
Step count: 90
[52910] -670, -1446, 144
Step count: 90
[52930] -554, -989, -209
Step count: 90
[52951] -431, -657, -114
Step count: 90
[52972] -454, -685, -10
Step count: 90
[52993] -520, -825, -69
Step count: 90
[53013] -556, -878, -68
Step count: 90
[53034] -513, -950, -37
Step count: 91
[53055] -442, -992, -24
Step count: 91
[53076] -442, -991, -29
Step count: 91
[53097] -395, -950, -56
Step count: 91
[53117] -297, -894, -55
Step count: 91
[53138] -251, -833, -18
Step count: 91
[53159] -190, -761, 11
Step count: 91
[53180] -181, -708, 14
Step count: 91
[53200] -235, -668, 13
Step count: 91
[53221] -305, -658, 11
Step count: 91
[53241] -378, -782, 23
Step count: 91
[53262] -449, -696, -85
Step count: 91
[53283] -329, -760, -73
Step count: 91
[53303] -302, -759, -6
Step count: 91
[53324] -333, -749, 10
Step count: 91
[53344] -359, -769, -9
Step count: 91
[53365] -375, -837, -27
Step count: 91
[53385] -356, -909, -63
Step count: 91
[53406] -349, -910, -85
Step count: 91
[53427] -384, -978, 6
Step count: 91
[53448] -479, -1369, 191
Step count: 91
[53468] -621, -1726, 99
Step count: 91
[53489] -696, -1528, -108
Step count: 91
[53510] -416, -670, -278
Step count: 91
[53531] -367, -635, -209
Step count: 91
[53552] -465, -738, -168
Step count: 91
[53572] -561, -881, -46
Step count: 91
[53593] -537, -985, 97
Step count: 91
[53614] -333, -1112, 154
Step count: 91
[53635] -164, -1155, 155
Step count: 91
[53656] -182, -1114, 138
Step count: 92
[53676] -249, -678, 33
Step count: 92
[53697] -282, -789, 72
Step count: 92
[53718] -301, -764, 53
Step count: 92
[53739] -380, -729, 7
Step count: 92
[53760] -446, -761, 0
Step count: 92
[53780] -472, -776, -11
Step count: 92
[53801] -467, -829, 0
Step count: 92
[53822] -432, -778, -27
Step count: 92
[53842] -401, -739, -72
Step count: 92
[53863] -373, -752, -87
Step count: 92
[53883] -359, -754, -73
Step count: 92
[53904] -382, -779, -46
Step count: 92
[53925] -432, -821, -35
Step count: 92
[53946] -466, -850, -36
Step count: 92
[53966] -476, -904, -20
Step count: 92
[53987] -469, -929, -23
Step count: 92
[54008] -456, -903, -36
Step count: 92
[54029] -466, -955, 33
Step count: 92
[54050] -512, -1265, 162
Step count: 92
[54070] -639, -1355, -104
Step count: 92
[54091] -644, -1084, -144
Step count: 92
[54112] -531, -755, 27
Step count: 92
[54133] -330, -718, 107
Step count: 92
[54153] -331, -888, 180
Step count: 92
[54174] -427, -1028, 371
Step count: 92
[54195] -358, -1089, 450
Step count: 92
[54216] -334, -1081, 458
Step count: 92
[54237] -345, -1008, 415
Step count: 93
[54257] -360, -1006, 364
Step count: 93
[54278] -378, -1011, 370
Step count: 93
[54299] -449, -944, 370
Step count: 93
[54320] -509, -942, 352
Step count: 93
[54340] -447, -935, 321
Step count: 93
[54361] -421, -839, 288
Step count: 93
[54382] -437, -763, 271
Step count: 93
[54403] -431, -676, 265
Step count: 93
[54424] -450, -606, 272
Step count: 93
[54444] -530, -538, 253
Step count: 93
[54465] -586, -470, 182
Step count: 93
[54485] -569, -429, 152
Step count: 93
[54506] -533, -402, 148
Step count: 93
[54527] -568, -391, 155
Step count: 93
[54547] -704, -404, 177
Step count: 93
[54568] -801, -419, 221
Step count: 93
[54589] -885, -446, 276
Step count: 93
[54610] -965, -456, 373
Step count: 93
[54631] -956, -467, 325
Step count: 93
[54651] -875, -449, 261
Step count: 93
[54672] -969, -475, 388
Step count: 93
[54693] -1442, -654, 580
Step count: 93
[54714] -1689, -979, 478
Step count: 93
[54735] -1364, -601, 275
Step count: 93
[54755] -1032, -266, 146
Step count: 93
[54776] -982, -71, 213
Step count: 93
[54797] -1136, -28, 228
Step count: 93
[54818] -1080, -212, 102
Step count: 93
[54838] -853, -529, 45
Step count: 93
[54859] -887, -398, 116
Step count: 93
[54880] -1032, -228, 148
Step count: 93
[54901] -1044, -190, 172
Step count: 93
[54922] -944, -187, 160
Step count: 93
[54942] -915, -55, 120
Step count: 93
[54963] -816, 66, 37
Step count: 93
[54984] -640, 180, -20
Step count: 93
[55005] -640, 300, -67
Step count: 93
[55025] -770, 300, -126
Step count: 93
[55046] -773, 249, -214
Step count: 93
[55066] -646, 288, -293
Step count: 93
[55087] -460, 364, -346
Step count: 93
[55107] -399, 340, -430
Step count: 93
[55128] -430, 262, -465
Step count: 93
[55149] -425, 255, -485
Step count: 93
[55169] -343, 303, -586
Step count: 93
[55190] -346, 268, -789
Step count: 93
[55211] -218, 285, -684
Step count: 93
[55232] -213, 275, -718
Step count: 93
[55253] -330, 203, -1005
Step count: 93
[55273] -532, 200, -1178
Step count: 93
[55294] -376, 92, -993
Step count: 94
[55315] -154, -95, -769
Step count: 94
[55336] -199, -42, -803
Step count: 94
[55357] -356, 105, -1032
Step count: 94
[55377] -285, 44, -1024
Step count: 94
[55398] -339, 10, -868
Step count: 94
[55419] -359, -62, -931
Step count: 94
[55440] -216, 186, -989
Step count: 94
[55461] -243, 245, -1043
Step count: 94
[55481] -294, 269, -1046
Step count: 94
[55502] -232, 273, -1012
Step count: 94
[55523] -171, 188, -934
Step count: 94
[55544] -156, 177, -854
Step count: 94
[55565] -207, 175, -842
Step count: 94
[55585] -249, 159, -921
Step count: 94
[55606] -167, 178, -1004
Step count: 94
[55627] -197, 164, -1043
Step count: 94
[55648] -145, 212, -1060
Step count: 94
[55668] -109, 235, -1018
Step count: 94
[55689] -52, 189, -959
Step count: 94
[55710] -125, 87, -869
Step count: 94
[55731] -140, 154, -867
Step count: 94
[55751] -215, 161, -928
Step count: 94
[55772] -140, 188, -916
Step count: 94
[55793] -45, 267, -854
Step count: 94
[55814] 14, 261, -941
Step count: 94
