[203362] -453, 372, 807
Step count: 137
[203384] -421, 357, 839
Step count: 137
[203405] -369, 367, 850
Step count: 137
[203427] -352, 366, 839
Step count: 137
[203448] -386, 357, 814
Step count: 137
[203469] -394, 345, 833
Step count: 137
[203491] -383, 335, 841
Step count: 137
[203511] -396, 367, 813
Step count: 137
[203533] -398, 364, 855
Step count: 137
[203555] -457, 410, 834
Step count: 137
[203576] -477, 412, 793
Step count: 137
[203597] -479, 417, 764
Step count: 137
[203618] -503, 488, 826
Step count: 137
[203639] -635, 544, 864
Step count: 137
[203661] -623, 427, 635
Step count: 137
[203682] -768, 351, 598
Step count: 137
[203703] -899, 423, 767
Step count: 137
[203724] -804, 332, 848
Step count: 137
[203745] -686, 356, 702
Step count: 137
[203767] -620, 424, 552
Step count: 137
[203788] -518, 229, 568
Step count: 137
[203809] -477, 118, 701
Step count: 137
[203830] -510, 243, 534
Step count: 137
[203852] -471, 515, 333
Step count: 137
[203874] -591, 317, 370
Step count: 137
[203895] -746, 319, 171
Step count: 137
[203916] -844, 312, 130
Step count: 137
[203937] -823, 339, 254
Step count: 137
[203959] -806, 443, 336
Step count: 137
[203980] -857, 460, 397
Step count: 137
[204001] -842, 430, 334
Step count: 137
[204023] -873, 440, 234
Step count: 137
[204044] -958, 441, 158
Step count: 137
[204065] -934, 443, 151
Step count: 137
[204087] -866, 433, 193
Step count: 137
[204108] -840, 351, 188
Step count: 137
[204130] -869, 318, 141
Step count: 138
[204151] -896, 296, 47
Step count: 138
[204172] -807, 250, -17
Step count: 138
[204194] -698, 104, -91
Step count: 138
[204215] -839, -41, -36
Step count: 138
[204236] -1078, -207, 43
Step count: 138
[204257] -1112, -362, 111
Step count: 138
[204279] -940, -479, 58
Step count: 138
[204300] -821, -524, -57
Step count: 138
[204321] -758, -516, -139
Step count: 138
[204342] -737, -621, -127
Step count: 138
[204363] -869, -786, -74
Step count: 138
[204385] -1033, -884, 61
Step count: 138
[204406] -1099, -964, 151
Step count: 138
[204427] -1105, -992, 108
Step count: 138
[204448] -1018, -843, 37
Step count: 138
[204469] -924, -578, -41
Step count: 138
[204491] -859, -491, -59
Step count: 138
[204511] -826, -498, -41
Step count: 138
[204533] -704, -567, -40
Step count: 138
[204555] -715, -610, -44
Step count: 138
[204576] -652, -582, -61
Step count: 138
[204597] -600, -562, -47
Step count: 138
[204618] -702, -405, -2
Step count: 138
[204639] -652, -689, 61
Step count: 138
[204661] -457, -970, 77
Step count: 138
[204682] -536, -887, 100
Step count: 138
[204703] -699, -772, 93
Step count: 138
[204724] -645, -717, 95
Step count: 138
[204746] -570, -824, 135
Step count: 138
[204767] -673, -913, 194
Step count: 138
[204788] -797, -931, 240
Step count: 138
[204810] -826, -955, 274
Step count: 138
[204831] -822, -903, 284
Step count: 138
[204852] -814, -948, 288
Step count: 138
[204874] -889, -1418, 225
Step count: 138
[204895] -709, -964, 192
Step count: 138
[204917] -530, -636, 184
Step count: 138
[204938] -486, -578, 191
Step count: 138
[204959] -613, -867, 192
Step count: 138
[204981] -727, -1205, 226
Step count: 138
[205002] -724, -1267, 268
Step count: 139
[205023] -637, -1204, 301
Step count: 139
[205045] -554, -1130, 300
Step count: 139
[205066] -465, -979, 262
Step count: 139
[205087] -383, -831, 207
Step count: 139
[205109] -277, -733, 150
Step count: 139
[205130] -216, -703, 95
Step count: 139
[205151] -274, -476, 98
Step count: 139
[205173] -293, -674, 108
Step count: 139
[205195] -336, -717, 112
Step count: 139
[205216] -395, -704, 116
Step count: 139
[205238] -431, -705, 104
Step count: 139
[205259] -395, -824, 83
Step count: 139
[205280] -370, -852, 84
Step count: 139
[205302] -328, -823, 99
Step count: 139
[205323] -252, -846, 129
Step count: 139
[205345] -224, -888, 162
Step count: 139
[205366] -275, -959, 209
Step count: 139
[205387] -394, -1038, 264
Step count: 139
[205409] -497, -1294, 251
Step count: 139
[205430] -610, -1359, 140
Step count: 139
[205452] -705, -927, -122
Step count: 139
[205474] -519, -1018, 42
Step count: 139
[205495] -452, -1147, 206
Step count: 139
[205517] -453, -1254, 235
Step count: 139
[205538] -508, -1180, 192
Step count: 139
[205559] -520, -1095, 99
Step count: 139
[205581] -490, -1097, 27
Step count: 139
[205602] -473, -993, 17
Step count: 140
[205623] -475, -850, 51
Step count: 140
[205645] -479, -745, 40
Step count: 140
[205666] -464, -803, -20
Step count: 140
[205688] -474, -539, -56
Step count: 140
[205709] -428, -488, -38
Step count: 140
[205730] -410, -439, 3
Step count: 140
[205751] -453, -421, 35
Step count: 140
[205773] -428, -568, 43
Step count: 140
[205795] -537, -556, 64
Step count: 140
[205816] -597, -697, 77
Step count: 140
[205838] -588, -767, 113
Step count: 140
[205859] -581, -826, 178
Step count: 140
[205880] -630, -895, 254
Step count: 140
[205902] -778, -1008, 302
Step count: 140
[205923] -865, -1275, 301
Step count: 140
[205945] -819, -1449, 239
Step count: 140
[205966] -682, -1120, 156
Step count: 140
[205987] -632, -960, 169
Step count: 140
[206009] -699, -1255, 160
Step count: 140
[206030] -791, -1192, 10
Step count: 140
[206051] -738, -816, -10
Step count: 140
[206074] -557, -666, 138
Step count: 140
[206095] -689, -929, 183
Step count: 140
[206116] -752, -1400, 230
Step count: 140
[206138] -560, -1483, 244
Step count: 140
[206159] -421, -1076, 150
Step count: 140
[206180] -335, -1005, 145
Step count: 140
[206202] -230, -833, 123
Step count: 140
[206223] -87, -634, 76
Step count: 140
[206244] -84, -502, 41
Step count: 140
[206266] -194, -408, 11
Step count: 140
[206287] -278, -482, 21
Step count: 141
[206309] -326, -541, 62
Step count: 141
[206330] -350, -656, 98
Step count: 141
[206351] -382, -806, 110
Step count: 141
[206374] -359, -868, 56
Step count: 141
[206395] -342, -922, 61
Step count: 141
[206416] -318, -987, 106
Step count: 141
[206438] -305, -1043, 172
Step count: 141
[206459] -364, -1267, 302
Step count: 141
[206480] -562, -1667, 409
Step count: 141
[206502] -660, -1609, 290
Step count: 141
[206523] -708, -978, -151
Step count: 141
[206545] -545, -804, -258
Step count: 141
[206566] -295, -1163, 101
Step count: 141
[206587] -379, -1438, 345
Step count: 141
[206609] -451, -1350, 276
Step count: 141
[206630] -513, -1170, 170
Step count: 141
[206652] -571, -1075, 43
Step count: 141
[206674] -425, -676, -86
Step count: 141
[206695] -425, -592, -8
Step count: 141
[206716] -527, -432, 29
Step count: 141
[206738] -492, -608, 3
Step count: 141
[206759] -425, -453, 16
Step count: 141
[206781] -368, -496, 82
Step count: 141
[206802] -454, -587, 156
Step count: 141
[206823] -520, -697, 196
Step count: 141
[206845] -518, -744, 198
Step count: 142
[206866] -575, -774, 195
Step count: 142
[206888] -616, -803, 196
Step count: 142
[206909] -599, -740, 193
Step count: 142
[206930] -545, -719, 176
Step count: 142
[206951] -572, -736, 168
Step count: 142
[206973] -711, -989, 194
Step count: 142
[206995] -721, -1015, 188
Step count: 142
[207016] -692, -1000, 259
Step count: 142
[207038] -750, -1408, 401
Step count: 142
[207059] -903, -1873, 220
Step count: 142
[207080] -833, -1488, 37
Step count: 142
[207102] -598, -882, 21
Step count: 142
[207123] -479, -571, 0
Step count: 142
[207145] -511, -693, -6
Step count: 142
[207166] -685, -989, 39
Step count: 142
[207187] -850, -1377, 83
Step count: 142
[207209] -562, -1413, 171
Step count: 142
[207230] -381, -1063, 199
Step count: 142
[207251] -259, -849, 213
Step count: 142
[207273] -258, -555, 32
Step count: 142
[207295] -225, -563, 49
Step count: 142
[207316] -217, -528, 85
Step count: 142
[207338] -289, -460, 97
Step count: 142
[207359] -321, -621, 86
Step count: 142
[207380] -355, -667, 78
Step count: 142
[207402] -326, -723, 115
Step count: 142
[207423] -307, -891, 92
Step count: 142
[207445] -379, -910, 88
Step count: 142
[207466] -363, -1015, 19
Step count: 142
[207487] -279, -1159, 61
Step count: 142
[207509] -270, -1199, 115
Step count: 142
[207530] -427, -1081, 103
Step count: 142
[207551] -553, -1404, 95
Step count: 142
[207573] -468, -994, 58
Step count: 142
[207595] -417, -571, -196
Step count: 142
[207616] -512, -808, -200
Step count: 142
[207637] -640, -1311, -30
Step count: 142
[207659] -588, -1291, -5
Step count: 142
[207680] -523, -1093, -53
Step count: 142
[207702] -597, -993, -50
Step count: 142
[207723] -607, -863, -96
Step count: 142
[207744] -538, -700, -155
Step count: 142
[207766] -502, -634, -152
Step count: 142
[207787] -512, -660, -100
Step count: 142
[207809] -515, -637, -60
Step count: 142
[207830] -504, -583, -53
Step count: 142
[207852] -489, -468, -21
Step count: 142
[207874] -437, -760, 18
Step count: 142
[207895] -460, -617, 70
Step count: 142
[207916] -494, -680, 82
Step count: 142
[207938] -581, -669, 92
Step count: 142
[207959] -560, -751, 91
Step count: 142
[207980] -547, -748, 92
Step count: 142
[208002] -576, -701, 95
Step count: 142
[208023] -629, -767, 113
Step count: 142
[208045] -676, -884, 129
Step count: 142
[208066] -722, -1030, 123
Step count: 142
[208087] -743, -1011, 104
Step count: 142
[208109] -757, -1052, 184
Step count: 142
[208130] -903, -1458, 216
Step count: 142
[208151] -1074, -1547, 40
Step count: 142
[208173] -520, -728, 94
Step count: 142
[208195] -468, -653, 124
Step count: 142
[208216] -590, -782, 111
Step count: 143
[208238] -674, -1050, 119
Step count: 143
[208259] -617, -1229, 179
Step count: 143
[208280] -517, -1022, 164
Step count: 143
[208302] -514, -968, 124
Step count: 143
[208323] -458, -910, 119
Step count: 143
[208345] -264, -716, 126
Step count: 143
[208366] -239, -598, 84
Step count: 143
[208387] -365, -717, 82
Step count: 143
[208409] -375, -692, 84
Step count: 143
[208430] -371, -665, 79
Step count: 143
[208452] -369, -693, 70
Step count: 143
[208474] -365, -707, 44
Step count: 143
[208495] -340, -746, 27
Step count: 143
[208516] -342, -796, 17
Step count: 143
[208538] -386, -868, 41
Step count: 143
[208559] -437, -939, 75
Step count: 143
[208581] -457, -944, 60
Step count: 143
[208602] -453, -1018, 84
Step count: 143
[208623] -573, -1455, 203
Step count: 143
[208645] -764, -1547, 168
Step count: 143
[208666] -652, -964, -56
Step count: 143
[208687] -499, -706, -113
Step count: 143
[208709] -544, -778, -46
Step count: 143
[208730] -688, -895, -35
Step count: 143
[208751] -725, -1014, -31
Step count: 143
[208773] -619, -988, 74
Step count: 143
[208795] -524, -870, 71
Step count: 143
[208816] -406, -744, 9
Step count: 143
[208838] -347, -633, -23
Step count: 143
[208859] -348, -579, 18
Step count: 143
[208880] -325, -471, 56
Step count: 143
[208902] -381, -580, 69
Step count: 143
[208923] -452, -631, 55
Step count: 143
[208944] -433, -639, 53
Step count: 143
[208966] -449, -640, 75
Step count: 143
[208987] -516, -714, 78
Step count: 143
[209009] -520, -736, 48
Step count: 143
[209030] -547, -706, 65
Step count: 143
[209052] -594, -943, 131
Step count: 143
[209074] -917, -1002, 211
Step count: 144
[209095] -921, -1138, 203
Step count: 144
[209117] -878, -1217, 308
Step count: 144
[209138] -992, -1489, 319
Step count: 144
[209159] -1068, -1071, 43
Step count: 144
[209181] -811, -699, 69
Step count: 144
[209202] -637, -659, 142
Step count: 144
[209223] -742, -831, 112
Step count: 144
[209245] -847, -1030, 117
Step count: 144
[209266] -745, -1032, 193
Step count: 144
[209288] -640, -953, 220
Step count: 144
[209309] -623, -928, 196
Step count: 144
[209330] -492, -802, 159
Step count: 144
[209352] -379, -691, 83
Step count: 144
[209374] -210, -447, 65
Step count: 144
[209395] -332, -514, 80
Step count: 144
[209416] -367, -624, 103
Step count: 144
[209438] -354, -738, 118
Step count: 144
[209459] -397, -688, 97
Step count: 144
[209481] -423, -748, 82
Step count: 144
[209502] -422, -842, 79
Step count: 144
[209523] -457, -944, 89
Step count: 144
[209545] -461, -1061, 135
Step count: 144
[209566] -396, -1083, 188
Step count: 144
[209588] -379, -1026, 162
Step count: 144
[209609] -333, -971, 164
Step count: 144
[209630] -438, -1316, 357
Step count: 145
[209653] -729, -1190, 113
Step count: 145
[209674] -539, -640, -72
Step count: 145
[209696] -383, -596, -40
Step count: 145
[209717] -444, -794, -5
Step count: 145
[209739] -599, -1084, -15
Step count: 145
[209760] -654, -1220, -14
Step count: 145
[209781] -570, -1079, 58
Step count: 145
[209803] -445, -875, 80
Step count: 145
[209824] -358, -742, -7
Step count: 145
[209846] -337, -637, -82
Step count: 145
[209867] -345, -546, -71
Step count: 145
[209888] -305, -445, -17
Step count: 145
[209910] -417, -468, 31
Step count: 145
[209931] -447, -535, 29
Step count: 145
[209953] -402, -684, 58
Step count: 145
[209975] -474, -714, 105
Step count: 145
[209996] -535, -687, 136
Step count: 145
[210017] -604, -721, 139
Step count: 145
[210039] -610, -984, 192
Step count: 145
[210060] -655, -1010, 202
Step count: 145
[210082] -823, -927, 148
Step count: 145
[210103] -843, -956, 166
Step count: 145
[210124] -750, -1402, 374
Step count: 145
[210146] -955, -1804, 345
Step count: 145
[210167] -1009, -1398, 55
Step count: 145
[210188] -710, -871, 61
Step count: 145
[210210] -458, -603, 89
Step count: 145
[210232] -512, -589, 42
Step count: 145
[210254] -792, -1210, 105
Step count: 145
[210275] -642, -1014, 118
Step count: 145
[210296] -553, -887, 122
Step count: 145
[210318] -450, -883, 120
Step count: 145
[210339] -323, -770, 66
Step count: 145
[210360] -241, -501, 7
Step count: 145
[210382] -279, -591, 15
Step count: 145
[210403] -266, -532, 44
Step count: 145
[210424] -317, -516, 63
Step count: 145
[210446] -360, -525, 63
Step count: 145
[210467] -324, -510, 66
Step count: 145
[210488] -347, -583, 66
Step count: 145
[210510] -387, -731, 72
Step count: 145
[210531] -422, -879, 108
Step count: 145
[210553] -491, -1161, 202
Step count: 145
[210575] -471, -1145, 175
Step count: 145
[210596] -409, -1071, 119
Step count: 145
[210618] -400, -1186, 223
Step count: 145
[210639] -619, -1734, 373
Step count: 145
[210660] -739, -1454, 222
Step count: 145
[210682] -564, -771, -34
Step count: 145
[210703] -365, -493, -119
Step count: 146
[210724] -396, -607, -78
Step count: 146
[210746] -592, -902, -54
Step count: 146
[210767] -660, -1129, -24
Step count: 146
[210788] -631, -1111, 37
Step count: 146
[210810] -505, -953, 103
Step count: 146
[210831] -361, -829, 58
Step count: 146
[210853] -333, -499, -74
Step count: 146
[210875] -286, -446, 30
Step count: 146
[210896] -351, -534, 64
Step count: 146
[210917] -484, -537, 72
Step count: 146
[210939] -407, -545, 57
Step count: 146
[210960] -421, -627, 73
Step count: 146
[210981] -450, -690, 92
Step count: 146
[211003] -474, -743, 100
Step count: 146
[211024] -506, -703, 96
Step count: 146
[211045] -566, -715, 103
Step count: 146
[211067] -593, -856, 161
Step count: 146
[211088] -639, -936, 196
Step count: 146
[211109] -760, -1070, 198
Step count: 146
[211131] -753, -1087, 178
Step count: 146
[211152] -689, -1213, 292
Step count: 146
[211174] -1011, -1371, 45
Step count: 146
[211195] -713, -920, 69
Step count: 146
[211217] -509, -735, 164
Step count: 146
[211238] -616, -799, 105
Step count: 146
[211259] -759, -1028, 102
Step count: 146
[211281] -675, -1121, 154
Step count: 146
[211302] -648, -1017, 148
Step count: 146
[211323] -533, -915, 147
Step count: 146
[211345] -421, -742, 151
Step count: 146
[211366] -398, -606, 83
Step count: 146
[211387] -424, -548, 44
Step count: 146
[211409] -307, -423, 69
Step count: 146
[211430] -283, -453, 85
Step count: 146
[211451] -334, -554, 76
Step count: 146
[211473] -374, -666, 59
Step count: 146
[211495] -400, -788, 87
Step count: 146
[211516] -479, -957, 115
Step count: 146
[211537] -489, -1027, 155
Step count: 146
[211559] -452, -1008, 174
Step count: 146
[211580] -429, -1047, 179
Step count: 146
[211602] -388, -1087, 192
Step count: 146
[211623] -328, -983, 153
Step count: 146
[211644] -382, -1147, 236
Step count: 146
[211666] -645, -1674, 371
Step count: 146
[211687] -700, -1356, 314
Step count: 146
[211708] -556, -769, 57
Step count: 146
[211730] -454, -504, -68
Step count: 146
[211751] -537, -597, -113
Step count: 146
[211773] -694, -1184, -145
Step count: 146
[211795] -553, -1083, 9
Step count: 146
[211816] -430, -875, 104
Step count: 146
[211837] -369, -748, 7
Step count: 147
[211859] -361, -668, -89
Step count: 147
[211880] -394, -554, -70
Step count: 147
[211901] -302, -468, 1
Step count: 147
[211923] -373, -441, -10
Step count: 147
[211944] -479, -547, -3
Step count: 147
[211965] -448, -463, 8
Step count: 147
[211987] -377, -602, 57
Step count: 147
[212008] -376, -663, 89
Step count: 147
[212029] -428, -677, 98
Step count: 147
[212051] -477, -789, 128
Step count: 147
[212072] -523, -918, 133
Step count: 147
[212094] -586, -1000, 149
Step count: 147
[212115] -685, -1052, 102
Step count: 147
[212137] -754, -956, 96
Step count: 147
[212158] -776, -1345, 259
Step count: 147
[212179] -968, -1756, 144
Step count: 147
[212201] -1025, -1183, -44
Step count: 147
[212222] -673, -839, 64
Step count: 147
[212243] -498, -706, 100
Step count: 147
[212265] -596, -641, 21
Step count: 147
[212286] -765, -812, -5
Step count: 147
[212307] -711, -1006, 53
Step count: 147
[212329] -628, -934, 89
Step count: 147
[212350] -594, -865, 84
Step count: 147
[212372] -518, -806, 62
Step count: 147
[212394] -338, -669, 74
Step count: 147
[212415] -280, -503, 82
Step count: 147
[212436] -216, -575, 89
Step count: 147
[212458] -313, -572, 87
Step count: 147
[212479] -433, -612, 83
Step count: 148
[212500] -326, -604, 59
Step count: 148
[212522] -341, -612, 37
Step count: 148
[212543] -370, -690, 66
Step count: 148
[212564] -368, -758, 87
Step count: 148
[212586] -438, -910, 100
Step count: 148
[212607] -506, -1106, 134
Step count: 148
[212629] -474, -1109, 145
Step count: 148
[212650] -392, -1006, 128
Step count: 148
[212671] -415, -1173, 259
Step count: 148
[212694] -764, -1438, 234
Step count: 148
[212715] -684, -844, -63
Step count: 148
[212736] -499, -585, -157
Step count: 148
[212758] -449, -681, -108
Step count: 148
[212779] -544, -985, -80
Step count: 148
[212800] -573, -1209, -15
Step count: 148
[212822] -547, -1159, 107
Step count: 148
[212843] -494, -981, 111
Step count: 148
[212864] -406, -856, -9
Step count: 148
[212886] -356, -665, -84
Step count: 148
[212907] -339, -544, -40
Step count: 148
[212929] -258, -469, 18
Step count: 148
[212950] -332, -392, 2
Step count: 148
[212972] -438, -468, 1
Step count: 148
[212994] -394, -581, 47
Step count: 148
[213015] -436, -678, 78
Step count: 148
[213036] -455, -719, 125
Step count: 148
[213058] -514, -731, 153
Step count: 148
[213079] -654, -781, 162
Step count: 148
[213100] -741, -849, 170
Step count: 148
[213122] -818, -944, 192
Step count: 148
[213143] -868, -1005, 183
Step count: 148
[213164] -842, -1026, 198
Step count: 148
[213186] -815, -1239, 330
Step count: 148
[213207] -960, -1590, 381
Step count: 148
[213229] -1092, -1382, 181
Step count: 149
[213250] -913, -1009, 91
Step count: 149
[213271] -602, -747, 121
Step count: 149
[213294] -703, -626, 52
Step count: 149
[213315] -784, -944, 107
Step count: 149
[213336] -692, -920, 150
Step count: 149
[213358] -602, -824, 117
Step count: 149
[213379] -507, -781, 97
Step count: 149
[213400] -353, -696, 69
Step count: 149
[213422] -264, -457, 20
Step count: 149
[213443] -392, -649, 69
Step count: 149
[213464] -457, -658, 95
Step count: 149
[213486] -358, -603, 124
Step count: 149
[213507] -330, -633, 117
Step count: 149
[213528] -375, -668, 100
Step count: 149
[213550] -406, -678, 86
Step count: 149
[213571] -401, -701, 87
Step count: 149
[213593] -411, -818, 99
Step count: 149
[213615] -482, -964, 125
Step count: 149
[213636] -494, -1066, 164
Step count: 149
[213657] -465, -1062, 144
Step count: 149
[213679] -462, -1073, 147
Step count: 149
[213700] -585, -1470, 300
Step count: 149
[213722] -681, -1592, 344
Step count: 149
[213743] -635, -1042, 74
Step count: 149
[213764] -529, -655, -115
Step count: 149
[213786] -429, -649, -30
Step count: 149
[213807] -529, -846, 16
Step count: 149
[213828] -623, -1022, 3
Step count: 149
[213850] -640, -1072, 10
Step count: 149
[213871] -564, -1002, 68
Step count: 149
[213892] -464, -841, 46
Step count: 149
[213914] -365, -588, -15
Step count: 149
[213936] -406, -542, 7
Step count: 149
[213957] -353, -505, 45
Step count: 149
[213978] -357, -464, 44
Step count: 149
[214000] -458, -594, 79
Step count: 149
[214021] -440, -627, 101
Step count: 149
[214042] -423, -623, 118
Step count: 149
[214064] -449, -715, 145
Step count: 149
[214085] -481, -709, 157
Step count: 149
[214106] -490, -730, 175
Step count: 149
[214128] -504, -805, 220
Step count: 149
[214149] -553, -948, 270
Step count: 149
[214171] -713, -1024, 251
Step count: 149
[214192] -828, -1011, 235
Step count: 149
[214214] -883, -1783, 450
Step count: 149
[214235] -978, -1493, 162
Step count: 149
[214256] -771, -986, -17
Step count: 149
[214278] -420, -614, 55
Step count: 149
[214299] -467, -427, 61
Step count: 149
[214320] -847, -601, -24
Step count: 149
[214342] -1072, -1080, -2
Step count: 149
[214363] -848, -1091, 25
Step count: 149
[214384] -596, -880, 17
Step count: 149
[214406] -525, -825, 3
Step count: 149
[214427] -462, -718, -28
Step count: 149
[214448] -381, -594, -24
Step count: 149
[214470] -459, -514, -24
Step count: 149
[214492] -403, -627, 70
Step count: 149
[214514] -411, -592, 48
Step count: 149
[214535] -418, -649, 71
Step count: 150
[214556] -377, -682, 99
Step count: 150
[214578] -420, -746, 101
Step count: 150
[214599] -478, -811, 97
Step count: 150
[214620] -461, -843, 96
Step count: 150
[214642] -433, -892, 125
Step count: 150
[214663] -423, -979, 164
Step count: 150
[214684] -442, -1053, 183
Step count: 150
[214706] -511, -1073, 128
Step count: 150
[214727] -526, -1007, 87
Step count: 150
[214748] -496, -1211, 237
Step count: 150
[214770] -560, -1502, 366
Step count: 150
[214792] -604, -1094, 149
Step count: 150
[214814] -436, -665, -70
Step count: 150
[214835] -395, -928, 67
Step count: 150
[214856] -482, -1155, 59
Step count: 150
[214878] -579, -1213, 31
Step count: 150
[214899] -565, -1123, 60
Step count: 150
[214920] -465, -940, 7
Step count: 150
[214942] -416, -773, -92
Step count: 150
[214963] -421, -687, -87
Step count: 150
[214985] -360, -605, -39
Step count: 150
[215006] -366, -568, 7
Step count: 150
[215027] -509, -523, 65
Step count: 151
[215049] -465, -515, 68
Step count: 151
[215070] -362, -617, 109
Step count: 151
[215091] -509, -616, 106
Step count: 151
[215113] -484, -803, 186
Step count: 151
[215135] -551, -722, 173
Step count: 151
[215156] -676, -850, 192
Step count: 151
[215178] -712, -1141, 264
Step count: 151
[215199] -784, -1098, 260
Step count: 151
[215220] -831, -1087, 234
Step count: 151
[215242] -779, -1086, 254
Step count: 151
[215263] -842, -1109, 312
Step count: 151
[215284] -909, -1435, 274
Step count: 151
[215306] -826, -1096, 111
Step count: 151
[215327] -641, -655, 115
Step count: 151
[215348] -602, -541, 136
Step count: 151
[215370] -696, -803, 157
Step count: 151
[215391] -789, -1152, 222
Step count: 151
[215413] -632, -1102, 164
Step count: 151
[215435] -478, -1004, 152
Step count: 151
[215456] -364, -960, 132
Step count: 151
[215477] -216, -755, 64
Step count: 151
[215499] -201, -705, 2
Step count: 151
[215520] -197, -615, 1
Step count: 151
[215541] -246, -512, 23
Step count: 151
[215563] -307, -523, 63
Step count: 151
[215584] -294, -555, 58
Step count: 151
[215605] -325, -545, 40
Step count: 151
[215627] -354, -573, 21
Step count: 151
[215648] -378, -638, 17
Step count: 151
[215669] -414, -686, 36
Step count: 151
[215691] -471, -736, 30
Step count: 151
[215712] -530, -773, -8
Step count: 151
[215734] -597, -994, 21
Step count: 151
[215755] -600, -1182, 103
Step count: 151
[215776] -585, -1221, 146
Step count: 151
[215798] -596, -1072, 80
Step count: 151
[215819] -592, -982, 110
Step count: 151
[215840] -611, -1443, 378
Step count: 151
[215862] -698, -1575, 355
Step count: 151
[215883] -740, -1039, -16
Step count: 151
[215905] -679, -555, -292
Step count: 151
[215926] -401, -520, -45
Step count: 151
[215947] -297, -897, 325
Step count: 151
[215969] -369, -1189, 426
Step count: 151
[215990] -500, -979, 262
Step count: 152
[216011] -657, -932, 111
Step count: 152
[216034] -532, -755, -124
Step count: 152
[216055] -464, -644, -46
Step count: 152
[216076] -502, -627, 46
Step count: 152
[216098] -556, -526, 38
Step count: 152
[216119] -434, -519, -20
Step count: 152
[216140] -499, -599, -47
Step count: 152
[216162] -407, -711, 62
Step count: 152
[216183] -423, -450, 89
Step count: 152
[216204] -459, -618, 148
Step count: 152
[216226] -475, -693, 123
Step count: 152
[216247] -537, -755, 72
Step count: 152
[216269] -566, -784, 48
Step count: 152
[216290] -517, -747, 62
Step count: 152
[216311] -462, -651, 96
Step count: 152
[216334] -601, -826, 206
Step count: 152
[216355] -799, -867, 218
Step count: 152
[216376] -939, -966, 205
Step count: 152
[216398] -910, -1007, 181
Step count: 152
[216419] -783, -1261, 311
Step count: 152
[216440] -897, -1569, 274
Step count: 152
[216462] -1001, -1197, 43
Step count: 152
[216483] -744, -721, 130
Step count: 152
[216504] -519, -600, 239
Step count: 152
[216526] -628, -920, 207
Step count: 152
[216547] -764, -1211, 165
Step count: 152
[216568] -725, -1065, 98
Step count: 152
[216590] -581, -876, 104
Step count: 152
[216612] -368, -750, 95
Step count: 152
[216634] -115, -512, 15
Step count: 152
[216655] -203, -436, 0
Step count: 152
[216676] -297, -476, 33
Step count: 152
[216698] -374, -553, 71
Step count: 152
[216719] -374, -604, 74
Step count: 152
[216740] -380, -715, 73
Step count: 152
[216762] -398, -838, 87
Step count: 152
[216783] -417, -923, 84
Step count: 153
[216805] -429, -973, 81
Step count: 153
[216826] -416, -1023, 119
Step count: 153
[216847] -400, -1046, 172
Step count: 153
[216869] -378, -1021, 132
Step count: 153
[216890] -365, -934, 43
Step count: 153
[216912] -432, -1227, 260
Step count: 153
[216934] -775, -1489, 237
Step count: 153
[216955] -715, -758, -221
Step count: 153
[216977] -410, -664, -125
Step count: 153
[216998] -359, -864, 32
Step count: 153
[217019] -534, -1170, 31
Step count: 153
[217040] -655, -1296, -26
Step count: 153
[217062] -586, -1144, 30
Step count: 153
[217083] -501, -932, 56
Step count: 153
[217104] -421, -696, -18
Step count: 153
[217126] -322, -570, -59
Step count: 153
[217147] -293, -413, -51
Step count: 153
[217168] -388, -393, -68
Step count: 153
[217190] -469, -515, -48
Step count: 153
[217211] -420, -549, -1
Step count: 153
[217233] -538, -738, 126
Step count: 153
[217255] -592, -747, 173
Step count: 153
[217276] -559, -804, 223
Step count: 153
[217298] -580, -767, 221
Step count: 153
[217319] -672, -774, 211
Step count: 153
[217340] -822, -809, 219
Step count: 153
[217362] -833, -972, 265
Step count: 153
[217383] -716, -925, 275
Step count: 153
[217404] -721, -1117, 414
Step count: 153
[217426] -987, -1765, 481
Step count: 153
[217447] -1048, -1562, 98
Step count: 153
[217468] -810, -966, 41
Step count: 153
[217490] -624, -765, 204
Step count: 153
[217511] -691, -757, 173
Step count: 153
[217533] -760, -1055, 40
Step count: 153
[217555] -740, -1029, 5
Step count: 153
[217576] -655, -977, -31
Step count: 153
[217597] -540, -913, -34
Step count: 153
[217619] -442, -760, -21
Step count: 153
[217640] -343, -765, 54
Step count: 153
[217661] -162, -695, 149
Step count: 153
[217683] -161, -513, 68
Step count: 153
[217704] -274, -551, 21
Step count: 153
[217725] -375, -629, -30
Step count: 153
[217747] -363, -663, -39
Step count: 153
[217768] -337, -721, 0
Step count: 153
[217789] -355, -796, 41
Step count: 153
[217811] -380, -889, 57
Step count: 153
[217832] -411, -983, 60
Step count: 153
[217854] -365, -928, 24
Step count: 153
[217875] -340, -1105, 186
Step count: 153
[217897] -555, -1679, 465
Step count: 153
[217918] -669, -1525, 338
Step count: 153
[217939] -648, -824, -152
Step count: 153
[217961] -446, -770, -158
Step count: 153
[217982] -374, -1008, 20
Step count: 153
[218003] -506, -1241, 67
Step count: 153
[218025] -592, -1331, 58
Step count: 153
[218046] -559, -1240, 107
Step count: 153
[218067] -522, -1085, 158
Step count: 153
[218089] -503, -874, 68
Step count: 153
[218110] -425, -684, -41
Step count: 153
[218132] -373, -604, -59
Step count: 153
[218154] -427, -462, 105
Step count: 153
[218175] -627, -579, 204
Step count: 153
[218196] -631, -754, 299
Step count: 153
[218218] -617, -719, 342
Step count: 153
[218239] -817, -327, 300
Step count: 153
[218260] -870, -501, 292
Step count: 153
[218282] -713, -749, 272
Step count: 153
[218303] -684, -670, 214
Step count: 153
[218325] -795, -620, 213
Step count: 153
[218346] -850, -844, 296
Step count: 153
[218367] -837, -977, 325
Step count: 153
[218389] -831, -909, 250
Step count: 153
[218410] -822, -840, 216
Step count: 153
[218432] -863, -1300, 403
Step count: 153
[218454] -1031, -1315, 59
Step count: 153
[218475] -751, -809, 68
Step count: 153
[218496] -570, -590, 37
Step count: 153
[218518] -728, -594, -73
Step count: 153
[218539] -985, -960, -35
Step count: 153
[218560] -883, -1321, 110
Step count: 153
[218582] -704, -1231, 177
Step count: 153
[218603] -591, -1179, 190
Step count: 153
[218625] -491, -1217, 150
Step count: 153
[218646] -307, -1075, 80
Step count: 153
[218667] -180, -773, 47
Step count: 154
[218689] -209, -715, 53
Step count: 154
[218710] -242, -665, 46
Step count: 154
[218731] -242, -592, 20
Step count: 154
[218753] -306, -587, -22
Step count: 154
[218775] -343, -622, -34
Step count: 154
[218796] -346, -664, -32
Step count: 154
[218818] -332, -698, -26
Step count: 154
[218839] -348, -760, -13
Step count: 154
[218860] -373, -824, 4
Step count: 154
[218882] -404, -884, 6
Step count: 154
[218903] -428, -864, -34
Step count: 154
[218924] -410, -836, -24
Step count: 154
[218946] -409, -1077, 141
Step count: 154
[218967] -579, -1367, 269
Step count: 154
[218989] -687, -1236, 145
Step count: 154
[219010] -674, -959, -84
Step count: 154
[219031] -548, -945, -53
Step count: 154
[219054] -595, -1363, 180
Step count: 154
[219075] -698, -1456, 140
Step count: 154
[219096] -675, -1284, 138
Step count: 154
[219118] -631, -1137, 120
Step count: 154
[219139] -559, -1018, 34
Step count: 154
[219160] -473, -910, 7
Step count: 154
[219182] -432, -662, 45
Step count: 154
[219203] -515, -637, 101
Step count: 154
[219224] -494, -567, 120
Step count: 154
[219246] -418, -583, 113
Step count: 154
[219267] -490, -541, 127
Step count: 154
[219289] -581, -622, 165
Step count: 154
[219310] -598, -649, 187
Step count: 154
[219331] -560, -785, 201
Step count: 154
[219354] -550, -526, 182
Step count: 154
[219375] -606, -726, 232
Step count: 154
[219396] -633, -880, 291
Step count: 154
[219418] -720, -974, 305
Step count: 154
[219439] -775, -1004, 242
Step count: 154
[219460] -734, -980, 188
Step count: 154
[219482] -722, -1171, 257
Step count: 154
[219503] -859, -1464, 214
Step count: 154
[219524] -887, -1281, -18
Step count: 154
[219546] -629, -762, -27
Step count: 154
[219567] -427, -458, 32
Step count: 154
[219589] -557, -587, -35
Step count: 154
[219610] -926, -1120, -149
Step count: 154
[219631] -1000, -1457, -238
Step count: 154
[219654] -585, -1261, -333
Step count: 154
[219675] -439, -1133, -357
Step count: 154
[219696] -316, -1085, -233
Step count: 154
[219718] -284, -946, -179
Step count: 154
[219739] -317, -905, -163
Step count: 154
[219760] -325, -894, -167
Step count: 154
[219782] -245, -822, -118
Step count: 154
[219803] -216, -750, -69
Step count: 154
[219824] -267, -694, -57
Step count: 154
[219846] -298, -661, -53
Step count: 154
[219867] -292, -623, -58
Step count: 154
[219889] -260, -593, -89
Step count: 154
[219910] -236, -637, -62
Step count: 154
[219932] -267, -743, 36
Step count: 154
[219954] -389, -908, 122
Step count: 154
[219975] -434, -924, 111
Step count: 154
[219996] -439, -1014, 194
Step count: 154
[220018] -519, -1341, 334
Step count: 154
[220039] -652, -1391, 339
Step count: 154
[220060] -722, -1069, 87
Step count: 154
[220082] -639, -880, -34
Step count: 154
[220103] -491, -948, 83
Step count: 154
[220125] -503, -1200, 196
Step count: 154
[220146] -605, -1356, 176
Step count: 155
[220167] -603, -1264, 171
Step count: 155
[220189] -558, -1176, 195
Step count: 155
[220210] -538, -1045, 151
Step count: 155
[220231] -452, -893, 118
Step count: 155
[220253] -510, -736, 132
Step count: 155
[220275] -441, -572, 141
Step count: 155
[220296] -443, -448, 113
Step count: 155
[220318] -534, -462, 98
Step count: 155
[220339] -578, -546, 120
Step count: 155
[220360] -540, -641, 171
Step count: 155
[220382] -500, -674, 198
Step count: 155
[220403] -558, -636, 177
Step count: 155
[220424] -618, -700, 173
Step count: 155
[220446] -632, -750, 177
Step count: 155
[220467] -603, -830, 181
Step count: 155
[220488] -634, -870, 180
Step count: 155
[220510] -690, -978, 147
Step count: 155
[220532] -728, -1021, 58
Step count: 155
[220554] -760, -1094, 71
Step count: 155
[220575] -865, -1539, 102
Step count: 155
[220596] -906, -1515, -111
Step count: 155
[220618] -747, -934, -283
Step count: 155
[220639] -502, -530, -315
Step count: 155
[220660] -485, -588, -352
Step count: 155
[220682] -708, -951, -275
Step count: 155
[220703] -868, -1361, -88
Step count: 155
[220725] -715, -1471, 53
Step count: 155
[220746] -486, -1218, 54
Step count: 155
[220767] -435, -980, -14
Step count: 155
[220789] -367, -899, -107
Step count: 155
[220810] -256, -746, -120
Step count: 155
[220831] -243, -720, -73
Step count: 155
[220853] -354, -620, 2
Step count: 155
[220875] -379, -636, -16
Step count: 155
[220896] -383, -665, -35
Step count: 155
[220918] -352, -664, -25
Step count: 155
[220939] -310, -677, -19
Step count: 155
[220960] -284, -710, -30
Step count: 155
[220982] -291, -734, -19
Step count: 155
[221003] -326, -801, -6
Step count: 155
[221024] -364, -898, 9
Step count: 155
[221046] -395, -965, 39
Step count: 155
[221067] -410, -1043, 57
Step count: 156
[221089] -406, -1040, 67
Step count: 156
[221110] -413, -1148, 222
Step count: 156
[221131] -569, -1510, 389
Step count: 156
[221153] -709, -865, 5
Step count: 156
[221175] -598, -697, -95
Step count: 156
[221196] -459, -991, 36
Step count: 156
[221218] -480, -1322, 168
Step count: 156
[221239] -545, -1308, 210
Step count: 156
[221260] -507, -1129, 272
Step count: 156
[221282] -472, -1016, 290
Step count: 156
[221303] -496, -894, 172
Step count: 156
[221324] -477, -733, 109
Step count: 156
[221346] -446, -734, 114
Step count: 156
[221367] -432, -729, 167
Step count: 156
[221389] -449, -588, 167
Step count: 156
[221410] -476, -498, 140
Step count: 156
[221432] -498, -510, 151
Step count: 156
[221454] -517, -687, 199
Step count: 156
[221475] -515, -766, 195
Step count: 156
[221496] -564, -707, 159
Step count: 156
[221518] -643, -661, 129
Step count: 156
[221539] -603, -790, 162
Step count: 156
[221561] -571, -877, 206
Step count: 156
[221582] -695, -950, 237
Step count: 156
[221603] -778, -1051, 224
Step count: 156
[221625] -776, -1020, 204
Step count: 156
[221646] -757, -1199, 296
Step count: 156
[221667] -857, -1682, 285
Step count: 156
[221689] -875, -1394, 2
Step count: 156
[221710] -713, -722, -88
Step count: 156
[221731] -523, -407, -30
Step count: 156
[221753] -815, -854, -6
Step count: 156
[221775] -891, -1202, 79
Step count: 156
[221796] -772, -1310, 132
Step count: 156
[221818] -591, -1204, 118
Step count: 156
[221839] -453, -1096, 71
Step count: 156
[221860] -349, -932, 40
Step count: 156
[221882] -393, -730, 2
Step count: 156
[221903] -372, -720, 45
Step count: 156
[221924] -185, -703, 149
Step count: 156
[221946] -385, -601, 26
Step count: 156
[221967] -330, -714, 49
Step count: 156
[221988] -344, -742, 80
Step count: 156
[222010] -376, -676, 86
Step count: 156
[222031] -351, -715, 83
Step count: 156
[222053] -352, -714, 9
Step count: 156
[222075] -412, -828, 50
Step count: 156
[222096] -457, -963, 111
Step count: 156
[222118] -453, -1041, 145
Step count: 156
[222139] -423, -1041, 160
Step count: 156
[222160] -456, -1280, 302
Step count: 156
[222182] -617, -1640, 434
Step count: 156
[222203] -660, -1298, 255
Step count: 156
[222224] -627, -718, -139
Step count: 156
[222246] -456, -561, -112
Step count: 157
[222267] -387, -911, 115
Step count: 157
[222289] -596, -1233, 124
Step count: 157
[222310] -696, -1132, 52
Step count: 157
[222332] -619, -1004, 54
Step count: 157
[222354] -526, -774, -51
Step count: 157
[222375] -466, -636, -77
Step count: 157
[222396] -437, -577, -28
Step count: 157
[222418] -456, -563, 26
Step count: 157
[222439] -417, -415, 40
Step count: 157
[222461] -550, -682, 60
Step count: 157
[222482] -529, -745, 106
Step count: 157
[222503] -487, -594, 78
Step count: 157
[222525] -549, -715, 107
Step count: 157
[222546] -615, -687, 125
Step count: 157
[222567] -688, -666, 142
Step count: 157
[222589] -660, -876, 179
Step count: 157
[222610] -663, -881, 196
Step count: 157
[222632] -790, -911, 229
Step count: 157
[222654] -811, -896, 229
Step count: 157
[222675] -785, -732, 146
Step count: 157
[222697] -702, -717, 184
Step count: 157
[222718] -853, -1256, 430
Step count: 157
[222739] -1076, -1546, 371
Step count: 157
[222761] -1014, -1091, 160
Step count: 157
[222782] -723, -733, 160
Step count: 157
[222803] -636, -698, 161
Step count: 157
[222825] -798, -856, 134
Step count: 157
[222846] -758, -955, 184
Step count: 157
[222867] -666, -997, 240
Step count: 157
[222889] -648, -1028, 254
Step count: 157
[222910] -575, -933, 215
Step count: 157
[222933] -397, -654, 100
Step count: 157
[222954] -374, -670, 108
Step count: 157
[222976] -383, -661, 118
Step count: 157
[222997] -387, -623, 117
Step count: 157
[223019] -384, -646, 135
Step count: 157
[223040] -384, -704, 131
Step count: 157
[223061] -370, -718, 94
Step count: 157
[223083] -380, -715, 47
Step count: 157
[223104] -394, -724, 41
Step count: 157
[223125] -414, -770, 51
Step count: 157
[223147] -457, -888, 65
Step count: 157
[223168] -479, -1035, 92
Step count: 157
[223190] -455, -1093, 89
Step count: 157
[223211] -396, -953, 17
Step count: 157
[223232] -367, -840, -25
Step count: 157
[223254] -617, -1453, 273
Step count: 157
[223276] -690, -1282, 172
Step count: 157
[223297] -584, -875, -44
Step count: 157
[223318] -548, -753, -120
Step count: 157
[223340] -567, -780, -102
Step count: 157
[223361] -573, -910, -62
Step count: 157
[223383] -568, -1093, 5
Step count: 157
[223404] -597, -1130, 73
Step count: 157
[223425] -548, -1017, 32
Step count: 157
[223447] -447, -896, 9
Step count: 157
[223468] -437, -761, -23
Step count: 157
[223489] -488, -667, 28
Step count: 157
[223511] -478, -626, 59
Step count: 157
[223532] -513, -652, 69
Step count: 157
[223554] -617, -670, 31
Step count: 157
[223575] -621, -663, 52
Step count: 157
[223597] -624, -628, 71
Step count: 157
[223618] -579, -615, 69
Step count: 157
[223639] -604, -542, 35
Step count: 157
[223661] -621, -609, 67
Step count: 157
[223682] -673, -730, 131
Step count: 157
[223703] -804, -895, 199
Step count: 157
[223725] -898, -1015, 234
Step count: 158
[223746] -832, -967, 221
Step count: 158
[223768] -746, -911, 264
Step count: 158
[223789] -845, -1440, 436
Step count: 158
[223810] -953, -1627, 259
Step count: 158
[223833] -653, -694, 67
Step count: 158
[223855] -586, -507, 226
Step count: 158
[223876] -648, -836, 267
Step count: 158
[223897] -682, -1181, 295
Step count: 158
[223919] -598, -1085, 313
Step count: 158
[223940] -577, -1005, 326
Step count: 158
[223961] -475, -1078, 342
Step count: 158
[223983] -347, -846, 250
Step count: 158
[224004] -363, -873, 192
Step count: 158
[224025] -348, -848, 216
Step count: 158
[224047] -334, -775, 216
Step count: 158
[224068] -367, -822, 218
Step count: 158
[224090] -386, -832, 208
Step count: 158
[224111] -366, -806, 192
Step count: 158
[224132] -316, -785, 172
Step count: 158
[224154] -327, -854, 143
Step count: 158
[224175] -357, -888, 124
Step count: 158
[224197] -346, -881, 101
Step count: 158
[224218] -321, -879, 116
Step count: 158
[224239] -318, -914, 130
Step count: 158
[224261] -346, -985, 123
Step count: 158
[224282] -389, -1147, 165
Step count: 158
[224304] -458, -1258, 193
Step count: 158
[224325] -470, -1046, 90
Step count: 158
[224346] -452, -780, -82
Step count: 158
[224368] -406, -709, -131
Step count: 158
[224389] -370, -772, -17
Step count: 158
[224410] -426, -958, 83
Step count: 158
[224431] -561, -1145, 110
Step count: 158
[224454] -699, -1261, 51
Step count: 158
[224475] -660, -1090, -7
Step count: 158
[224496] -539, -984, -3
Step count: 158
[224518] -577, -839, 16
Step count: 158
[224539] -642, -933, 80
Step count: 158
[224560] -624, -659, 65
Step count: 158
[224582] -599, -636, 82
Step count: 158
[224603] -581, -664, 62
Step count: 158
[224625] -640, -603, 25
Step count: 158
[224646] -643, -568, 22
Step count: 158
[224667] -625, -544, 37
Step count: 158
[224689] -635, -522, 71
Step count: 158
[224710] -681, -519, 96
Step count: 158
[224731] -708, -548, 122
Step count: 158
[224753] -672, -592, 233
Step count: 158
[224775] -730, -588, 272
Step count: 158
[224796] -881, -497, 235
Step count: 158
[224818] -971, -526, 267
Step count: 158
[224839] -971, -759, 343
Step count: 158
[224860] -924, -855, 347
Step count: 159
[224882] -823, -822, 424
Step count: 159
[224903] -819, -1310, 796
Step count: 159
[224925] -1234, -2250, 664
Step count: 159
[224946] -1142, -1757, 163
Step count: 159
[224967] -545, -835, 89
Step count: 159
[224989] -56, -429, 269
Step count: 159
[225010] -92, -666, 225
Step count: 159
[225032] -542, -1337, 219
Step count: 159
[225054] -680, -1138, 172
Step count: 159
[225075] -505, -1022, 241
Step count: 159
[225097] -344, -889, 260
Step count: 159
[225118] -299, -842, 231
Step count: 159
[225139] -346, -785, 168
Step count: 159
[225161] -442, -702, 88
Step count: 159
[225182] -474, -713, 117
Step count: 159
[225203] -523, -699, 137
Step count: 159
[225225] -568, -651, 94
Step count: 159
[225246] -581, -628, 51
Step count: 159
[225267] -548, -602, 34
Step count: 159
[225289] -503, -557, 9
Step count: 159
[225310] -478, -521, -25
Step count: 159
[225331] -449, -508, -53
Step count: 159
[225353] -401, -505, -89
Step count: 159
[225374] -384, -534, -90
Step count: 159
[225396] -394, -613, -73
Step count: 159
[225417] -450, -723, -13
Step count: 159
[225438] -501, -836, 63
Step count: 159
[225460] -542, -930, 120
Step count: 159
[225481] -607, -1266, 298
Step count: 159
[225502] -876, -1905, 488
Step count: 159
[225524] -1010, -1464, 210
Step count: 159
[225545] -801, -634, -120
Step count: 159
[225567] -590, -582, -132
Step count: 159
[225588] -591, -927, 41
Step count: 159
[225609] -695, -1176, 202
Step count: 159
[225631] -778, -1307, 250
Step count: 160
[225651] -785, -1161, 210
Step count: 160
[225674] -513, -857, 51
Step count: 160
[225695] -363, -837, 34
Step count: 160
[225716] -418, -510, 57
Step count: 160
[225738] -478, -589, 56
Step count: 160
[225759] -518, -536, 12
Step count: 160
[225781] -583, -503, -16
Step count: 160
[225802] -540, -574, 6
Step count: 160
[225823] -487, -548, 26
Step count: 160
[225845] -474, -528, 44
Step count: 160
[225866] -466, -568, 69
Step count: 160
[225887] -490, -596, 101
Step count: 160
[225909] -527, -654, 141
Step count: 160
[225930] -632, -704, 197
Step count: 160
[225951] -696, -966, 262
Step count: 160
[225974] -685, -954, 282
Step count: 160
[225995] -785, -1611, 432
Step count: 160
[226016] -963, -1717, 223
Step count: 160
[226038] -842, -1046, 82
Step count: 160
[226059] -482, -689, 256
Step count: 160
[226081] -392, -618, 276
Step count: 160
[226102] -636, -912, 207
Step count: 160
[226123] -708, -1192, 231
Step count: 160
[226145] -674, -1286, 264
Step count: 160
[226166] -641, -1322, 239
Step count: 160
[226188] -523, -1170, 181
Step count: 160
[226209] -380, -950, 142
Step count: 160
[226230] -282, -782, 112
Step count: 160
[226251] -296, -698, 84
Step count: 160
[226274] -278, -582, 99
Step count: 160
[226295] -329, -621, 94
Step count: 160
[226316] -346, -615, 91
Step count: 160
[226338] -375, -662, 102
Step count: 160
[226359] -400, -726, 96
Step count: 160
[226381] -453, -749, 37
Step count: 160
[226402] -475, -770, -31
Step count: 160
[226423] -420, -828, 13
Step count: 160
[226445] -337, -888, 107
Step count: 160
[226466] -274, -893, 123
Step count: 160
[226487] -264, -859, 52
Step count: 160
[226509] -284, -973, 76
Step count: 160
[226530] -395, -1439, 264
Step count: 160
[226553] -699, -1119, 20
Step count: 160
[226574] -551, -702, -206
Step count: 160
[226596] -470, -799, -218
Step count: 160
[226617] -561, -1028, -119
Step count: 160
[226639] -658, -1238, -67
Step count: 160
[226660] -669, -1265, -10
Step count: 160
[226681] -670, -1183, 44
Step count: 160
[226703] -547, -1021, -27
Step count: 160
[226724] -410, -765, -89
Step count: 161
[226746] -301, -632, -38
Step count: 161
[226767] -406, -607, 34
Step count: 161
[226788] -530, -612, 33
Step count: 161
[226810] -524, -464, 6
Step count: 161
[226831] -549, -612, 59
Step count: 161
[226853] -599, -661, 124
Step count: 161
[226875] -590, -686, 120
Step count: 161
[226896] -584, -671, 99
Step count: 161
[226918] -607, -687, 102
Step count: 161
[226939] -678, -705, 106
Step count: 161
[226960] -718, -857, 114
Step count: 161
[226982] -704, -1004, 130
Step count: 161
[227003] -699, -987, 98
Step count: 161
[227025] -729, -959, 142
Step count: 161
[227046] -813, -1447, 273
Step count: 161
[227067] -914, -1578, 94
Step count: 161
[227089] -815, -1150, -73
Step count: 161
[227110] -596, -762, 32
Step count: 161
[227132] -511, -703, 84
Step count: 161
[227154] -660, -1061, 67
Step count: 161
[227175] -577, -1073, 134
Step count: 161
[227197] -548, -1126, 142
Step count: 161
[227218] -560, -1169, 80
Step count: 161
[227239] -499, -1054, 10
Step count: 161
[227261] -302, -810, 3
Step count: 161
[227282] -225, -682, -21
Step count: 161
[227303] -319, -726, -6
Step count: 161
[227325] -344, -620, -1
Step count: 161
[227346] -324, -600, 9
Step count: 161
[227368] -293, -572, 7
Step count: 161
[227389] -329, -590, -11
Step count: 161
[227410] -364, -629, -45
Step count: 161
[227431] -362, -647, -117
Step count: 161
[227454] -311, -769, -37
Step count: 161
[227475] -359, -836, 86
Step count: 161
[227496] -418, -921, 151
Step count: 161
[227518] -454, -951, 115
Step count: 161
[227539] -434, -959, 85
Step count: 161
[227560] -454, -1221, 231
Step count: 161
[227582] -672, -1637, 361
Step count: 161
[227603] -735, -1375, 258
Step count: 161
[227625] -746, -852, -132
Step count: 161
[227646] -590, -585, -189
Step count: 161
[227667] -529, -729, -99
Step count: 161
[227689] -643, -1086, -51
Step count: 161
[227710] -784, -1249, -54
Step count: 161
[227731] -771, -1153, 15
Step count: 161
[227754] -447, -786, -40
Step count: 162
[227775] -433, -784, -44
Step count: 162
[227796] -600, -863, 20
Step count: 162
[227818] -577, -597, 7
Step count: 162
[227839] -459, -656, 40
Step count: 162
[227861] -457, -616, 37
Step count: 162
[227882] -526, -591, 45
Step count: 162
[227903] -553, -623, 74
Step count: 162
[227925] -532, -659, 99
Step count: 162
[227946] -566, -637, 109
Step count: 162
[227968] -597, -639, 102
Step count: 162
[227989] -583, -674, 93
Step count: 162
[228010] -615, -675, 100
Step count: 162
[228033] -706, -835, 149
Step count: 162
[228055] -670, -897, 110
Step count: 162
[228076] -606, -857, 126
Step count: 162
[228097] -695, -1102, 249
Step count: 162
[228119] -916, -1633, 298
Step count: 162
[228140] -1022, -1484, 37
Step count: 162
[228162] -814, -942, -27
Step count: 162
[228183] -508, -706, 108
Step count: 162
[228204] -489, -776, 100
Step count: 162
[228226] -639, -897, 67
Step count: 162
[228247] -622, -958, 88
Step count: 162
[228268] -552, -1036, 116
Step count: 162
[228290] -475, -1116, 169
Step count: 162
[228312] -583, -1115, 45
Step count: 162
[228334] -440, -853, -20
Step count: 162
[228355] -426, -791, 24
Step count: 162
[228376] -404, -665, 5
Step count: 163
[228398] -397, -655, -20
Step count: 163
[228419] -373, -636, -40
Step count: 163
[228441] -346, -626, -16
Step count: 163
[228462] -343, -611, 1
Step count: 163
[228483] -357, -608, 0
Step count: 163
[228505] -372, -642, -10
Step count: 163
[228526] -400, -723, -30
Step count: 163
[228548] -411, -802, -28
Step count: 163
[228569] -390, -833, 6
Step count: 163
[228590] -392, -883, 38
Step count: 163
[228613] -485, -935, -3
Step count: 163
[228635] -600, -1355, 109
Step count: 163
[228656] -726, -1447, 119
Step count: 163
[228677] -648, -994, 5
Step count: 163
[228699] -559, -714, -82
Step count: 163
[228720] -602, -817, -74
Step count: 163
[228742] -710, -1006, -84
Step count: 163
[228763] -715, -1114, -59
Step count: 163
[228784] -693, -1135, 14
Step count: 163
[228806] -677, -1090, 62
Step count: 163
[228827] -650, -927, -10
Step count: 163
[228849] -563, -762, -43
Step count: 163
[228870] -506, -743, 41
Step count: 163
[228892] -520, -720, 119
Step count: 163
[228914] -585, -579, 61
Step count: 163
[228935] -564, -626, 91
Step count: 163
[228956] -577, -644, 121
Step count: 163
[228978] -591, -652, 144
Step count: 163
[228999] -552, -655, 156
Step count: 163
[229021] -514, -600, 160
Step count: 163
[229042] -542, -605, 150
Step count: 163
[229063] -596, -594, 147
Step count: 163
[229085] -697, -645, 165
Step count: 163
[229106] -710, -795, 219
Step count: 164
[229128] -745, -871, 228
Step count: 164
[229149] -748, -880, 209
Step count: 164
[229170] -766, -895, 212
Step count: 164
[229191] -886, -1286, 311
Step count: 164
[229214] -880, -1144, 57
Step count: 164
[229235] -689, -774, 71
Step count: 164
[229256] -601, -584, 78
Step count: 164
[229278] -803, -672, -25
Step count: 164
[229299] -867, -874, 18
Step count: 164
[229321] -770, -1028, 101
Step count: 164
[229342] -713, -1174, 140
Step count: 164
[229363] -689, -1232, 106
Step count: 164
[229385] -615, -1104, 57
Step count: 164
[229406] -508, -936, 25
Step count: 164
[229428] -394, -854, 90
Step count: 164
[229449] -380, -655, 41
Step count: 164
[229470] -469, -705, 26
Step count: 164
[229493] -409, -634, 45
Step count: 164
[229514] -409, -638, 41
Step count: 164
[229536] -363, -641, 43
Step count: 164
[229557] -329, -679, 150
Step count: 164
[229579] -396, -735, 41
Step count: 164
[229600] -389, -672, -33
Step count: 164
[229621] -323, -727, 51
Step count: 164
[229643] -384, -782, 48
Step count: 164
[229664] -494, -816, 21
Step count: 165
[229686] -529, -866, 17
Step count: 165
[229707] -488, -838, 8
Step count: 165
[229728] -494, -929, 68
Step count: 165
[229750] -613, -1266, 167
Step count: 165
[229771] -702, -1329, 184
Step count: 165
[229793] -635, -779, 17
Step count: 165
[229815] -598, -752, -2
Step count: 165
[229836] -688, -947, 9
Step count: 165
[229858] -776, -1061, 46
Step count: 165
[229879] -759, -1033, 77
Step count: 165
[229900] -692, -969, 83
Step count: 165
[229922] -609, -859, 20
Step count: 165
[229943] -550, -746, -44
Step count: 165
[229964] -562, -654, -11
Step count: 165
[229986] -507, -624, 79
Step count: 165
[230007] -531, -609, 104
Step count: 165
[230028] -542, -600, 104
Step count: 165
[230050] -529, -655, 96
Step count: 165
[230071] -557, -707, 126
Step count: 165
[230093] -616, -695, 228
Step count: 165
[230115] -600, -687, 247
Step count: 165
[230136] -624, -683, 251
Step count: 165
[230158] -723, -735, 261
Step count: 165
[230179] -812, -814, 307
Step count: 165
[230200] -882, -881, 330
Step count: 165
[230222] -900, -931, 319
Step count: 165
[230243] -807, -876, 298
Step count: 165
[230264] -809, -1098, 435
Step count: 166
[230286] -896, -1428, 441
Step count: 166
[230307] -899, -1166, 171
Step count: 166
[230329] -766, -761, 106
Step count: 166
[230350] -658, -539, 179
Step count: 166
[230372] -733, -618, 147
Step count: 166
[230394] -653, -929, 202
Step count: 166
[230415] -658, -959, 213
Step count: 166
[230436] -648, -1029, 191
Step count: 166
[230458] -538, -945, 230
Step count: 166
[230479] -469, -895, 189
Step count: 166
[230501] -513, -749, 59
Step count: 166
[230522] -422, -715, 117
Step count: 166
[230543] -393, -729, 143
Step count: 166
[230565] -395, -653, 65
Step count: 166
[230586] -430, -711, 55
Step count: 166
[230608] -398, -708, 92
Step count: 166
[230629] -361, -685, 110
Step count: 166
[230650] -416, -701, 89
Step count: 166
[230673] -427, -744, 31
Step count: 166
[230694] -397, -804, 76
Step count: 166
[230716] -424, -877, 91
Step count: 166
[230737] -465, -907, 50
Step count: 166
[230758] -464, -879, 6
Step count: 166
[230780] -470, -1122, 191
Step count: 166
[230801] -646, -1609, 394
Step count: 166
[230822] -737, -1315, 247
Step count: 166
[230844] -653, -772, -101
Step count: 166
[230865] -485, -633, -143
Step count: 166
[230887] -519, -907, 2
Step count: 166
[230908] -709, -1097, -12
Step count: 166
[230929] -761, -1065, -82
Step count: 166
[230951] -664, -971, 3
Step count: 166
[230972] -548, -859, 36
Step count: 166
[230994] -510, -654, -28
Step count: 166
[231015] -435, -624, 84
Step count: 166
[231036] -452, -609, 130
Step count: 166
[231058] -627, -726, 152
Step count: 166
[231079] -585, -597, 106
Step count: 166
[231100] -578, -703, 158
Step count: 166
[231122] -583, -724, 209
Step count: 166
[231143] -613, -682, 207
Step count: 166
[231165] -640, -636, 192
Step count: 166
[231186] -611, -751, 264
Step count: 166
[231207] -645, -787, 292
Step count: 166
[231229] -827, -713, 272
Step count: 166
[231250] -895, -826, 325
Step count: 166
[231271] -839, -804, 329
Step count: 166
[231293] -852, -1047, 522
Step count: 166
[231315] -924, -1533, 498
Step count: 166
[231336] -949, -1314, 129
Step count: 166
[231358] -708, -917, 115
Step count: 166
[231379] -619, -654, 197
Step count: 166
[231400] -807, -653, 133
Step count: 166
[231422] -892, -880, 130
Step count: 166
[231443] -740, -982, 206
Step count: 166
[231464] -649, -1053, 199
Step count: 166
[231486] -623, -1063, 145
Step count: 166
[231507] -544, -935, 104
Step count: 166
[231528] -454, -767, 100
Step count: 166
[231550] -377, -702, 96
Step count: 166
[231571] -379, -770, 187
Step count: 166
[231593] -419, -663, 90
Step count: 166
[231615] -461, -711, 58
Step count: 166
[231636] -414, -736, 97
Step count: 166
[231658] -338, -728, 115
Step count: 166
[231679] -326, -710, 97
Step count: 166
[231700] -365, -685, 67
Step count: 166
[231722] -387, -690, 56
Step count: 166
[231743] -387, -760, 98
Step count: 166
[231764] -412, -816, 93
Step count: 166
[231786] -460, -856, 53
Step count: 166
[231807] -458, -829, -10
Step count: 166
[231829] -416, -842, 33
Step count: 166
[231850] -469, -1213, 220
Step count: 167
[231872] -676, -1500, 259
Step count: 167
[231894] -589, -791, -88
Step count: 167
[231915] -507, -863, -11
Step count: 167
[231936] -578, -1017, 39
Step count: 167
[231958] -691, -1174, 19
Step count: 167
[231979] -727, -1209, 40
Step count: 167
[232000] -682, -1092, 110
Step count: 167
[232022] -576, -977, 84
Step count: 167
[232043] -486, -864, 3
Step count: 167
[232064] -473, -740, 20
Step count: 167
[232086] -433, -619, 99
Step count: 167
[232107] -572, -727, 158
Step count: 167
[232128] -540, -610, 163
Step count: 167
[232150] -483, -635, 168
Step count: 167
[232171] -568, -651, 204
Step count: 167
[232192] -626, -696, 233
Step count: 167
[232214] -654, -591, 283
Step count: 167
[232235] -694, -614, 305
Step count: 167
[232257] -673, -631, 314
Step count: 167
[232278] -771, -564, 293
Step count: 167
[232299] -825, -678, 340
Step count: 167
[232321] -794, -803, 405
Step count: 167
[232342] -788, -828, 400
Step count: 167
[232363] -797, -770, 301
Step count: 167
[232385] -801, -795, 360
Step count: 167
[232406] -845, -1367, 575
Step count: 167
[232427] -938, -1498, 376
Step count: 167
[232449] -1007, -1174, 102
Step count: 167
[232470] -838, -833, 98
Step count: 167
[232493] -766, -738, 59
Step count: 167
[232514] -878, -1011, 197
Step count: 167
[232536] -719, -1200, 351
Step count: 167
[232557] -658, -1269, 345
Step count: 167
[232578] -609, -1238, 213
Step count: 167
[232600] -532, -1015, 159
Step count: 167
[232621] -464, -978, 180
Step count: 167
[232643] -292, -875, 215
Step count: 167
[232664] -303, -779, 156
Step count: 167
[232685] -338, -747, 154
Step count: 167
[232707] -278, -628, 131
Step count: 167
[232728] -217, -540, 132
Step count: 167
[232750] -197, -563, 134
Step count: 167
[232771] -262, -537, 61
Step count: 167
[232792] -311, -515, 17
Step count: 167
[232814] -427, -537, 53
Step count: 167
[232835] -415, -526, 9
Step count: 167
[232857] -434, -461, -57
Step count: 167
[232878] -553, -500, -67
Step count: 167
[232899] -635, -611, -78
Step count: 167
[232921] -633, -598, -114
Step count: 167
[232942] -697, -509, -157
Step count: 167
[232963] -811, -486, -187
Step count: 167
[232985] -807, -471, -171
Step count: 167
[233006] -782, -735, 7
Step count: 167
[233028] -1021, -1304, 90
Step count: 168
[233049] -1256, -1421, 66
Step count: 168
[233070] -1234, -1138, -57
Step count: 168
[233091] -1036, -838, -161
Step count: 168
[233113] -761, -849, -97
Step count: 168
[233135] -710, -892, -34
Step count: 168
[233156] -671, -764, -17
Step count: 168
[233178] -619, -652, -38
Step count: 168
[233199] -570, -579, -56
Step count: 168
[233220] -383, -418, 6
Step count: 168
[233242] -424, -513, 52
Step count: 168
[233263] -624, -570, 142
Step count: 168
[233284] -631, -440, 152
Step count: 168
[233306] -698, -567, 182
Step count: 168
[233327] -797, -570, 191
Step count: 168
[233348] -820, -497, 165
Step count: 168
[233370] -750, -506, 143
Step count: 168
[233391] -656, -573, 164
Step count: 168
[233412] -692, -674, 183
Step count: 168
[233434] -879, -919, 225
Step count: 168
[233456] -913, -924, 198
Step count: 168
[233477] -890, -1049, 303
Step count: 168
[233498] -986, -1440, 393
Step count: 168
[233520] -1045, -1325, 123
Step count: 168
[233541] -945, -956, 30
Step count: 168
[233562] -845, -782, 146
Step count: 168
[233584] -792, -911, 150
Step count: 168
[233605] -732, -1035, 85
Step count: 168
[233626] -729, -972, 61
Step count: 168
[233648] -730, -1063, 120
Step count: 168
[233669] -667, -1125, 130
Step count: 168
[233690] -544, -970, 72
Step count: 169
[233713] -361, -599, 113
Step count: 169
[233735] -326, -685, 146
Step count: 169
[233756] -221, -586, 123
Step count: 169
[233777] -263, -449, 60
Step count: 169
[233799] -306, -513, 74
Step count: 169
[233820] -337, -554, 74
Step count: 169
[233841] -359, -585, 33
Step count: 169
[233863] -400, -680, -3
Step count: 169
[233884] -387, -705, 8
Step count: 169
[233905] -355, -705, 24
Step count: 169
[233927] -360, -762, 70
Step count: 169
[233948] -345, -871, 163
Step count: 169
[233969] -326, -911, 232
Step count: 169
[233991] -392, -913, 163
Step count: 169
[234012] -465, -805, 36
Step count: 169
[234034] -530, -1204, 204
Step count: 169
[234055] -652, -1360, 271
Step count: 169
[234077] -668, -1103, 185
Step count: 169
[234098] -730, -935, 40
Step count: 169
[234119] -815, -941, -39
Step count: 169
[234141] -852, -1050, -97
Step count: 169
[234162] -825, -1204, -96
Step count: 169
[234183] -692, -1168, 14
Step count: 169
[234205] -595, -1021, 74
Step count: 169
[234226] -544, -835, -4
Step count: 169
[234247] -297, -888, 2
Step count: 169
[234269] -323, -563, -29
Step count: 169
[234290] -494, -441, 15
Step count: 169
[234312] -438, -538, 52
Step count: 169
[234334] -452, -454, 65
Step count: 169
[234355] -522, -527, 73
Step count: 169
[234376] -528, -522, 86
Step count: 169
[234398] -554, -549, 102
Step count: 169
[234419] -525, -757, 155
Step count: 169
[234440] -461, -736, 177
Step count: 169
[234462] -609, -622, 166
Step count: 169
[234483] -755, -877, 202
Step count: 170
[234505] -807, -1000, 207
Step count: 170
[234526] -739, -979, 184
Step count: 170
[234547] -660, -1106, 287
Step count: 170
[234569] -832, -1459, 324
Step count: 170
[234590] -964, -1527, 189
Step count: 170
[234612] -892, -1154, 130
Step count: 170
[234634] -630, -775, 127
Step count: 170
[234655] -627, -808, 78
Step count: 170
[234676] -710, -974, 91
Step count: 170
[234698] -708, -1038, 120
Step count: 170
[234719] -642, -944, 92
Step count: 170
[234740] -577, -891, 68
Step count: 170
[234762] -413, -840, 65
Step count: 170
[234783] -338, -777, 81
Step count: 170
[234804] -313, -647, 73
Step count: 170
[234826] -309, -565, 43
Step count: 170
[234847] -355, -551, 41
Step count: 170
[234868] -360, -570, 58
Step count: 170
[234890] -373, -571, 58
Step count: 170
[234911] -391, -600, 52
Step count: 170
[234933] -397, -683, 34
Step count: 170
[234955] -400, -754, 42
Step count: 170
[234976] -415, -828, 66
Step count: 170
[234997] -422, -921, 119
Step count: 170
[235019] -436, -1022, 126
Step count: 170
[235040] -446, -1017, 101
Step count: 170
[235061] -469, -1176, 279
Step count: 170
[235083] -635, -1728, 444
Step count: 170
[235104] -734, -1570, 322
Step count: 171
[235126] -716, -889, -42
Step count: 171
[235147] -574, -702, -110
Step count: 171
[235168] -541, -920, -58
Step count: 171
[235190] -601, -1186, 5
Step count: 171
[235211] -615, -1271, 37
Step count: 171
[235232] -531, -1100, 114
Step count: 171
[235254] -427, -724, 8
Step count: 171
[235275] -350, -677, -85
Step count: 171
[235297] -331, -608, -66
Step count: 171
[235318] -323, -553, 46
Step count: 171
[235340] -300, -530, 114
Step count: 171
[235361] -418, -571, 87
Step count: 171
[235382] -492, -508, 69
Step count: 171
[235404] -487, -677, 101
Step count: 171
[235425] -489, -645, 128
Step count: 171
[235446] -544, -568, 163
Step count: 171
[235468] -554, -589, 205
Step count: 171
[235489] -527, -672, 231
Step count: 171
[235510] -582, -718, 247
Step count: 171
[235531] -767, -708, 267
Step count: 171
[235553] -810, -916, 320
Step count: 171
[235575] -796, -790, 265
Step count: 171
[235596] -864, -786, 268
Step count: 171
[235618] -902, -1361, 478
Step count: 171
[235639] -890, -1444, 390
Step count: 171
[235660] -913, -1094, 187
Step count: 171
[235682] -818, -872, 205
Step count: 171
[235703] -717, -805, 184
Step count: 171
[235724] -775, -810, 153
Step count: 171
[235746] -773, -1004, 211
Step count: 171
[235767] -695, -1013, 220
Step count: 171
[235788] -669, -948, 190
Step count: 171
[235810] -598, -913, 166
Step count: 171
[235831] -457, -761, 151
Step count: 171
[235853] -299, -710, 149
Step count: 171
[235875] -272, -630, 106
Step count: 171
[235896] -367, -662, 115
Step count: 171
[235918] -355, -705, 137
Step count: 171
[235939] -412, -678, 112
Step count: 171
[235960] -450, -688, 84
Step count: 171
[235982] -421, -682, 71
Step count: 171
[236003] -377, -672, 74
Step count: 171
[236024] -349, -717, 93
Step count: 171
[236046] -355, -810, 123
Step count: 171
[236067] -377, -904, 144
Step count: 171
[236088] -401, -944, 117
Step count: 171
[236110] -389, -935, 111
Step count: 171
[236132] -425, -1159, 257
Step count: 171
[236154] -685, -1478, 276
Step count: 172
[236175] -640, -963, 15
Step count: 172
[236196] -605, -824, -109
Step count: 172
[236218] -613, -851, -141
Step count: 172
[236239] -631, -1005, -113
Step count: 172
[236261] -649, -1211, -40
Step count: 172
[236282] -619, -1202, 68
Step count: 172
[236303] -565, -1022, 99
Step count: 172
[236325] -466, -877, 39
Step count: 172
[236346] -338, -779, -16
Step count: 172
[236367] -310, -657, -48
Step count: 172
[236389] -280, -665, 11
Step count: 172
[236410] -387, -527, 14
Step count: 172
[236431] -425, -547, 59
Step count: 172
[236454] -496, -601, 31
Step count: 172
[236475] -520, -594, 57
Step count: 172
[236496] -526, -569, 80
Step count: 172
[236518] -582, -555, 87
Step count: 172
[236539] -513, -777, 155
Step count: 172
[236560] -440, -808, 185
Step count: 172
[236582] -672, -584, 140
Step count: 172
[236603] -766, -957, 207
Step count: 172
[236624] -725, -1031, 197
Step count: 172
[236646] -730, -828, 153
Step count: 172
[236667] -802, -734, 218
Step count: 172
[236689] -965, -1257, 345
Step count: 172
[236710] -968, -1634, 306
Step count: 172
[236731] -759, -1300, 161
Step count: 172
[236754] -589, -540, -19
Step count: 172
[236775] -643, -474, -39
Step count: 172
[236796] -800, -786, -52
Step count: 173
[236818] -1049, -1462, 116
Step count: 173
[236839] -830, -1611, 209
Step count: 173
[236860] -645, -1266, 145
Step count: 173
[236882] -524, -1179, 58
Step count: 173
[236903] -390, -1165, 68
Step count: 173
[236925] -289, -957, 48
Step count: 173
[236946] -341, -889, 13
Step count: 173
[236967] -379, -880, -2
Step count: 173
[236989] -374, -830, -28
Step count: 173
[237010] -316, -727, -54
Step count: 173
[237031] -252, -666, -68
Step count: 173
[237053] -183, -660, -28
Step count: 173
[237075] -174, -623, -41
Step count: 173
[237096] -172, -622, -75
Step count: 173
[237117] -206, -676, -85
Step count: 173
[237139] -231, -751, -36
Step count: 173
[237160] -216, -799, 32
Step count: 173
[237182] -255, -795, 16
Step count: 173
[237203] -316, -847, 41
Step count: 173
[237224] -479, -1222, 265
Step count: 173
[237246] -795, -1701, 383
Step count: 173
[237267] -840, -1423, 190
Step count: 173
[237288] -809, -982, -83
Step count: 173
[237310] -715, -942, -54
Step count: 173
[237331] -685, -1055, 11
Step count: 174
[237353] -718, -1297, 55
Step count: 174
[237375] -660, -1240, 122
Step count: 174
[237396] -551, -1100, 197
Step count: 174
[237418] -435, -934, 230
Step count: 174
[237439] -422, -834, 217
Step count: 174
[237460] -500, -779, 201
Step count: 174
[237482] -543, -727, 160
Step count: 174
[237503] -530, -711, 147
Step count: 174
[237525] -490, -710, 177
Step count: 174
[237546] -467, -689, 208
Step count: 174
[237567] -465, -670, 225
Step count: 174
[237589] -472, -679, 221
Step count: 174
[237610] -483, -713, 221
Step count: 174
[237632] -487, -729, 232
Step count: 174
[237654] -456, -686, 228
Step count: 174
[237675] -454, -674, 206
Step count: 174
[237697] -455, -686, 179
Step count: 174
[237718] -459, -705, 180
Step count: 174
[237739] -479, -722, 180
Step count: 174
[237761] -516, -760, 170
Step count: 174
[237782] -540, -814, 180
Step count: 174
[237803] -575, -952, 201
Step count: 174
[237825] -638, -1179, 222
Step count: 174
[237846] -638, -1194, 195
Step count: 174
[237868] -585, -955, 121
Step count: 174
[237889] -490, -747, 150
Step count: 174
[237910] -502, -759, 168
Step count: 174
[237932] -680, -1002, 129
Step count: 174
[237954] -747, -1208, 44
Step count: 174
[237975] -622, -1108, 50
Step count: 174
[237997] -491, -921, 17
Step count: 174
[238018] -463, -839, -39
Step count: 174
[238039] -478, -829, -82
Step count: 174
[238061] -510, -774, -102
Step count: 174
[238082] -472, -769, -72
Step count: 174
[238103] -420, -729, -29
Step count: 174
[238125] -458, -741, 0
Step count: 174
[238146] -471, -756, 2
Step count: 174
[238168] -417, -716, -6
Step count: 174
[238189] -391, -682, -8
Step count: 174
[238210] -399, -697, 7
Step count: 174
[238231] -414, -790, 38
Step count: 174
[238254] -459, -791, 59
Step count: 174
[238275] -468, -799, 75
Step count: 174
[238296] -468, -831, 93
Step count: 174
[238318] -454, -872, 112
Step count: 174
[238339] -449, -920, 116
Step count: 174
[238360] -442, -950, 133
Step count: 174
[238382] -443, -1095, 248
Step count: 175
[238403] -585, -1465, 343
Step count: 175
[238425] -734, -1545, 270
Step count: 175
[238446] -705, -1154, 62
Step count: 175
[238467] -572, -828, -84
Step count: 175
[238489] -436, -624, -103
Step count: 175
[238510] -417, -654, -84
Step count: 175
[238531] -502, -885, -76
Step count: 175
[238554] -445, -962, -24
Step count: 175
[238575] -301, -1014, 8
Step count: 175
[238596] -313, -784, -54
Step count: 175
[238618] -479, -745, -94
Step count: 175
[238639] -453, -592, -82
Step count: 175
[238660] -382, -565, -74
Step count: 175
[238682] -367, -634, -64
Step count: 175
[238703] -393, -560, -35
Step count: 175
[238725] -429, -512, 17
Step count: 175
[238746] -427, -619, 46
Step count: 175
[238767] -446, -678, 70
Step count: 175
[238789] -538, -664, 63
Step count: 175
[238810] -536, -672, 62
Step count: 175
[238831] -546, -667, 50
Step count: 175
[238853] -625, -664, 22
Step count: 175
[238874] -657, -781, 17
Step count: 175
[238896] -638, -901, 43
Step count: 175
[238917] -747, -870, 86
Step count: 175
[238939] -802, -952, 175
Step count: 175
[238960] -809, -1177, 285
Step count: 175
[238981] -897, -1420, 286
Step count: 175
[239003] -967, -1317, 160
Step count: 175
[239024] -796, -1017, 60
Step count: 175
[239046] -630, -711, -27
Step count: 175
[239067] -572, -526, -59
Step count: 175
[239088] -650, -649, 8
Step count: 175
[239110] -792, -948, 124
Step count: 175
[239131] -844, -1186, 253
Step count: 175
[239153] -520, -1188, 278
Step count: 176
[239175] -417, -1031, 228
Step count: 176
[239196] -402, -875, 167
Step count: 176
[239218] -370, -988, 172
Step count: 176
[239239] -221, -836, 190
Step count: 176
[239260] -437, -782, 97
Step count: 176
[239282] -444, -814, 141
Step count: 176
[239303] -330, -710, 145
Step count: 176
[239325] -329, -675, 112
Step count: 176
[239346] -361, -658, 67
Step count: 176
[239367] -355, -649, 38
Step count: 176
[239389] -305, -663, 54
Step count: 176
[239410] -265, -684, 82
Step count: 176
[239431] -299, -734, 87
Step count: 176
[239454] -358, -791, 80
Step count: 176
[239475] -402, -846, 82
Step count: 176
[239496] -427, -877, 83
Step count: 176
[239518] -414, -848, 69
Step count: 176
[239539] -411, -839, 67
Step count: 176
[239561] -465, -1052, 175
Step count: 176
[239582] -633, -1486, 280
Step count: 176
[239603] -674, -1487, 244
Step count: 176
[239625] -580, -1011, 94
Step count: 176
[239646] -506, -849, 73
Step count: 176
[239668] -571, -950, 91
Step count: 176
[239689] -696, -1119, 93
Step count: 176
[239710] -738, -1206, 137
Step count: 176
[239733] -620, -876, 243
Step count: 176
[239754] -541, -741, 138
Step count: 176
[239776] -443, -928, -7
Step count: 176
[239797] -485, -698, -33
Step count: 176
[239819] -551, -687, 59
Step count: 176
[239840] -490, -655, 138
Step count: 176
[239861] -490, -536, 110
Step count: 176
[239883] -513, -524, 71
Step count: 176
[239904] -523, -553, 54
Step count: 176
[239925] -540, -586, 76
Step count: 176
[239947] -545, -624, 120
Step count: 176
[239968] -553, -648, 156
Step count: 177
[239990] -554, -670, 184
Step count: 177
[240011] -552, -649, 195
Step count: 177
[240032] -605, -651, 214
Step count: 177
[240054] -617, -925, 277
Step count: 177
[240075] -626, -930, 273
Step count: 177
[240097] -623, -1056, 334
Step count: 177
[240118] -663, -1391, 416
Step count: 177
[240139] -796, -1520, 322
Step count: 177
[240161] -832, -1246, 176
Step count: 177
[240182] -658, -907, 218
Step count: 177
[240204] -490, -802, 317
Step count: 177
[240225] -541, -967, 312
Step count: 177
[240246] -619, -1099, 268
Step count: 177
[240268] -636, -1110, 248
Step count: 177
[240289] -622, -1095, 245
Step count: 177
[240310] -536, -1010, 232
Step count: 177
[240331] -439, -814, 210
Step count: 177
[240354] -307, -771, 205
Step count: 177
[240375] -260, -657, 148
Step count: 177
[240396] -269, -632, 111
Step count: 177
[240418] -281, -636, 113
Step count: 177
[240439] -327, -566, 110
Step count: 177
[240460] -318, -590, 103
Step count: 177
[240482] -327, -629, 80
Step count: 178
[240503] -344, -656, 80
Step count: 178
[240525] -349, -701, 94
Step count: 178
[240546] -360, -767, 100
Step count: 178
[240567] -404, -863, 104
Step count: 178
[240589] -453, -980, 134
Step count: 178
[240610] -473, -1062, 173
Step count: 178
[240632] -489, -1151, 197
Step count: 178
[240654] -517, -1381, 350
Step count: 178
[240675] -528, -1070, 147
Step count: 178
[240696] -609, -855, -92
Step count: 178
[240718] -547, -903, 16
Step count: 178
[240739] -543, -1097, 140
Step count: 178
[240760] -602, -1192, 108
Step count: 178
[240782] -648, -1169, 27
Step count: 178
[240803] -606, -1106, -31
Step count: 178
[240824] -541, -987, -103
Step count: 178
[240846] -492, -814, -132
Step count: 178
[240867] -432, -763, -79
Step count: 178
[240889] -293, -839, -18
Step count: 178
[240910] -275, -548, -90
Step count: 178
[240931] -460, -440, -107
Step count: 178
[240953] -359, -530, -3
Step count: 178
[240975] -383, -510, 48
Step count: 178
[240996] -462, -536, 58
Step count: 178
[241017] -485, -629, 76
Step count: 178
[241039] -544, -719, 94
Step count: 179
[241060] -580, -785, 125
Step count: 179
[241082] -572, -755, 142
Step count: 179
[241103] -618, -771, 176
Step count: 179
[241124] -655, -901, 238
Step count: 179
[241146] -734, -1015, 261
Step count: 179
[241167] -857, -1074, 236
Step count: 179
[241188] -897, -1098, 236
Step count: 179
[241210] -847, -1232, 337
Step count: 179
[241231] -809, -1458, 355
Step count: 179
[241253] -690, -1022, 87
Step count: 179
[241275] -605, -684, 106
Step count: 179
[241296] -662, -709, 148
Step count: 179
[241317] -740, -947, 172
Step count: 179
[241339] -748, -1069, 205
Step count: 179
[241360] -702, -1097, 194
Step count: 179
[241382] -582, -1034, 180
Step count: 179
[241403] -464, -871, 152
Step count: 179
[241424] -414, -797, 155
Step count: 179
[241446] -355, -691, 136
Step count: 179
[241467] -243, -656, 125
Step count: 179
[241488] -289, -558, 41
Step count: 179
[241510] -323, -571, 58
Step count: 179
[241531] -324, -552, 96
Step count: 179
[241553] -342, -637, 124
Step count: 179
[241575] -368, -668, 91
Step count: 179
[241596] -376, -736, 70
Step count: 179
[241618] -365, -791, 77
Step count: 179
[241639] -385, -831, 74
Step count: 180
[241660] -428, -871, 69
Step count: 180
[241682] -434, -932, 105
Step count: 180
[241703] -439, -1018, 143
Step count: 180
[241725] -451, -1117, 183
Step count: 180
[241746] -508, -1332, 272
Step count: 180
[241767] -564, -1360, 291
Step count: 180
[241789] -567, -1061, 119
Step count: 180
[241810] -568, -844, -170
Step count: 180
[241831] -489, -912, -81
Step count: 180
[241853] -625, -1405, 191
Step count: 180
[241875] -560, -1163, 99
Step count: 180
[241896] -583, -1031, 23
Step count: 180
[241918] -625, -949, -89
Step count: 180
[241939] -568, -832, -136
Step count: 180
[241960] -483, -759, -58
Step count: 180
[241982] -450, -692, 26
Step count: 180
[242003] -378, -633, 49
Step count: 180
[242025] -430, -654, 18
Step count: 180
[242046] -465, -453, 14
Step count: 180
[242067] -481, -430, 86
Step count: 180
[242089] -430, -645, 177
Step count: 180
[242110] -461, -680, 177
Step count: 180
[242132] -550, -625, 165
Step count: 180
[242154] -560, -701, 218
Step count: 180
[242175] -627, -593, 204
Step count: 180
[242196] -720, -640, 231
Step count: 180
[242218] -707, -844, 310
Step count: 181
[242239] -715, -970, 326
Step count: 181
[242261] -819, -888, 229
Step count: 181
[242282] -843, -768, 203
Step count: 181
[242303] -713, -1056, 431
Step count: 181
[242325] -856, -1572, 452
Step count: 181
[242346] -961, -1381, 145
Step count: 181
[242368] -826, -964, 85
Step count: 181
[242389] -709, -750, 116
Step count: 181
[242410] -775, -758, 69
Step count: 181
[242431] -822, -991, 108
Step count: 181
[242453] -625, -1048, 203
Step count: 181
[242475] -582, -1081, 187
Step count: 181
[242496] -453, -875, 127
Step count: 181
[242518] -399, -785, 134
Step count: 181
[242539] -331, -751, 176
Step count: 181
[242560] -260, -608, 150
Step count: 181
[242582] -377, -596, 77
Step count: 181
[242603] -407, -710, 102
Step count: 181
[242624] -356, -708, 117
Step count: 181
[242646] -357, -731, 114
Step count: 181
[242667] -407, -787, 116
Step count: 181
[242689] -442, -808, 112
Step count: 181
[242710] -482, -882, 91
Step count: 181
[242731] -499, -978, 94
Step count: 181
[242753] -448, -1087, 124
Step count: 181
[242775] -436, -1168, 173
Step count: 181
[242796] -517, -1414, 268
Step count: 181
[242818] -551, -1295, 263
Step count: 181
[242839] -533, -907, 54
Step count: 181
[242860] -487, -745, -201
Step count: 181
[242882] -447, -842, -127
Step count: 181
[242903] -551, -1234, 49
Step count: 181
[242925] -541, -1301, 101
Step count: 181
[242946] -476, -1088, 63
Step count: 181
[242967] -523, -956, 6
Step count: 181
[242989] -555, -836, -105
Step count: 181
[243010] -486, -726, -179
Step count: 182
[243032] -432, -709, -161
Step count: 182
[243054] -369, -550, 45
Step count: 182
[243075] -302, -427, 75
Step count: 182
[243096] -430, -692, 126
Step count: 182
[243118] -484, -564, 122
Step count: 182
[243139] -536, -535, 124
Step count: 182
[243161] -528, -723, 190
Step count: 182
[243182] -547, -787, 221
Step count: 182
[243203] -615, -770, 224
Step count: 182
[243225] -632, -768, 250
Step count: 182
[243246] -657, -747, 260
Step count: 182
[243268] -709, -775, 243
Step count: 182
[243289] -729, -860, 272
Step count: 182
[243310] -739, -931, 286
Step count: 182
[243331] -779, -897, 218
Step count: 182
[243354] -812, -1394, 450
Step count: 182
[243375] -1045, -1696, 285
Step count: 182
[243396] -1009, -1223, -29
Step count: 182
[243418] -646, -675, 39
Step count: 182
[243439] -518, -409, 69
Step count: 182
[243460] -696, -545, -15
Step count: 182
[243482] -818, -859, -46
Step count: 182
[243503] -800, -965, -36
Step count: 182
[243525] -715, -1051, 27
Step count: 182
[243546] -604, -1089, 82
Step count: 182
[243567] -477, -974, 62
Step count: 182
[243589] -390, -932, 80
Step count: 182
[243610] -386, -744, 86
Step count: 182
[243631] -357, -646, 80
Step count: 182
[243653] -393, -602, 4
Step count: 182
[243675] -375, -597, 18
Step count: 182
[243696] -366, -619, 54
Step count: 182
[243717] -362, -661, 74
Step count: 182
[243739] -375, -678, 50
Step count: 182
[243760] -382, -686, 46
Step count: 182
[243782] -386, -774, 76
Step count: 182
[243803] -444, -956, 48
Step count: 182
[243824] -429, -977, 75
Step count: 182
[243846] -421, -1030, 67
Step count: 182
[243867] -475, -1031, 75
Step count: 182
[243888] -481, -1266, 279
Step count: 182
[243910] -595, -1728, 408
Step count: 182
[243931] -618, -1312, 182
Step count: 182
[243953] -460, -608, -133
Step count: 182
[243975] -497, -790, -68
Step count: 182
[243996] -617, -1056, -108
Step count: 182
[244018] -667, -1152, -97
Step count: 182
[244039] -610, -1109, 56
Step count: 182
[244060] -530, -1001, 81
Step count: 182
[244082] -471, -848, -38
Step count: 182
[244103] -416, -729, -59
Step count: 183
[244125] -396, -651, 26
Step count: 183
[244146] -456, -561, 67
Step count: 183
[244167] -511, -733, 101
Step count: 183
[244189] -463, -537, 71
Step count: 183
[244210] -473, -651, 93
Step count: 183
[244231] -489, -701, 118
Step count: 183
[244253] -566, -635, 116
Step count: 183
[244275] -542, -656, 148
Step count: 183
[244296] -570, -700, 193
Step count: 183
[244318] -704, -705, 215
Step count: 183
[244339] -812, -810, 274
Step count: 183
[244360] -796, -890, 311
Step count: 183
[244382] -760, -861, 258
Step count: 183
[244403] -722, -848, 266
Step count: 183
[244424] -755, -1233, 462
Step count: 183
[244446] -954, -1712, 440
Step count: 183
[244467] -1038, -1361, 100
Step count: 183
[244489] -737, -750, 63
Step count: 183
[244510] -489, -447, 154
Step count: 183
[244531] -565, -542, 129
Step count: 183
[244553] -789, -1015, 190
Step count: 183
[244575] -705, -1041, 257
Step count: 183
[244596] -616, -1148, 259
Step count: 183
[244618] -481, -999, 203
Step count: 183
[244639] -397, -808, 156
Step count: 183
[244660] -413, -666, 79
Step count: 183
[244682] -352, -612, 90
Step count: 183
[244703] -407, -677, 72
Step count: 183
[244725] -415, -674, 103
Step count: 183
[244746] -296, -716, 169
Step count: 183
[244767] -344, -677, 141
Step count: 183
[244789] -421, -670, 92
Step count: 183
[244810] -407, -703, 103
Step count: 183
[244831] -354, -738, 113
Step count: 183
[244853] -368, -872, 93
Step count: 183
[244875] -408, -892, 55
Step count: 183
[244896] -410, -869, 41
Step count: 183
[244918] -434, -826, 6
Step count: 183
[244939] -433, -926, 79
Step count: 183
[244960] -555, -1598, 360
Step count: 183
[244982] -706, -1687, 439
Step count: 183
[245003] -641, -975, 100
Step count: 183
[245025] -620, -739, -188
Step count: 183
[245046] -613, -775, -170
Step count: 183
[245067] -622, -1002, -110
Step count: 183
[245089] -642, -1193, -65
Step count: 183
[245110] -656, -1181, 55
Step count: 183
[245131] -586, -1050, 139
Step count: 183
[245154] -439, -730, -75
Step count: 183
[245175] -412, -676, -63
Step count: 183
[245196] -330, -588, 37
Step count: 183
[245218] -413, -673, 83
Step count: 183
[245239] -533, -707, 96
Step count: 183
[245260] -514, -463, 50
Step count: 183
[245282] -518, -697, 111
Step count: 183
[245303] -490, -724, 151
Step count: 183
[245325] -487, -671, 159
Step count: 183
[245346] -494, -647, 171
Step count: 183
[245368] -493, -662, 178
Step count: 184
[245389] -548, -690, 206
Step count: 184
[245410] -643, -786, 266
Step count: 184
[245433] -741, -966, 314
Step count: 184
[245454] -749, -875, 265
Step count: 184
[245476] -755, -963, 317
Step count: 184
[245497] -881, -1442, 422
Step count: 184
[245519] -926, -1478, 261
Step count: 184
[245540] -790, -1097, 93
Step count: 184
[245561] -595, -715, 107
Step count: 184
[245583] -561, -512, 52
Step count: 184
[245604] -688, -559, -29
Step count: 184
[245626] -765, -698, 21
Step count: 184
[245647] -829, -815, 102
Step count: 184
[245668] -732, -1020, 154
Step count: 184
[245690] -557, -1026, 180
Step count: 184
[245711] -474, -878, 121
Step count: 184
[245733] -550, -756, 102
Step count: 184
[245755] -486, -700, 69
Step count: 184
[245776] -278, -790, 107
Step count: 184
[245798] -237, -837, 137
Step count: 184
[245819] -254, -782, 150
Step count: 184
[245840] -353, -717, 108
Step count: 184
[245862] -485, -660, 46
Step count: 184
[245883] -469, -614, 28
Step count: 184
[245905] -367, -621, 65
Step count: 184
[245926] -319, -709, 83
Step count: 184
[245947] -358, -841, 61
Step count: 184
[245969] -424, -942, 68
Step count: 185
[245990] -440, -980, 96
Step count: 185
[246012] -462, -888, 25
Step count: 185
[246034] -562, -1704, 375
Step count: 185
[246055] -764, -1719, 402
Step count: 185
[246076] -776, -1027, 17
Step count: 185
[246098] -671, -577, -226
Step count: 185
[246119] -586, -599, -240
Step count: 185
[246141] -620, -907, -238
Step count: 185
[246162] -615, -1128, -107
Step count: 185
[246183] -548, -1100, 140
Step count: 185
[246205] -469, -1000, 244
Step count: 185
[246226] -415, -811, 107
Step count: 185
[246248] -364, -708, 13
Step count: 185
[246269] -339, -606, 29
Step count: 185
[246290] -303, -436, 103
Step count: 185
[246311] -436, -675, 141
Step count: 185
[246333] -495, -533, 87
Step count: 185
[246355] -517, -682, 126
Step count: 185
[246376] -528, -671, 131
Step count: 185
[246398] -520, -713, 148
Step count: 185
[246419] -496, -711, 196
Step count: 185
[246440] -548, -748, 225
Step count: 185
[246462] -666, -820, 231
Step count: 185
[246483] -759, -899, 250
Step count: 186
[246505] -822, -962, 256
Step count: 186
[246526] -805, -917, 222
Step count: 186
[246547] -728, -802, 180
Step count: 186
[246569] -652, -947, 306
Step count: 186
[246590] -824, -1455, 447
Step count: 186
[246611] -974, -1467, 243
Step count: 186
[246633] -569, -609, 142
Step count: 186
[246655] -603, -584, 135
Step count: 186
[246676] -758, -708, 70
Step count: 186
[246698] -765, -838, 118
Step count: 186
[246719] -692, -974, 206
Step count: 186
[246740] -609, -997, 237
Step count: 186
[246762] -606, -977, 187
Step count: 186
[246783] -561, -960, 170
Step count: 186
[246805] -331, -749, 227
Step count: 186
[246826] -303, -574, 155
Step count: 186
[246847] -342, -667, 158
Step count: 186
[246869] -347, -723, 83
Step count: 186
[246890] -422, -774, 75
Step count: 186
[246912] -281, -782, 180
Step count: 186
[246934] -421, -667, 140
Step count: 186
[246955] -447, -662, 104
Step count: 186
[246976] -418, -700, 102
Step count: 186
[246998] -385, -775, 134
Step count: 186
[247019] -381, -870, 162
Step count: 186
[247041] -409, -950, 175
Step count: 187
[247062] -448, -962, 113
Step count: 187
[247083] -481, -1103, 135
Step count: 187
[247105] -585, -1643, 387
Step count: 187
[247126] -611, -1574, 528
Step count: 187
[247148] -562, -836, 204
Step count: 187
[247169] -587, -458, -100
Step count: 187
[247190] -689, -659, -104
Step count: 187
[247213] -697, -1177, -12
Step count: 187
[247234] -623, -1095, 60
Step count: 187
[247256] -536, -942, 135
Step count: 187
[247277] -466, -776, 62
Step count: 187
[247299] -360, -702, -4
Step count: 187
[247320] -323, -638, 34
Step count: 187
[247341] -491, -661, 120
Step count: 187
[247363] -505, -579, 148
Step count: 187
[247384] -449, -624, 123
Step count: 187
[247405] -496, -562, 87
Step count: 187
[247427] -568, -576, 89
Step count: 187
[247448] -527, -709, 130
Step count: 187
[247470] -443, -690, 158
Step count: 187
[247491] -459, -567, 171
Step count: 187
[247512] -539, -651, 202
Step count: 187
[247534] -729, -763, 210
Step count: 187
[247555] -821, -1010, 243
Step count: 187
[247577] -729, -1013, 229
Step count: 187
[247598] -648, -1099, 375
Step count: 187
[247619] -875, -1769, 464
Step count: 187
[247641] -982, -1568, 155
Step count: 187
[247662] -717, -943, 80
Step count: 187
[247683] -525, -561, 186
Step count: 187
[247705] -561, -582, 132
Step count: 187
[247726] -769, -795, 58
Step count: 187
[247747] -804, -1001, 87
Step count: 187
[247769] -592, -885, 104
Step count: 187
[247790] -534, -845, 78
Step count: 187
[247811] -502, -844, 48
Step count: 187
[247833] -290, -615, 53
Step count: 187
[247855] -262, -505, 95
Step count: 187
[247876] -368, -702, 116
Step count: 187
[247897] -387, -688, 100
Step count: 187
[247919] -382, -658, 84
Step count: 187
[247940] -377, -672, 62
Step count: 187
[247961] -406, -690, 53
Step count: 187
[247983] -402, -683, 68
Step count: 187
[248004] -398, -720, 66
Step count: 187
[248026] -431, -835, 72
Step count: 187
[248047] -454, -990, 126
Step count: 187
[248068] -490, -1115, 140
Step count: 187
[248090] -480, -1000, 84
Step count: 187
[248111] -444, -931, 165
Step count: 187
[248133] -747, -1565, 305
Step count: 187
[248155] -663, -956, -11
Step count: 187
[248176] -536, -587, -181
Step count: 187
[248197] -536, -545, -193
Step count: 187
[248219] -694, -815, -227
Step count: 187
[248240] -708, -1099, -182
Step count: 187
[248261] -590, -1107, 2
Step count: 187
[248283] -492, -972, 111
Step count: 187
[248304] -389, -816, 67
Step count: 187
[248326] -292, -735, -3
Step count: 187
[248347] -333, -656, -23
Step count: 187
[248368] -383, -584, -9
Step count: 187
[248390] -310, -607, 35
Step count: 187
[248411] -331, -478, 6
Step count: 187
[248432] -452, -604, -20
Step count: 187
[248454] -417, -534, 16
Step count: 187
[248476] -431, -567, 43
Step count: 187
[248497] -488, -653, 76
Step count: 187
[248518] -531, -599, 102
Step count: 187
[248540] -526, -840, 158
Step count: 187
[248561] -601, -848, 183
Step count: 187
[248583] -775, -881, 206
Step count: 187
[248604] -911, -1182, 252
Step count: 187
[248625] -865, -1125, 266
Step count: 187
[248647] -940, -1496, 317
Step count: 187
[248668] -1061, -1712, 260
Step count: 187
[248689] -954, -1216, 133
Step count: 187
[248711] -713, -696, 110
Step count: 188
[248734] -727, -419, -132
Step count: 188
[248755] -881, -877, -9
Step count: 188
[248776] -816, -1125, 164
Step count: 188
[248798] -771, -1069, 199
Step count: 188
[248819] -647, -1103, 165
Step count: 188
[248841] -429, -871, 52
Step count: 188
[248862] -320, -685, -5
Step count: 188
[248883] -348, -657, 16
Step count: 188
[248905] -419, -546, 1
Step count: 188
[248926] -397, -519, 52
Step count: 188
[248947] -347, -547, 67
Step count: 188
[248969] -433, -572, 27
Step count: 188
[248990] -364, -616, 43
Step count: 188
[249013] -420, -652, 12
Step count: 188
[249034] -425, -718, 57
Step count: 188
[249056] -445, -840, 101
Step count: 188
[249077] -488, -988, 123
Step count: 188
[249098] -507, -1085, 118
Step count: 188
[249120] -466, -1082, 125
Step count: 188
[249141] -453, -1245, 289
Step count: 188
[249163] -656, -1787, 429
Step count: 188
[249184] -734, -1455, 289
Step count: 188
[249205] -556, -631, -81
Step count: 188
[249227] -400, -380, -130
Step count: 189
[249248] -450, -702, -44
Step count: 189
[249270] -635, -1161, -51
Step count: 189
[249291] -688, -1225, -77
Step count: 189
[249313] -512, -907, 87
Step count: 189
[249335] -457, -726, -51
Step count: 189
[249356] -392, -679, -105
Step count: 189
[249377] -358, -593, -69
Step count: 189
[249399] -333, -525, -32
Step count: 189
[249420] -293, -575, -5
Step count: 189
[249441] -325, -423, -16
Step count: 189
[249463] -433, -472, 42
Step count: 189
[249484] -473, -621, 131
Step count: 189
[249505] -502, -658, 185
Step count: 189
[249527] -600, -693, 223
Step count: 189
[249548] -694, -696, 225
Step count: 189
[249570] -731, -683, 233
Step count: 189
[249591] -735, -738, 273
Step count: 189
[249612] -780, -847, 309
Step count: 189
[249634] -954, -924, 206
Step count: 189
[249655] -863, -902, 241
Step count: 189
[249677] -876, -1297, 445
Step count: 189
[249698] -1050, -1709, 398
Step count: 189
[249719] -1075, -1270, 56
Step count: 189
[249741] -785, -728, 18
Step count: 189
[249762] -551, -578, 96
Step count: 189
[249783] -645, -609, 24
Step count: 189
[249805] -807, -843, -21
Step count: 189
[249826] -874, -957, 21
Step count: 189
[249848] -736, -929, 33
Step count: 189
[249869] -567, -903, -3
Step count: 189
[249890] -319, -884, 26
Step count: 189
[249911] -234, -664, 15
Step count: 189
[249933] -434, -610, 20
Step count: 189
[249955] -396, -550, 17
Step count: 189
[249976] -347, -541, 21
Step count: 189
[249998] -323, -587, 39
Step count: 189
[250019] -337, -596, 48
Step count: 189
[250040] -373, -640, 26
Step count: 189
[250062] -405, -703, 15
Step count: 189
[250083] -415, -783, 43
Step count: 189
[250104] -435, -918, 90
Step count: 189
[250126] -485, -1035, 107
Step count: 189
[250147] -506, -1047, 98
Step count: 189
[250168] -475, -934, 66
Step count: 189
[250190] -441, -961, 136
Step count: 189
[250211] -534, -1553, 390
Step count: 190
[250234] -645, -1001, 151
Step count: 190
[250255] -604, -654, -97
Step count: 190
[250276] -552, -701, -123
Step count: 190
[250298] -575, -976, -78
Step count: 190
[250319] -601, -1176, -54
Step count: 190
[250340] -587, -1130, 61
Step count: 190
[250362] -597, -987, 128
Step count: 190
[250383] -539, -815, 8
Step count: 190
[250405] -406, -687, -62
Step count: 190
[250426] -354, -573, -2
Step count: 190
[250447] -326, -539, 96
Step count: 190
[250469] -375, -450, 116
Step count: 190
[250490] -504, -418, 102
Step count: 190
[250512] -550, -461, 126
Step count: 190
[250534] -606, -615, 204
Step count: 190
[250555] -666, -606, 209
Step count: 190
[250576] -677, -647, 229
Step count: 190
[250598] -709, -709, 224
Step count: 190
[250619] -810, -748, 229
Step count: 190
[250640] -861, -887, 303
Step count: 190
[250662] -850, -1025, 298
Step count: 190
[250683] -803, -949, 208
Step count: 190
[250705] -791, -1019, 323
Step count: 190
[250726] -952, -1627, 488
Step count: 190
[250747] -1096, -1634, 171
Step count: 191
[250769] -945, -888, -59
Step count: 191
[250790] -626, -545, 62
Step count: 191
[250811] -527, -546, 109
Step count: 191
[250833] -734, -958, 128
Step count: 191
[250855] -693, -982, 129
Step count: 191
[250876] -619, -965, 137
Step count: 191
[250898] -498, -894, 115
Step count: 191
[250919] -287, -785, 137
Step count: 191
[250940] -262, -578, 84
Step count: 191
[250962] -396, -590, 22
Step count: 191
[250983] -410, -589, 58
Step count: 191
[251004] -327, -542, 98
Step count: 191
[251026] -310, -528, 89
Step count: 191
[251047] -337, -543, 61
Step count: 191
[251068] -337, -567, 47
Step count: 191
[251090] -354, -585, 31
Step count: 191
[251111] -373, -629, 42
Step count: 191
[251133] -409, -831, 110
Step count: 191
[251155] -501, -1017, 144
Step count: 191
[251176] -590, -1136, 149
Step count: 191
[251198] -596, -1110, 82
Step count: 191
[251219] -538, -1015, 59
Step count: 191
[251240] -530, -1393, 301
Step count: 191
[251262] -680, -1780, 423
Step count: 191
[251283] -736, -1213, 149
Step count: 191
[251305] -702, -678, -197
Step count: 191
[251326] -543, -665, -156
Step count: 191
[251347] -550, -974, -51
Step count: 191
[251369] -611, -1276, -60
Step count: 191
[251390] -609, -1267, -8
Step count: 191
[251412] -595, -1110, 36
Step count: 191
[251434] -447, -755, -119
Step count: 191
[251455] -304, -701, -11
Step count: 191
[251476] -568, -665, -53
Step count: 191
[251498] -505, -424, -51
Step count: 191
[251519] -384, -452, -20
Step count: 191
[251540] -344, -541, 63
Step count: 191
[251562] -443, -444, 89
Step count: 191
[251583] -519, -523, 109
Step count: 191
[251605] -558, -616, 150
Step count: 191
[251626] -626, -623, 197
Step count: 191
[251647] -686, -627, 223
Step count: 191
[251669] -719, -608, 211
Step count: 191
[251690] -784, -618, 207
Step count: 191
[251713] -829, -737, 250
Step count: 191
[251734] -800, -769, 235
Step count: 192
[251756] -720, -951, 256
Step count: 192
[251777] -735, -1056, 218
Step count: 192
[251798] -790, -1004, 132
Step count: 192
[251820] -780, -804, 73
Step count: 192
[251841] -676, -890, 380
Step count: 192
[251863] -842, -1524, 456
Step count: 192
[251884] -1147, -1356, 37
Step count: 192
[251905] -1002, -804, -138
Step count: 192
[251927] -516, -675, -60
Step count: 192
[251948] -200, -736, -90
Step count: 192
[251969] -208, -937, -74
Step count: 192
[251991] -380, -1123, 40
Step count: 192
[252012] -492, -1053, 97
Step count: 192
[252034] -562, -893, 34
Step count: 192
[252055] -485, -714, -20
Step count: 192
[252077] -368, -567, -25
Step count: 192
[252098] -279, -547, 34
Step count: 192
[252119] -230, -531, 68
Step count: 192
[252141] -312, -430, 26
Step count: 192
[252162] -430, -460, 30
Step count: 192
[252184] -551, -536, 66
Step count: 192
[252205] -575, -605, 102
Step count: 192
[252226] -560, -645, 114
Step count: 192
[252248] -577, -629, 93
Step count: 192
[252269] -564, -586, 77
Step count: 192
[252291] -537, -559, 69
Step count: 192
[252312] -537, -570, 23
Step count: 192
[252334] -546, -807, 57
Step count: 192
[252355] -529, -936, 126
Step count: 192
[252377] -565, -935, 89
Step count: 192
[252398] -614, -1146, 227
Step count: 192
[252419] -770, -2112, 576
Step count: 192
[252441] -898, -1735, 230
Step count: 192
[252462] -865, -636, -467
Step count: 192
[252483] -628, -382, -544
Step count: 192
[252505] -554, -701, -378
Step count: 192
[252526] -554, -1093, -78
Step count: 192
[252548] -530, -1228, 271
Step count: 193
[252569] -543, -1134, 377
Step count: 193
[252591] -510, -911, 184
Step count: 193
[252612] -475, -724, -79
Step count: 193
[252634] -236, -484, 68
Step count: 193
[252655] -307, -274, 91
Step count: 193
[252677] -573, -563, 122
Step count: 193
[252698] -694, -415, 101
Step count: 193
[252719] -660, -356, 174
Step count: 193
[252741] -625, -526, 261
Step count: 193
[252762] -609, -559, 265
Step count: 193
[252783] -628, -523, 202
Step count: 193
[252805] -620, -572, 157
Step count: 193
[252826] -647, -658, 144
Step count: 193
[252848] -689, -771, 223
Step count: 193
[252869] -753, -928, 279
Step count: 193
[252891] -795, -1083, 260
Step count: 193
[252912] -782, -1044, 145
Step count: 193
[252934] -803, -1388, 347
Step count: 193
[252955] -1094, -1768, 222
Step count: 193
[252977] -1085, -1139, -27
Step count: 193
[252998] -706, -681, 58
Step count: 193
[253019] -495, -596, 83
Step count: 193
[253041] -586, -654, 20
Step count: 193
[253062] -641, -760, 6
Step count: 193
[253083] -623, -837, 49
Step count: 193
[253105] -572, -932, 63
Step count: 193
[253126] -409, -891, 54
Step count: 193
[253148] -422, -697, -46
Step count: 193
[253169] -457, -663, -43
Step count: 193
[253190] -424, -599, 21
Step count: 193
[253211] -332, -518, 79
Step count: 193
[253233] -352, -587, 53
Step count: 193
[253255] -358, -619, 50
Step count: 193
[253276] -386, -692, 62
Step count: 193
[253298] -393, -676, 42
Step count: 193
[253319] -407, -684, 26
Step count: 193
[253340] -431, -784, 45
Step count: 193
[253362] -451, -941, 98
Step count: 193
[253383] -451, -1071, 149
Step count: 193
[253405] -495, -1055, 82
Step count: 193
[253426] -512, -953, 94
Step count: 193
[253447] -538, -1503, 430
Step count: 193
[253469] -700, -1950, 536
Step count: 193
[253490] -784, -1232, 65
Step count: 193
[253511] -687, -624, -253
Step count: 193
[253533] -511, -743, -108
Step count: 193
[253555] -624, -1122, -113
Step count: 193
[253576] -648, -1211, 33
Step count: 193
[253598] -574, -1048, 195
Step count: 193
[253619] -487, -804, 127
Step count: 193
[253640] -397, -660, 9
Step count: 193
[253662] -353, -578, 16
Step count: 193
[253683] -321, -382, 95
Step count: 193
[253704] -458, -508, 120
Step count: 193
[253726] -557, -402, 81
Step count: 193
[253747] -555, -561, 90
Step count: 193
[253769] -530, -710, 100
Step count: 193
[253790] -526, -769, 118
Step count: 193
[253811] -482, -743, 144
Step count: 193
[253833] -525, -679, 190
Step count: 193
[253855] -640, -781, 216
Step count: 193
[253876] -688, -955, 246
Step count: 193
[253898] -711, -1094, 218
Step count: 193
[253919] -770, -1021, 282
Step count: 193
[253940] -958, -1617, 512
Step count: 193
[253962] -1107, -1904, 357
Step count: 193
[253983] -928, -1257, 47
Step count: 193
[254005] -631, -779, 31
Step count: 194
[254026] -490, -474, 48
Step count: 194
[254047] -637, -389, -43
Step count: 194
[254069] -871, -819, -7
Step count: 194
[254090] -771, -1044, 109
Step count: 194
[254113] -546, -926, 138
Step count: 194
[254134] -374, -863, 142
Step count: 194
[254156] -362, -828, 128
Step count: 194
[254177] -296, -729, 119
Step count: 194
[254198] -341, -629, 67
Step count: 194
[254220] -372, -690, 88
Step count: 194
[254241] -404, -614, 83
Step count: 194
[254263] -327, -554, 94
Step count: 194
[254284] -328, -587, 88
Step count: 194
[254305] -377, -626, 90
Step count: 194
[254327] -368, -661, 97
Step count: 194
[254348] -364, -717, 100
Step count: 194
[254369] -403, -808, 112
Step count: 194
[254391] -452, -905, 120
Step count: 194
[254414] -466, -1029, 148
Step count: 194
[254435] -508, -1002, 111
Step count: 194
[254456] -498, -1091, 216
Step count: 194
[254478] -583, -1565, 423
Step count: 194
[254499] -689, -1557, 363
Step count: 194
[254520] -687, -898, -46
Step count: 194
[254542] -554, -500, -196
Step count: 195
[254563] -447, -594, -84
Step count: 195
[254585] -582, -980, -74
Step count: 195
[254606] -709, -1238, -111
Step count: 195
[254627] -642, -1183, 34
Step count: 195
[254649] -520, -973, 125
Step count: 195
[254670] -462, -788, 18
Step count: 195
[254691] -445, -773, -31
Step count: 195
[254713] -388, -588, 63
Step count: 195
[254735] -405, -583, 78
Step count: 195
[254756] -404, -407, 65
Step count: 195
[254778] -395, -498, 98
Step count: 195
[254799] -418, -580, 141
Step count: 195
[254820] -490, -548, 157
Step count: 195
[254842] -551, -583, 187
Step count: 195
[254863] -559, -678, 223
Step count: 195
[254884] -583, -723, 247
Step count: 195
[254906] -639, -748, 258
Step count: 195
[254927] -705, -849, 283
Step count: 195
[254948] -766, -931, 313
Step count: 195
[254970] -837, -932, 269
Step count: 195
[254992] -848, -855, 220
Step count: 195
[255014] -910, -1765, 450
Step count: 195
[255035] -965, -1572, 117
Step count: 195
[255056] -656, -987, -26
Step count: 195
[255078] -437, -470, 0
Step count: 195
[255099] -571, -343, -146
Step count: 195
[255120] -951, -459, -151
Step count: 195
[255142] -972, -962, -22
Step count: 195
[255163] -809, -1145, 88
Step count: 195
[255185] -644, -1052, 60
Step count: 195
[255206] -484, -951, 39
Step count: 195
[255227] -295, -842, 97
Step count: 196
[255249] -232, -690, 71
Step count: 196
[255270] -262, -638, -14
Step count: 196
[255292] -349, -687, -17
Step count: 196
[255314] -312, -722, 103
Step count: 196
[255335] -391, -688, 74
Step count: 196
[255356] -474, -691, 41
Step count: 196
[255378] -464, -684, 13
Step count: 196
[255399] -366, -692, 32
Step count: 196
[255420] -335, -741, 67
Step count: 196
[255442] -402, -800, 80
Step count: 196
[255463] -504, -913, 85
Step count: 196
[255485] -580, -1044, 57
Step count: 196
[255506] -541, -1040, 39
Step count: 196
[255527] -520, -1281, 204
Step count: 196
[255549] -635, -1669, 324
Step count: 196
[255570] -751, -1372, 151
Step count: 196
[255591] -710, -846, -139
Step count: 196
[255614] -452, -559, -97
Step count: 196
[255635] -526, -937, 35
Step count: 196
[255656] -616, -1195, 145
Step count: 196
[255678] -592, -1067, 167
Step count: 196
[255699] -521, -949, 82
Step count: 196
[255720] -457, -871, -15
Step count: 196
[255742] -438, -733, -54
Step count: 196
[255763] -394, -723, -3
Step count: 196
[255785] -314, -409, 22
Step count: 196
[255806] -500, -591, 70
Step count: 196
[255827] -415, -566, 77
Step count: 196
[255849] -336, -509, 92
Step count: 196
[255870] -422, -657, 144
Step count: 196
[255892] -453, -703, 151
Step count: 196
[255914] -510, -727, 116
Step count: 196
[255935] -496, -744, 128
Step count: 196
[255956] -528, -756, 137
Step count: 196
[255978] -571, -812, 135
Step count: 196
[255999] -662, -945, 127
Step count: 196
[256020] -723, -1025, 120
Step count: 197
[256042] -705, -1056, 206
Step count: 197
[256063] -767, -1632, 400
Step count: 197
[256085] -940, -1775, 347
Step count: 197
[256106] -884, -1212, 66
Step count: 197
[256127] -529, -613, -60
Step count: 197
[256149] -264, -306, 9
Step count: 197
[256170] -448, -315, -90
Step count: 197
[256193] -817, -1158, 5
Step count: 197
[256214] -670, -1143, -53
Step count: 197
[256236] -496, -1046, -9
Step count: 197
[256257] -275, -973, 64
Step count: 197
[256279] -347, -633, -124
Step count: 197
[256300] -578, -758, -168
Step count: 197
[256321] -628, -737, -108
Step count: 197
[256343] -271, -618, -7
Step count: 197
[256364] -411, -647, -87
Step count: 197
[256386] -436, -705, -107
Step count: 197
[256407] -253, -687, -32
Step count: 197
[256428] -291, -674, 18
Step count: 197
[256450] -416, -676, 34
Step count: 197
[256471] -515, -685, 12
Step count: 197
[256493] -437, -805, 43
Step count: 197
[256515] -444, -939, 101
Step count: 197
[256536] -469, -1071, 159
Step count: 197
[256558] -520, -1080, 141
Step count: 197
[256579] -557, -1041, 141
Step count: 197
[256600] -594, -1413, 348
Step count: 197
[256622] -703, -1703, 480
Step count: 197
[256643] -700, -1148, 193
Step count: 197
[256664] -612, -577, -129
Step count: 197
[256686] -434, -416, -147
Step count: 197
[256707] -377, -619, -58
Step count: 197
[256729] -481, -970, 20
Step count: 197
[256750] -553, -1026, 102
Step count: 197
[256772] -512, -945, 171
Step count: 197
[256794] -416, -746, 41
Step count: 197
[256815] -430, -671, -9
Step count: 197
[256837] -412, -634, 7
Step count: 197
[256858] -371, -653, 44
Step count: 197
[256879] -394, -554, 24
Step count: 197
[256901] -497, -611, 29
Step count: 197
[256922] -466, -651, 45
Step count: 197
[256943] -411, -580, 39
Step count: 197
[256965] -433, -656, 56
Step count: 197
[256986] -451, -714, 49
Step count: 197
[257008] -414, -761, 70
Step count: 197
[257029] -379, -826, 142
Step count: 197
[257050] -458, -886, 189
Step count: 197
[257073] -713, -881, 233
Step count: 197
[257094] -877, -948, 215
Step count: 197
[257116] -899, -903, 136
Step count: 197
[257137] -774, -1017, 284
Step count: 197
[257159] -806, -1706, 614
Step count: 197
[257180] -1168, -1535, 416
Step count: 197
[257201] -1111, -974, 159
Step count: 197
[257223] -645, -449, 96
Step count: 197
[257244] -413, -312, 161
Step count: 197
[257266] -661, -537, 103
Step count: 197
[257287] -846, -780, 113
Step count: 198
[257308] -775, -903, 175
Step count: 198
[257330] -701, -1028, 163
Step count: 198
[257351] -577, -1004, 121
Step count: 198
[257373] -445, -840, 80
Step count: 198
[257395] -505, -740, 51
Step count: 198
[257416] -475, -630, 48
Step count: 198
[257438] -405, -610, 63
Step count: 198
[257459] -384, -619, 49
Step count: 198
[257480] -331, -554, 27
Step count: 198
[257502] -298, -523, -1
Step count: 198
[257523] -340, -588, -35
Step count: 198
[257545] -329, -633, -37
Step count: 198
[257566] -278, -650, -15
Step count: 198
[257587] -254, -703, 27
Step count: 198
[257609] -293, -810, 74
Step count: 198
[257630] -384, -949, 93
Step count: 198
[257651] -490, -1075, 78
Step count: 198
[257673] -516, -1044, 11
Step count: 198
[257695] -475, -1265, 283
Step count: 198
[257716] -635, -1757, 446
Step count: 198
[257738] -809, -1478, 182
Step count: 198
[257759] -717, -830, -97
Step count: 198
[257780] -511, -681, -100
Step count: 198
[257802] -454, -838, -10
Step count: 198
[257823] -524, -1062, 49
Step count: 198
[257845] -568, -1137, 90
Step count: 198
[257866] -543, -991, 110
Step count: 198
[257887] -468, -915, 56
Step count: 198
[257909] -353, -828, -54
Step count: 198
[257930] -274, -779, -115
Step count: 198
[257951] -272, -568, -84
Step count: 198
[257973] -396, -574, -13
Step count: 198
[257995] -426, -559, -32
Step count: 198
[258016] -495, -590, -20
Step count: 198
[258038] -497, -653, -2
Step count: 198
[258059] -462, -681, 5
Step count: 198
[258080] -471, -674, 10
Step count: 198
[258102] -549, -704, 50
Step count: 198
[258123] -601, -788, 121
Step count: 198
[258144] -633, -885, 189
Step count: 199
[258166] -738, -906, 204
Step count: 199
[258187] -798, -972, 187
Step count: 199
[258209] -795, -1014, 180
Step count: 199
[258230] -783, -1372, 346
Step count: 199
[258251] -899, -1772, 296
Step count: 199
[258273] -728, -841, -4
Step count: 199
[258295] -503, -606, 80
Step count: 199
[258316] -478, -533, 138
Step count: 199
[258338] -634, -795, 132
Step count: 199
[258359] -707, -917, 100
Step count: 199
[258380] -666, -870, 74
Step count: 199
[258402] -621, -860, 66
Step count: 199
[258423] -489, -835, 64
Step count: 199
[258445] -326, -541, 36
Step count: 199
[258466] -381, -654, 36
Step count: 199
[258487] -376, -715, 65
Step count: 199
[258509] -302, -599, 70
Step count: 199
[258530] -298, -640, 70
Step count: 199
[258551] -336, -705, 60
Step count: 199
[258573] -377, -750, 37
Step count: 199
[258595] -380, -746, 25
Step count: 199
[258616] -381, -745, 17
Step count: 199
[258638] -387, -797, 13
Step count: 199
[258659] -405, -872, 28
Step count: 200
[258680] -436, -1008, 55
Step count: 200
[258702] -415, -1083, 79
Step count: 200
[258723] -402, -1132, 101
Step count: 200
[258745] -415, -1307, 242
Step count: 200
[258766] -592, -1621, 287
Step count: 200
[258787] -673, -1281, 64
Step count: 200
[258809] -530, -692, -152
Step count: 200
[258830] -367, -538, -100
Step count: 200
[258852] -421, -717, 35
Step count: 200
[258874] -623, -1201, 15
Step count: 200
[258895] -550, -1131, 61
Step count: 200
[258916] -474, -946, 64
Step count: 200
[258938] -371, -785, -9
Step count: 200
[258959] -237, -747, -36
Step count: 200
[258981] -312, -557, -27
Step count: 200
[259002] -412, -549, 0
Step count: 200
[259023] -382, -477, 15
Step count: 200
[259045] -405, -499, 2
Step count: 200
[259066] -497, -606, -1
Step count: 200
[259088] -529, -683, 20
Step count: 200
[259109] -525, -741, 45
Step count: 200
[259130] -564, -795, 62
Step count: 200
[259153] -627, -769, 136
Step count: 200
[259174] -656, -848, 180
Step count: 200
[259196] -736, -912, 195
Step count: 200
[259217] -814, -1020, 185
Step count: 200
[259239] -793, -923, 126
Step count: 200
[259260] -616, -808, 157
Step count: 200
[259281] -622, -1134, 402
Step count: 200
[259303] -917, -1796, 375
Step count: 200
[259324] -1019, -1310, -74
Step count: 200
[259346] -717, -696, -9
Step count: 200
[259367] -519, -647, 174
Step count: 200
[259388] -567, -816, 197
Step count: 200
[259410] -655, -960, 164
Step count: 200
[259431] -647, -1039, 152
Step count: 200
[259454] -529, -882, 95
Step count: 200
[259475] -416, -851, 92
Step count: 200
[259496] -285, -676, 59
Step count: 200
[259518] -296, -538, 37
Step count: 200
[259539] -379, -680, 52
Step count: 201
[259561] -357, -624, 44
Step count: 201
[259582] -347, -659, 66
Step count: 201
[259603] -365, -708, 83
Step count: 201
[259625] -391, -724, 51
Step count: 201
[259646] -397, -741, 19
Step count: 201
[259668] -377, -734, 22
Step count: 201
[259689] -360, -758, 46
Step count: 201
[259710] -379, -835, 54
Step count: 201
[259733] -439, -1048, 46
Step count: 201
[259755] -416, -997, 5
Step count: 201
[259776] -349, -918, 63
Step count: 201
[259797] -406, -1314, 284
Step count: 201
[259819] -677, -1673, 252
Step count: 201
[259840] -729, -1191, 1
Step count: 201
[259862] -541, -763, -129
Step count: 201
[259883] -423, -696, -100
Step count: 201
[259904] -504, -823, -77
Step count: 201
[259926] -576, -1041, -105
Step count: 201
[259947] -583, -1144, -65
Step count: 201
[259968] -554, -1047, 14
Step count: 201
[259990] -467, -916, 5
Step count: 201
[260012] -344, -824, -68
Step count: 201
[260034] -318, -557, -50
Step count: 201
[260055] -446, -547, -14
Step count: 201
[260077] -478, -629, -19
Step count: 201
[260098] -453, -526, -32
Step count: 201
[260119] -478, -692, -5
Step count: 201
[260141] -501, -730, 30
Step count: 201
[260162] -523, -666, 42
Step count: 201
[260183] -558, -673, 46
Step count: 201
[260205] -635, -662, 74
Step count: 201
[260226] -732, -685, 124
Step count: 201
[260248] -858, -707, 173
Step count: 201
[260269] -934, -758, 213
Step count: 201
[260290] -902, -892, 260
Step count: 201
[260313] -795, -891, 157
Step count: 201
[260334] -672, -773, 144
Step count: 201
[260356] -622, -993, 392
Step count: 201
[260377] -855, -1711, 557
Step count: 201
[260399] -1015, -1545, 143
Step count: 201
[260420] -847, -818, -117
Step count: 201
[260441] -606, -543, 96
Step count: 201
[260463] -545, -693, 256
Step count: 201
[260484] -610, -981, 284
Step count: 201
[260506] -656, -1151, 270
Step count: 201
[260527] -628, -1152, 244
Step count: 202
[260548] -555, -1175, 218
Step count: 202
[260570] -401, -1164, 172
Step count: 202
[260591] -228, -840, 68
Step count: 202
[260613] -268, -757, 28
Step count: 202
[260635] -224, -635, 29
Step count: 202
[260656] -241, -640, 52
Step count: 202
[260678] -312, -593, 51
Step count: 202
[260699] -359, -582, 43
Step count: 202
[260720] -353, -613, 34
Step count: 202
[260742] -332, -592, 22
Step count: 202
[260763] -338, -556, 0
Step count: 202
[260784] -344, -567, -17
Step count: 202
[260806] -346, -574, -27
Step count: 202
[260827] -349, -569, -35
Step count: 202
[260849] -386, -598, -49
Step count: 202
[260870] -503, -630, -62
Step count: 202
[260892] -614, -638, -50
Step count: 202
[260914] -569, -771, 17
Step count: 202
[260935] -607, -793, -46
Step count: 202
[260956] -643, -795, -160
Step count: 202
[260978] -593, -837, -132
Step count: 202
[260999] -565, -1084, 165
Step count: 202
[261021] -799, -1749, 399
Step count: 202
[261042] -1046, -1871, 405
Step count: 202
[261063] -1167, -1241, -27
Step count: 202
[261085] -1015, -656, -285
Step count: 202
[261106] -733, -441, -254
Step count: 202
[261128] -524, -459, -140
Step count: 202
[261149] -612, -752, 42
Step count: 202
[261170] -747, -1093, 241
Step count: 202
[261193] -801, -784, 84
Step count: 202
[261214] -647, -532, 7
Step count: 202
[261236] -588, -815, 53
Step count: 202
[261257] -585, -675, 107
Step count: 202
[261278] -588, -535, 119
Step count: 202
[261300] -638, -685, 143
Step count: 202
[261321] -665, -677, 129
Step count: 202
[261343] -676, -709, 133
Step count: 202
[261364] -624, -767, 141
Step count: 202
[261385] -552, -768, 123
Step count: 202
[261407] -522, -727, 94
Step count: 202
[261428] -539, -709, 98
Step count: 202
[261449] -546, -640, 79
Step count: 202
[261471] -525, -613, 65
Step count: 202
[261494] -495, -592, 119
Step count: 202
[261515] -505, -696, 125
Step count: 203
[261536] -539, -737, 144
Step count: 203
[261558] -623, -1260, 441
Step count: 203
[261579] -1028, -2212, 458
Step count: 203
[261601] -1213, -1571, -74
Step count: 203
[261622] -732, -801, 52
Step count: 203
[261643] -325, -906, 382
Step count: 203
[261665] -339, -974, 375
Step count: 203
[261686] -632, -994, 171
Step count: 203
[261708] -715, -986, 146
Step count: 203
[261729] -628, -1029, 148
Step count: 203
[261750] -561, -961, 69
Step count: 203
[261771] -490, -809, 16
Step count: 203
[261793] -320, -625, 46
Step count: 203
[261815] -382, -694, 84
Step count: 203
[261836] -342, -631, 84
Step count: 203
[261858] -266, -574, 67
Step count: 203
[261879] -266, -595, 44
Step count: 203
[261900] -339, -635, -3
Step count: 203
[261922] -355, -650, -36
Step count: 203
[261943] -343, -674, -53
Step count: 203
[261965] -397, -785, -72
Step count: 203
[261986] -459, -963, -26
Step count: 203
[262007] -460, -1084, 84
Step count: 203
[262029] -391, -1069, 140
Step count: 203
[262050] -321, -945, 92
Step count: 203
[262072] -339, -1116, 224
Step count: 204
[262094] -772, -1396, 125
Step count: 204
[262115] -608, -774, -108
Step count: 204
[262136] -412, -659, -104
Step count: 204
[262158] -483, -734, -70
Step count: 204
[262179] -697, -868, -74
Step count: 204
[262201] -804, -1036, -49
Step count: 204
[262222] -766, -1106, 36
Step count: 204
[262243] -680, -1056, 95
Step count: 204
[262265] -569, -957, 54
Step count: 204
[262286] -493, -750, -15
Step count: 204
[262308] -386, -614, 18
Step count: 204
[262329] -546, -681, 2
Step count: 204
[262350] -756, -629, -9
Step count: 204
[262373] -551, -744, 68
Step count: 204
[262394] -552, -675, 80
Step count: 204
[262416] -567, -651, 103
Step count: 204
[262437] -576, -674, 117
Step count: 204
[262459] -600, -633, 121
Step count: 204
[262480] -665, -630, 131
Step count: 204
[262501] -697, -643, 156
Step count: 204
[262523] -742, -718, 202
Step count: 204
[262544] -747, -832, 214
Step count: 204
[262565] -582, -884, 182
Step count: 204
[262587] -547, -907, 314
Step count: 204
[262608] -780, -1559, 504
Step count: 204
[262629] -1046, -1553, 129
Step count: 204
[262651] -846, -842, -29
Step count: 204
[262674] -541, -922, 302
Step count: 204
[262695] -656, -950, 202
Step count: 204
[262716] -656, -1009, 175
Step count: 204
[262738] -581, -995, 196
Step count: 204
[262759] -532, -951, 180
Step count: 204
[262781] -500, -942, 143
Step count: 204
[262802] -411, -825, 112
Step count: 204
[262823] -355, -686, 88
Step count: 204
[262845] -405, -723, 119
Step count: 204
[262866] -392, -658, 129
Step count: 204
[262887] -368, -655, 121
Step count: 204
[262909] -400, -699, 92
Step count: 204
[262930] -427, -728, 64
Step count: 204
[262952] -409, -749, 45
Step count: 204
[262974] -391, -796, 1
Step count: 204
[262995] -400, -817, -1
Step count: 204
[263016] -390, -879, 5
Step count: 204
[263038] -380, -928, 31
Step count: 204
[263059] -351, -921, -4
Step count: 204
[263081] -328, -959, 35
Step count: 204
[263102] -466, -1403, 216
Step count: 205
[263123] -656, -1565, 201
Step count: 205
[263145] -664, -1060, -10
Step count: 205
[263166] -542, -736, -126
Step count: 205
[263187] -460, -676, -162
Step count: 205
[263209] -504, -796, -112
Step count: 205
[263230] -598, -1041, -64
Step count: 205
[263253] -536, -1116, -6
Step count: 205
[263274] -447, -1020, 3
Step count: 205
[263296] -383, -849, -70
Step count: 205
[263317] -392, -656, -84
Step count: 205
[263339] -367, -564, -10
Step count: 205
[263360] -463, -591, -4
Step count: 205
[263381] -693, -785, 4
Step count: 205
[263403] -655, -563, -5
Step count: 205
[263424] -640, -701, 55
Step count: 205
[263445] -639, -693, 105
Step count: 205
[263467] -632, -670, 107
Step count: 205
[263488] -637, -682, 117
Step count: 205
[263509] -676, -672, 133
Step count: 205
[263531] -754, -704, 160
Step count: 205
[263552] -806, -796, 208
Step count: 205
[263574] -791, -863, 159
Step count: 205
[263595] -731, -977, 246
Step count: 205
[263617] -896, -1531, 433
Step count: 205
[263638] -956, -1505, 211
Step count: 205
[263659] -791, -941, -27
Step count: 205
[263681] -582, -585, 102
Step count: 205
[263702] -580, -648, 186
Step count: 205
[263723] -672, -944, 172
Step count: 205
[263745] -633, -978, 183
Step count: 205
[263766] -619, -1004, 198
Step count: 205
[263787] -600, -1070, 180
Step count: 205
[263809] -482, -1020, 130
Step count: 205
[263830] -342, -796, 67
Step count: 206
[263851] -390, -828, 59
Step count: 206
[263873] -405, -676, 68
Step count: 206
[263895] -396, -700, 81
Step count: 206
[263916] -414, -707, 64
Step count: 206
[263938] -388, -716, 35
Step count: 206
[263959] -366, -694, 14
Step count: 206
[263980] -359, -660, -6
Step count: 206
[264002] -337, -647, -22
Step count: 206
[264023] -338, -695, -12
Step count: 206
[264044] -382, -793, 7
Step count: 206
[264066] -399, -896, 13
Step count: 206
[264087] -405, -981, 8
Step count: 206
[264108] -415, -1003, 1
Step count: 206
[264130] -410, -1114, 177
Step count: 206
[264151] -576, -1655, 349
Step count: 206
[264173] -652, -848, -135
Step count: 206
[264195] -404, -635, -108
Step count: 206
[264216] -319, -633, -21
Step count: 206
[264238] -500, -901, -23
Step count: 206
[264259] -661, -1134, -21
Step count: 206
[264280] -682, -1148, 18
Step count: 206
[264302] -634, -1055, 33
Step count: 206
[264323] -503, -928, -28
Step count: 206
[264344] -406, -805, -72
Step count: 206
[264366] -349, -670, -7
Step count: 206
[264387] -410, -636, 18
Step count: 206
[264409] -577, -712, 26
Step count: 206
[264430] -548, -583, 15
Step count: 206
[264451] -495, -762, 41
Step count: 206
[264474] -541, -712, 73
Step count: 206
[264495] -510, -737, 93
Step count: 206
[264516] -548, -697, 115
Step count: 206
[264538] -647, -722, 138
Step count: 206
[264559] -651, -794, 156
Step count: 206
[264580] -700, -773, 171
Step count: 206
[264602] -796, -877, 195
Step count: 206
[264623] -797, -924, 165
Step count: 206
[264645] -695, -879, 151
Step count: 206
[264666] -653, -989, 302
Step count: 206
[264687] -813, -1445, 386
Step count: 207
[264709] -898, -1374, 84
Step count: 207
[264730] -685, -916, -75
Step count: 207
[264751] -518, -553, 46
Step count: 207
[264774] -726, -933, 116
Step count: 207
[264795] -655, -1022, 125
Step count: 207
[264816] -575, -1009, 153
Step count: 207
[264838] -570, -1081, 141
Step count: 207
[264859] -521, -1074, 96
Step count: 207
[264880] -451, -896, 29
Step count: 207
[264902] -380, -760, 14
Step count: 207
[264923] -361, -637, 15
Step count: 207
[264944] -436, -716, 42
Step count: 207
[264966] -434, -675, 42
Step count: 207
[264987] -391, -679, 41
Step count: 207
[265009] -368, -722, 35
Step count: 207
[265030] -385, -736, 7
Step count: 207
[265051] -410, -731, -23
Step count: 207
[265073] -393, -821, 8
Step count: 207
[265095] -418, -894, 4
Step count: 207
[265116] -437, -953, -4
Step count: 207
[265138] -419, -948, -13
Step count: 207
[265159] -381, -997, 90
Step count: 207
[265180] -490, -1522, 328
Step count: 207
[265202] -766, -1727, 168
Step count: 208
[265223] -726, -1092, -100
Step count: 208
[265244] -412, -733, -114
Step count: 208
[265266] -183, -695, -13
Step count: 208
[265287] -429, -851, -94
Step count: 208
[265308] -564, -1037, -155
Step count: 208
[265330] -541, -986, -91
Step count: 208
[265351] -490, -943, -19
Step count: 208
[265373] -402, -728, -140
Step count: 208
[265395] -344, -677, -112
Step count: 208
[265416] -384, -637, 0
Step count: 208
[265437] -435, -623, 72
Step count: 208
[265459] -421, -602, 91
Step count: 208
[265480] -587, -832, 116
Step count: 208
[265501] -614, -777, 101
Step count: 208
[265523] -554, -762, 112
Step count: 208
[265544] -573, -741, 118
Step count: 208
[265565] -619, -705, 135
Step count: 208
[265587] -632, -730, 172
Step count: 208
[265608] -618, -804, 204
Step count: 208
[265629] -768, -751, 193
Step count: 208
[265651] -872, -878, 217
Step count: 208
[265672] -854, -893, 187
Step count: 208
[265694] -978, -1479, 494
Step count: 209
[265715] -1042, -1420, 157
Step count: 209
[265737] -800, -997, -78
Step count: 209
[265758] -523, -590, 56
Step count: 209
[265779] -571, -467, 148
Step count: 209
[265801] -739, -742, 128
Step count: 209
[265822] -735, -1023, 170
Step count: 209
[265843] -639, -990, 157
Step count: 209
[265865] -651, -997, 119
Step count: 209
[265886] -603, -999, 92
Step count: 209
[265907] -463, -873, 55
Step count: 209
[265929] -381, -827, 64
Step count: 209
[265950] -326, -719, 107
Step count: 209
[265971] -383, -710, 140
Step count: 209
[265993] -465, -758, 42
Step count: 209
[266015] -411, -778, 14
Step count: 209
[266036] -362, -785, 58
Step count: 209
[266058] -376, -772, 84
Step count: 209
[266079] -441, -822, 69
Step count: 209
[266100] -481, -891, 23
Step count: 209
[266122] -438, -921, 11
Step count: 209
[266143] -369, -925, 22
Step count: 209
[266164] -302, -923, 66
Step count: 209
[266186] -361, -945, 60
Step count: 209
[266207] -438, -1330, 182
Step count: 209
[266229] -694, -1565, 110
Step count: 210
[266250] -663, -1119, -39
Step count: 210
[266271] -413, -701, -127
Step count: 210
[266293] -371, -667, -85
Step count: 210
[266315] -570, -892, -127
Step count: 210
[266336] -602, -980, -104
Step count: 210
[266358] -547, -1002, -47
Step count: 210
[266379] -524, -960, -10
Step count: 210
[266400] -486, -864, -56
Step count: 210
[266422] -432, -779, -95
Step count: 210
[266443] -437, -726, -51
Step count: 210
[266464] -465, -656, 23
Step count: 210
[266486] -418, -659, 67
Step count: 210
[266507] -581, -849, 88
Step count: 210
[266529] -609, -688, 65
Step count: 210
[266550] -608, -812, 113
Step count: 210
[266571] -618, -812, 136
Step count: 210
[266593] -645, -695, 142
Step count: 210
[266615] -625, -700, 171
Step count: 210
[266636] -714, -742, 220
Step count: 210
[266658] -842, -835, 253
Step count: 210
[266679] -923, -871, 219
Step count: 210
[266700] -865, -864, 185
Step count: 210
[266722] -790, -877, 285
Step count: 210
[266743] -856, -1358, 497
Step count: 210
[266764] -937, -1458, 299
Step count: 210
[266786] -816, -992, 1
Step count: 210
[266807] -613, -624, 107
Step count: 210
[266829] -633, -581, 178
Step count: 210
[266850] -743, -846, 143
Step count: 210
[266871] -728, -971, 150
Step count: 210
[266894] -658, -1056, 154
Step count: 210
[266915] -532, -1082, 115
Step count: 210
[266936] -426, -963, 52
Step count: 210
[266958] -401, -771, 29
Step count: 210
[266979] -470, -792, 109
Step count: 210
[267000] -458, -739, 145
Step count: 210
[267022] -417, -668, 53
Step count: 210
[267043] -449, -750, 22
Step count: 210
[267065] -424, -766, 62
Step count: 210
[267086] -365, -722, 51
Step count: 210
[267107] -366, -676, 12
Step count: 210
[267129] -372, -671, 1
Step count: 210
[267150] -329, -714, 129
Step count: 210
[267172] -262, -842, 106
Step count: 210
[267194] -433, -865, -35
Step count: 210
[267215] -389, -863, -14
Step count: 210
[267236] -378, -924, 96
Step count: 210
[267258] -547, -1430, 280
Step count: 210
[267279] -749, -1537, 253
Step count: 211
[267301] -698, -989, 17
Step count: 211
[267322] -550, -710, -52
Step count: 211
[267343] -515, -712, -63
Step count: 211
[267365] -589, -822, -55
Step count: 211
[267386] -701, -1017, -29
Step count: 211
[267407] -717, -1076, 17
Step count: 211
[267429] -656, -995, 78
Step count: 211
[267450] -559, -896, 35
Step count: 211
[267471] -463, -816, -28
Step count: 211
[267493] -490, -715, 78
Step count: 211
[267515] -632, -666, 99
Step count: 211
[267536] -552, -616, 98
Step count: 211
[267558] -627, -695, 120
Step count: 211
[267579] -656, -778, 152
Step count: 211
[267600] -620, -769, 195
Step count: 211
[267622] -601, -638, 208
Step count: 211
[267643] -685, -598, 210
Step count: 211
[267664] -725, -708, 258
Step count: 211
[267686] -730, -751, 311
Step count: 211
[267707] -834, -776, 312
Step count: 211
[267729] -880, -874, 298
Step count: 211
[267750] -810, -832, 231
Step count: 211
[267771] -718, -829, 248
Step count: 212
[267794] -880, -1397, 364
Step count: 212
[267815] -863, -1080, 67
Step count: 212
[267836] -706, -673, 57
Step count: 212
[267858] -648, -546, 175
Step count: 212
[267879] -688, -746, 171
Step count: 212
[267900] -704, -898, 172
Step count: 212
[267922] -700, -989, 234
Step count: 212
[267943] -679, -1052, 245
Step count: 212
[267965] -617, -1045, 171
Step count: 212
[267986] -429, -838, 85
Step count: 212
[268007] -325, -699, 26
Step count: 212
[268029] -381, -776, 61
Step count: 212
[268050] -365, -670, 80
Step count: 212
[268071] -375, -678, 116
Step count: 212
[268094] -443, -737, 79
Step count: 212
[268115] -423, -731, 41
Step count: 212
[268136] -376, -679, 20
Step count: 212
[268158] -345, -658, 2
Step count: 212
[268179] -357, -730, -2
Step count: 212
[268200] -386, -844, 8
Step count: 212
[268222] -402, -939, 41
Step count: 212
[268243] -398, -950, 63
Step count: 212
[268265] -409, -1000, 165
Step count: 212
[268286] -568, -1475, 311
Step count: 213
[268307] -738, -1526, 198
Step count: 213
[268329] -624, -819, -109
Step count: 213
[268350] -432, -567, -93
Step count: 213
[268371] -421, -694, 8
Step count: 213
[268394] -706, -1133, 19
Step count: 213
[268415] -747, -1175, 10
Step count: 213
[268436] -668, -1027, 46
Step count: 213
[268458] -551, -896, 12
Step count: 213
[268479] -421, -826, -47
Step count: 213
[268500] -334, -759, -19
Step count: 213
[268522] -265, -549, 37
Step count: 213
[268543] -523, -654, 55
Step count: 213
[268564] -561, -637, 53
Step count: 213
[268586] -458, -641, 70
Step count: 213
[268607] -549, -718, 99
Step count: 213
[268629] -688, -671, 95
Step count: 213
[268650] -709, -616, 125
Step count: 213
[268671] -689, -564, 181
Step count: 213
[268693] -749, -750, 276
Step count: 213
[268715] -906, -792, 278
Step count: 213
[268736] -940, -918, 288
Step count: 213
[268758] -892, -825, 248
Step count: 213
[268779] -938, -918, 366
Step count: 213
[268800] -964, -1428, 506
Step count: 213
[268822] -902, -1300, 231
Step count: 213
[268843] -748, -836, 52
Step count: 213
[268864] -570, -510, 119
Step count: 213
[268886] -637, -556, 176
Step count: 213
[268907] -802, -918, 221
Step count: 213
[268929] -753, -1064, 294
Step count: 213
[268950] -658, -979, 274
Step count: 213
[268971] -633, -981, 221
Step count: 213
[268994] -381, -785, 92
Step count: 213
[269015] -322, -664, 81
Step count: 214
[269036] -381, -685, 111
Step count: 214
[269058] -408, -618, 135
Step count: 214
[269079] -413, -634, 141
Step count: 214
[269100] -425, -698, 126
Step count: 214
[269122] -398, -711, 105
Step count: 214
[269143] -375, -747, 96
Step count: 214
[269165] -365, -778, 101
Step count: 214
[269186] -401, -795, 86
Step count: 214
[269207] -428, -840, 66
Step count: 214
[269229] -420, -895, 69
Step count: 214
[269250] -394, -943, 86
Step count: 214
[269272] -401, -941, 48
Step count: 214
[269294] -364, -1044, 191
Step count: 214
[269315] -540, -1454, 282
Step count: 214
[269336] -677, -1222, 109
Step count: 214
[269358] -557, -728, -40
Step count: 214
[269379] -395, -631, -21
Step count: 214
[269400] -456, -772, -10
Step count: 214
[269422] -597, -948, -10
Step count: 214
[269443] -650, -1106, -49
Step count: 214
[269465] -649, -1117, -43
Step count: 214
[269486] -568, -982, -2
Step count: 214
[269507] -467, -846, -45
Step count: 214
[269529] -410, -709, -61
Step count: 215
[269550] -382, -753, -1
Step count: 215
[269572] -410, -586, 39
Step count: 215
[269594] -592, -529, 65
Step count: 215
[269615] -545, -687, 95
Step count: 215
[269636] -581, -706, 118
Step count: 215
[269658] -630, -652, 122
Step count: 215
[269679] -635, -581, 119
Step count: 215
[269701] -612, -589, 140
Step count: 215
[269722] -565, -678, 175
Step count: 215
[269743] -655, -660, 229
Step count: 215
[269765] -819, -734, 300
Step count: 215
[269786] -904, -842, 328
Step count: 215
[269807] -826, -915, 301
Step count: 215
[269829] -682, -721, 205
Step count: 215
[269850] -648, -583, 217
Step count: 215
[269871] -809, -1104, 499
Step count: 215
[269894] -1018, -1532, 188
Step count: 215
[269915] -949, -1335, 213
Step count: 215
[269936] -821, -1107, 228
Step count: 215
[269958] -791, -995, 155
Step count: 215
[269979] -730, -1046, 124
Step count: 215
[270000] -580, -937, 116
Step count: 215
[270022] -511, -776, 83
Step count: 215
[270043] -475, -745, 55
Step count: 215
[270064] -372, -733, 56
Step count: 215
[270086] -305, -616, 37
Step count: 215
[270107] -342, -701, 85
Step count: 215
[270129] -341, -641, 90
Step count: 215
[270150] -369, -684, 117
Step count: 215
[270171] -383, -723, 105
Step count: 215
[270194] -435, -706, -29
Step count: 215
[270215] -414, -761, -7
Step count: 215
[270236] -372, -836, 52
Step count: 215
[270258] -377, -950, 78
Step count: 215
[270279] -387, -980, 35
Step count: 215
[270300] -354, -901, -28
Step count: 215
[270322] -318, -1022, 143
Step count: 215
[270343] -450, -1596, 397
Step count: 215
[270364] -675, -1635, 315
Step count: 215
[270386] -646, -957, 25
Step count: 216
[270407] -572, -755, -137
Step count: 216
[270429] -549, -818, -151
Step count: 216
[270450] -572, -970, -89
Step count: 216
[270471] -668, -1213, -51
Step count: 216
[270494] -651, -1019, -58
Step count: 216
[270515] -454, -849, -85
Step count: 216
[270536] -201, -704, -43
Step count: 216
[270558] -197, -491, 39
Step count: 216
[270579] -341, -497, 180
Step count: 216
[270600] -563, -602, 207
Step count: 216
[270622] -583, -647, 217
Step count: 216
[270643] -767, -427, 157
Step count: 216
[270665] -719, -809, 243
Step count: 216
[270686] -716, -633, 214
Step count: 216
[270707] -786, -549, 201
Step count: 216
[270729] -706, -620, 249
Step count: 216
[270750] -685, -606, 287
Step count: 216
[270773] -911, -862, 379
Step count: 216
[270795] -889, -900, 382
Step count: 216
[270816] -876, -803, 309
Step count: 216
[270837] -798, -806, 305
Step count: 216
[270859] -782, -1157, 494
Step count: 216
[270880] -893, -1438, 507
Step count: 216
[270901] -946, -1213, 289
Step count: 216
[270923] -864, -922, 254
Step count: 216
[270944] -785, -905, 271
Step count: 216
[270965] -772, -952, 204
Step count: 216
[270987] -742, -983, 214
Step count: 216
[271008] -712, -1075, 227
Step count: 216
[271029] -664, -1076, 204
Step count: 216
[271051] -590, -973, 171
Step count: 216
[271074] -359, -821, 145
Step count: 216
[271095] -298, -709, 119
Step count: 216
[271116] -293, -601, 77
Step count: 216
[271138] -337, -626, 84
Step count: 216
[271159] -355, -643, 87
Step count: 216
[271180] -351, -622, 73
Step count: 216
[271202] -359, -633, 57
Step count: 216
[271223] -363, -623, 32
Step count: 216
[271245] -351, -620, 22
Step count: 216
[271266] -335, -657, 38
Step count: 216
[271287] -345, -742, 42
Step count: 216
[271309] -386, -823, 17
Step count: 216
[271330] -368, -861, -16
Step count: 216
[271351] -333, -850, -54
Step count: 216
[271373] -436, -1706, 435
Step count: 216
[271395] -687, -1745, 433
Step count: 217
[271416] -670, -1127, 70
Step count: 217
[271437] -669, -980, -248
Step count: 217
[271459] -551, -956, -219
Step count: 217
[271480] -506, -1172, -109
Step count: 217
[271501] -551, -1363, -23
Step count: 217
[271523] -584, -1283, 54
Step count: 217
[271544] -598, -1122, 59
Step count: 217
[271565] -508, -937, 10
Step count: 217
[271587] -396, -778, -13
Step count: 217
[271608] -363, -639, 50
Step count: 217
[271629] -473, -553, 222
Step count: 217
[271651] -614, -836, 285
Step count: 217
[271672] -667, -523, 200
Step count: 217
[271694] -794, -588, 287
Step count: 217
[271715] -736, -586, 324
Step count: 217
[271737] -754, -454, 283
Step count: 217
[271758] -668, -550, 267
Step count: 217
[271779] -675, -444, 262
Step count: 217
[271800] -797, -450, 313
Step count: 217
[271822] -865, -676, 417
Step count: 217
[271843] -855, -860, 447
Step count: 217
[271864] -843, -707, 398
Step count: 217
[271886] -852, -784, 554
Step count: 217
[271907] -963, -1331, 636
Step count: 217
[271928] -1022, -1384, 476
Step count: 217
[271950] -992, -1127, 307
Step count: 217
[271971] -860, -852, 150
Step count: 217
[271993] -751, -994, 181
Step count: 217
[272015] -803, -1229, 253
Step count: 217
[272036] -703, -1199, 289
Step count: 217
[272058] -619, -1194, 321
Step count: 217
[272079] -598, -1210, 244
Step count: 217
[272100] -425, -1008, 145
Step count: 217
[272122] -263, -737, 63
Step count: 217
[272143] -254, -624, 18
Step count: 217
[272164] -299, -612, 36
Step count: 217
[272186] -327, -575, 29
Step count: 217
[272207] -313, -559, 42
Step count: 217
[272229] -319, -605, 42
Step count: 217
[272250] -346, -634, 40
Step count: 217
[272271] -328, -642, 40
Step count: 217
[272294] -318, -754, 33
Step count: 217
[272315] -358, -872, 41
Step count: 217
[272336] -387, -947, 40
Step count: 217
[272358] -393, -961, 4
Step count: 217
[272379] -405, -979, -3
Step count: 217
[272400] -416, -1242, 197
Step count: 217
[272422] -575, -1651, 307
Step count: 217
[272443] -621, -1245, 150
Step count: 217
[272465] -540, -811, -84
Step count: 217
[272486] -537, -934, -137
Step count: 217
[272507] -575, -1053, -73
Step count: 217
[272529] -600, -1208, -20
Step count: 217
[272550] -641, -1304, 45
Step count: 217
[272572] -663, -1224, 154
Step count: 217
[272594] -660, -825, 90
Step count: 217
[272615] -530, -544, 171
Step count: 217
[272636] -500, -589, 267
Step count: 217
[272658] -677, -590, 265
Step count: 217
[272679] -831, -671, 275
Step count: 217
[272701] -836, -357, 273
Step count: 217
[272722] -813, -492, 325
Step count: 217
[272743] -810, -555, 342
Step count: 217
[272765] -832, -442, 288
Step count: 217
[272786] -791, -377, 237
Step count: 217
[272807] -704, -436, 252
Step count: 217
[272829] -669, -563, 296
Step count: 217
[272850] -761, -546, 321
Step count: 218
[272871] -824, -626, 362
Step count: 218
[272894] -755, -746, 365
Step count: 218
[272915] -854, -1024, 526
Step count: 218
[272936] -1006, -1497, 541
Step count: 218
[272958] -1036, -1337, 246
Step count: 218
[272979] -903, -876, 75
Step count: 218
[273001] -671, -695, 155
Step count: 218
[273022] -637, -904, 238
Step count: 218
[273043] -783, -1158, 258
Step count: 218
[273065] -877, -1233, 235
Step count: 218
[273086] -838, -1255, 225
Step count: 218
[273107] -681, -1177, 194
Step count: 218
[273129] -511, -1019, 137
Step count: 218
[273150] -363, -938, 120
Step count: 218
[273171] -202, -811, 119
Step count: 218
[273194] -333, -637, 36
Step count: 218
[273215] -412, -614, 10
Step count: 218
[273236] -397, -640, 12
Step count: 218
[273258] -379, -671, 30
Step count: 218
[273279] -387, -677, 33
Step count: 218
[273300] -370, -685, 22
Step count: 218
[273322] -344, -697, 1
Step count: 218
[273343] -325, -710, 3
Step count: 218
[273364] -299, -738, 7
Step count: 218
[273386] -277, -774, 7
Step count: 218
[273407] -265, -820, 6
Step count: 218
[273428] -300, -860, -38
Step count: 218
[273450] -327, -845, -39
Step count: 218
[273471] -360, -1068, 163
Step count: 218
[273493] -763, -1267, 38
Step count: 218
[273515] -667, -904, -128
Step count: 218
[273536] -597, -882, -129
Step count: 218
[273557] -599, -942, -53
Step count: 218
[273579] -645, -1027, 2
Step count: 218
[273600] -714, -1147, 50
Step count: 218
[273622] -752, -1142, 43
Step count: 219
[273643] -744, -999, -14
Step count: 219
[273664] -665, -852, 17
Step count: 219
[273686] -624, -703, 84
Step count: 219
[273707] -655, -693, 113
Step count: 219
[273728] -800, -489, 63
Step count: 219
[273750] -848, -604, 58
Step count: 219
[273771] -687, -463, 54
Step count: 219
[273793] -631, -571, 85
Step count: 219
[273815] -572, -539, 78
Step count: 219
[273836] -564, -434, 61
Step count: 219
[273858] -518, -522, 71
Step count: 219
[273879] -499, -624, 57
Step count: 219
[273900] -586, -620, 34
Step count: 219
[273922] -607, -742, 52
Step count: 219
[273943] -616, -842, 46
Step count: 219
[273964] -602, -901, -2
Step count: 219
[273986] -551, -966, -92
Step count: 219
[274007] -441, -1070, -90
Step count: 219
[274029] -360, -1294, 18
Step count: 219
[274050] -453, -1454, 46
Step count: 219
[274071] -522, -1309, 14
Step count: 219
[274094] -232, -1095, -84
Step count: 219
[274115] -196, -1151, -148
Step count: 219
[274136] -285, -1336, -158
Step count: 219
[274158] -274, -1386, -134
Step count: 219
[274179] -216, -1291, -84
Step count: 219
[274200] -246, -1170, -77
Step count: 219
[274222] -337, -1031, -90
Step count: 219
[274243] -390, -922, -76
Step count: 219
[274265] -355, -877, -28
Step count: 219
[274286] -334, -854, -22
Step count: 219
[274307] -298, -835, 21
Step count: 219
[274329] -277, -809, 66
Step count: 219
[274350] -310, -811, 92
Step count: 219
[274372] -332, -754, 94
Step count: 219
[274394] -322, -750, 118
Step count: 219
[274415] -338, -781, 144
Step count: 219
[274437] -327, -751, 170
Step count: 219
[274458] -299, -822, 206
Step count: 219
[274479] -311, -865, 242
Step count: 219
[274501] -328, -851, 262
Step count: 219
[274522] -345, -784, 229
Step count: 220
[274543] -357, -739, 209
Step count: 220
[274565] -392, -1022, 386
Step count: 220
[274586] -531, -1407, 537
Step count: 220
[274607] -581, -1222, 462
Step count: 220
[274629] -567, -815, 272
Step count: 220
[274650] -605, -653, 139
Step count: 220
[274671] -638, -617, 33
Step count: 220
[274693] -684, -833, 145
Step count: 220
[274715] -703, -896, 216
Step count: 220
[274736] -701, -855, 202
Step count: 220
[274758] -640, -794, 156
Step count: 220
[274779] -576, -588, 110
Step count: 220
[274800] -659, -615, 127
Step count: 220
[274822] -782, -551, 160
Step count: 220
[274843] -794, -489, 177
Step count: 220
[274864] -808, -508, 192
Step count: 220
[274886] -839, -463, 182
Step count: 220
[274907] -779, -501, 172
Step count: 220
[274928] -715, -592, 176
Step count: 220
[274950] -722, -632, 165
Step count: 220
[274971] -746, -668, 171
Step count: 220
[274993] -738, -717, 230
Step count: 220
[275015] -787, -742, 187
Step count: 220
[275036] -862, -679, 121
Step count: 220
[275057] -881, -704, 86
Step count: 221
[275079] -819, -733, 78
Step count: 221
[275100] -787, -779, 130
Step count: 221
[275122] -843, -1020, 228
Step count: 221
[275143] -867, -1290, 192
Step count: 221
[275164] -905, -1151, -15
Step count: 221
[275186] -851, -795, -156
Step count: 221
[275207] -691, -695, -143
Step count: 221
[275229] -679, -798, -105
Step count: 221
[275250] -758, -910, -57
Step count: 221
[275271] -709, -963, 31
Step count: 221
[275294] -461, -914, 85
Step count: 221
[275315] -438, -865, 89
Step count: 221
[275336] -458, -875, 68
Step count: 221
[275358] -391, -781, 42
Step count: 221
[275379] -385, -666, -29
Step count: 221
[275400] -395, -693, -7
Step count: 221
[275422] -371, -578, 25
Step count: 221
[275443] -342, -546, 27
Step count: 221
[275465] -367, -544, 19
Step count: 221
[275486] -389, -552, 26
Step count: 221
[275507] -401, -598, 15
Step count: 221
[275529] -401, -654, 8
Step count: 221
[275550] -401, -713, 11
Step count: 221
[275571] -396, -749, 18
Step count: 221
[275594] -438, -860, 22
Step count: 221
[275615] -434, -963, 58
Step count: 221
[275636] -452, -1042, 45
Step count: 221
[275657] -457, -1081, 33
Step count: 221
[275679] -487, -1279, 92
Step count: 221
[275700] -580, -1463, 124
Step count: 221
[275721] -625, -1243, 46
Step count: 221
[275743] -624, -1005, -119
Step count: 221
[275764] -564, -908, -128
Step count: 221
[275785] -537, -947, -28
Step count: 221
[275807] -585, -1108, 13
Step count: 221
[275828] -621, -1167, -11
Step count: 221
[275850] -603, -1095, -41
Step count: 221
[275871] -504, -996, -64
Step count: 221
[275892] -398, -902, -68
Step count: 221
[275914] -365, -699, -42
Step count: 221
[275935] -423, -599, -34
Step count: 221
[275957] -375, -539, 0
Step count: 221
[275978] -320, -502, 63
Step count: 221
[275999] -344, -495, 98
Step count: 221
[276021] -416, -529, 89
Step count: 221
[276042] -463, -606, 91
Step count: 221
[276063] -472, -641, 131
Step count: 221
[276085] -468, -625, 153
Step count: 221
[276106] -476, -607, 144
Step count: 222
[276127] -457, -606, 141
Step count: 222
[276149] -530, -647, 150
Step count: 222
[276170] -682, -858, 134
Step count: 222
[276193] -725, -855, 160
Step count: 222
[276214] -712, -936, 300
Step count: 222
[276236] -823, -1485, 366
Step count: 222
[276257] -905, -1519, 67
Step count: 222
[276278] -781, -997, -9
Step count: 222
[276300] -632, -746, 113
Step count: 222
[276321] -641, -794, 54
Step count: 222
[276342] -756, -977, -68
Step count: 222
[276364] -835, -1164, -77
Step count: 222
[276385] -759, -1259, 31
Step count: 222
[276406] -604, -1233, 147
Step count: 222
[276428] -475, -1113, 137
Step count: 222
[276449] -327, -960, 69
Step count: 222
[276470] -234, -720, -4
Step count: 222
[276491] -260, -653, -37
Step count: 222
[276514] -243, -624, 19
Step count: 222
[276535] -217, -585, 48
Step count: 222
[276556] -301, -586, 27
Step count: 222
[276578] -395, -700, 13
Step count: 222
[276599] -420, -731, 19
Step count: 222
[276620] -387, -704, 20
Step count: 222
[276642] -374, -763, 22
Step count: 223
[276663] -388, -827, 21
Step count: 223
[276684] -385, -849, 33
Step count: 223
[276706] -363, -875, 51
Step count: 223
[276727] -350, -905, 56
Step count: 223
[276748] -339, -991, 122
Step count: 223
[276770] -403, -1327, 279
Step count: 223
[276791] -559, -1529, 261
Step count: 223
[276813] -438, -788, -29
Step count: 223
[276835] -461, -925, 10
Step count: 223
[276856] -621, -1149, 18
Step count: 223
[276877] -661, -1201, -99
Step count: 223
[276899] -582, -1128, -156
Step count: 223
[276920] -487, -1045, -142
Step count: 223
[276941] -371, -926, -138
Step count: 223
[276963] -309, -751, -123
Step count: 223
[276984] -257, -713, -32
Step count: 223
[277005] -411, -752, -3
Step count: 223
[277027] -382, -606, -25
Step count: 223
[277048] -387, -553, -39
Step count: 223
[277069] -392, -677, -9
Step count: 223
[277091] -451, -552, 29
Step count: 223
[277112] -517, -530, 60
Step count: 223
[277134] -701, -787, 138
Step count: 223
[277155] -663, -771, 203
Step count: 223
[277176] -683, -607, 221
Step count: 223
[277198] -784, -622, 232
Step count: 223
[277219] -813, -771, 272
Step count: 223
[277241] -831, -844, 290
Step count: 223
[277262] -885, -1077, 384
Step count: 223
[277283] -884, -1492, 438
Step count: 223
[277305] -800, -1244, 238
Step count: 223
[277326] -741, -900, 151
Step count: 223
[277347] -643, -747, 184
Step count: 223
[277369] -668, -871, 181
Step count: 223
[277390] -812, -1091, 204
Step count: 224
[277411] -838, -1126, 203
Step count: 224
[277434] -693, -1059, 182
Step count: 224
[277455] -565, -946, 197
Step count: 224
[277476] -439, -829, 165
Step count: 224
[277498] -354, -761, 150
Step count: 224
[277519] -260, -708, 133
Step count: 224
[277540] -181, -691, 105
Step count: 224
[277562] -112, -630, 86
Step count: 224
[277583] -172, -583, 15
Step count: 224
[277604] -266, -589, -12
Step count: 224
[277626] -333, -635, 6
Step count: 224
[277647] -374, -706, 15
Step count: 224
[277668] -429, -788, 8
Step count: 224
[277690] -460, -830, -16
Step count: 224
[277711] -409, -815, -9
Step count: 224
[277733] -340, -894, 53
Step count: 224
[277755] -348, -936, 40
Step count: 224
[277776] -344, -982, 3
Step count: 224
[277798] -333, -1018, 53
Step count: 224
[277819] -410, -1279, 214
Step count: 224
[277840] -536, -1370, 242
Step count: 224
[277862] -547, -1069, 83
Step count: 224
[277883] -518, -842, -64
Step count: 224
[277904] -546, -920, -81
Step count: 224
[277926] -675, -1136, -52
Step count: 224
[277947] -733, -1277, -54
Step count: 224
[277969] -669, -1231, -31
Step count: 224
[277990] -618, -1060, -41
Step count: 224
[278011] -497, -916, -106
Step count: 224
[278034] -257, -709, -74
Step count: 224
[278055] -451, -774, -56
Step count: 224
[278076] -427, -523, -66
Step count: 224
[278098] -375, -501, -46
Step count: 224
[278119] -390, -696, 27
Step count: 224
[278140] -478, -681, 46
Step count: 224
[278162] -578, -691, 66
Step count: 224
[278183] -635, -750, 137
Step count: 224
[278205] -678, -727, 157
Step count: 224
[278226] -678, -719, 136
Step count: 224
[278247] -650, -646, 124
Step count: 224
[278269] -737, -701, 128
Step count: 224
[278290] -764, -818, 118
Step count: 224
[278311] -754, -785, 117
Step count: 224
[278333] -852, -1547, 478
Step count: 225
[278355] -926, -1666, 230
Step count: 225
[278376] -857, -1200, 40
Step count: 225
[278397] -707, -846, 31
Step count: 225
[278419] -656, -817, 5
Step count: 225
[278440] -770, -1038, 53
Step count: 225
[278462] -836, -1212, 87
Step count: 225
[278483] -758, -1176, 88
Step count: 225
[278504] -607, -1104, 80
Step count: 225
[278526] -382, -1016, 49
Step count: 225
[278547] -128, -650, 7
Step count: 225
[278568] -93, -563, 30
Step count: 225
[278590] -249, -576, 24
Step count: 225
[278611] -309, -437, 5
Step count: 225
[278633] -361, -585, 74
Step count: 225
[278655] -398, -686, 85
Step count: 225
[278676] -435, -816, 43
Step count: 225
[278697] -398, -836, 2
Step count: 225
[278719] -352, -800, -11
Step count: 225
[278740] -353, -833, -8
Step count: 225
[278761] -358, -892, 20
Step count: 225
[278783] -337, -920, 62
Step count: 225
[278804] -324, -936, 116
Step count: 225
[278825] -384, -1124, 255
Step count: 225
[278847] -498, -1375, 282
Step count: 225
[278868] -597, -1261, 107
Step count: 225
[278889] -583, -865, -144
Step count: 225
[278911] -470, -859, -117
Step count: 225
[278932] -418, -1016, 3
Step count: 225
[278954] -677, -1209, -94
Step count: 225
[278975] -774, -1137, -162
Step count: 225
[278997] -716, -1003, -199
Step count: 225
[279018] -530, -885, -218
Step count: 225
[279039] -463, -787, -206
Step count: 225
[279061] -502, -682, -174
Step count: 225
[279082] -356, -561, -85
Step count: 225
[279103] -491, -588, 0
Step count: 225
[279125] -668, -652, 88
Step count: 225
[279146] -661, -458, 110
Step count: 225
[279168] -668, -564, 193
Step count: 225
[279189] -719, -601, 196
Step count: 225
[279210] -776, -460, 159
Step count: 225
[279233] -656, -499, 194
Step count: 225
[279255] -596, -533, 208
Step count: 225
[279276] -697, -689, 224
Step count: 225
[279297] -774, -804, 242
Step count: 225
[279319] -814, -838, 157
Step count: 226
[279340] -764, -851, 177
Step count: 226
[279361] -782, -1132, 389
Step count: 226
[279383] -993, -1641, 357
Step count: 226
[279404] -1091, -1349, -22
Step count: 226
[279425] -862, -891, -39
Step count: 226
[279447] -596, -876, 140
Step count: 226
[279468] -578, -943, 146
Step count: 226
[279490] -660, -1015, 73
Step count: 226
[279511] -682, -1065, 59
Step count: 226
[279532] -584, -1074, 52
Step count: 226
[279554] -319, -851, -11
Step count: 226
[279575] -220, -682, -16
Step count: 226
[279597] -242, -639, 23
Step count: 226
[279618] -250, -511, 21
Step count: 226
[279640] -318, -518, 24
Step count: 226
[279661] -401, -614, 29
Step count: 226
[279682] -447, -682, 1
Step count: 226
[279704] -443, -729, -30
Step count: 226
[279725] -417, -750, -50
Step count: 226
[279746] -427, -807, -36
Step count: 226
[279768] -460, -884, -5
Step count: 226
[279789] -476, -971, 54
Step count: 226
[279811] -534, -1168, 152
Step count: 226
[279832] -630, -1388, 182
Step count: 226
[279854] -561, -1018, -72
Step count: 226
[279875] -458, -943, -90
Step count: 226
[279897] -483, -1105, 10
Step count: 226
[279918] -556, -1177, 56
Step count: 226
[279939] -521, -1066, -3
Step count: 227
[279961] -495, -968, -70
Step count: 227
[279982] -494, -929, -124
Step count: 227
[280003] -461, -915, -169
Step count: 227
[280025] -402, -875, -130
Step count: 227
[280046] -408, -805, -62
Step count: 227
[280067] -429, -742, -43
Step count: 227
[280089] -405, -695, -106
Step count: 227
[280110] -369, -626, -99
Step count: 227
[280131] -269, -594, 53
Step count: 227
[280153] -643, -540, 207
Step count: 227
[280175] -732, -380, 140
Step count: 227
[280196] -704, -514, 180
Step count: 227
[280217] -707, -616, 220
Step count: 227
[280239] -729, -619, 176
Step count: 227
[280260] -692, -593, 145
Step count: 227
[280281] -616, -595, 158
Step count: 227
[280303] -671, -689, 165
Step count: 227
[280324] -806, -855, 154
Step count: 227
[280345] -845, -936, 102
Step count: 227
[280367] -778, -887, 148
Step count: 227
[280388] -800, -1368, 345
Step count: 227
[280410] -917, -1633, 251
Step count: 227
[280431] -923, -1171, -65
Step count: 227
[280454] -439, -581, 98
Step count: 227
[280475] -460, -715, 171
Step count: 227
[280496] -635, -952, 136
Step count: 227
[280518] -693, -1001, 114
Step count: 227
[280539] -624, -982, 106
Step count: 227
[280560] -543, -938, 85
Step count: 227
[280582] -450, -812, 47
Step count: 227
[280603] -378, -689, 28
Step count: 227
[280625] -375, -566, 48
Step count: 227
[280646] -363, -568, 62
Step count: 227
[280667] -375, -576, 54
Step count: 227
[280689] -389, -552, 37
Step count: 228
[280710] -394, -591, 32
Step count: 228
[280731] -377, -632, 43
Step count: 228
[280754] -372, -707, 29
Step count: 228
[280775] -415, -789, 45
Step count: 228
[280796] -455, -915, 73
Step count: 228
[280818] -499, -1048, 85
Step count: 228
[280839] -545, -1148, 57
Step count: 228
[280861] -504, -1130, 48
Step count: 228
[280882] -432, -1188, 227
Step count: 228
[280903] -570, -1593, 389
Step count: 228
[280925] -747, -1541, 138
Step count: 228
[280946] -619, -790, -230
Step count: 228
[280967] -375, -603, -206
Step count: 228
[280989] -307, -668, -4
Step count: 228
[281010] -450, -1014, 56
Step count: 228
[281031] -560, -1232, 39
Step count: 228
[281053] -492, -917, 67
Step count: 228
[281075] -427, -734, -50
Step count: 228
[281096] -409, -632, -109
Step count: 228
[281117] -479, -591, -70
Step count: 228
[281139] -474, -532, 13
Step count: 228
[281160] -431, -496, 75
Step count: 228
[281181] -540, -599, 61
Step count: 228
[281203] -554, -499, 56
Step count: 228
[281224] -523, -614, 120
Step count: 228
[281246] -550, -676, 164
Step count: 228
[281267] -585, -657, 158
Step count: 228
[281288] -597, -602, 131
Step count: 228
[281310] -605, -615, 135
Step count: 228
[281331] -680, -710, 158
Step count: 228
[281353] -753, -914, 169
Step count: 228
[281375] -752, -897, 137
Step count: 228
[281396] -668, -977, 294
Step count: 228
[281418] -775, -1439, 438
Step count: 228
[281439] -983, -1465, 117
Step count: 228
[281460] -896, -854, -64
Step count: 228
[281482] -625, -666, 142
Step count: 228
[281503] -579, -853, 258
Step count: 228
[281524] -641, -1028, 244
Step count: 228
[281546] -667, -1090, 226
Step count: 228
[281567] -637, -1102, 213
Step count: 228
[281589] -562, -1053, 174
Step count: 228
[281610] -457, -893, 95
Step count: 228
[281631] -379, -704, 17
Step count: 228
[281654] -347, -509, 21
Step count: 228
[281675] -410, -499, -6
Step count: 228
[281696] -438, -570, 28
Step count: 228
[281718] -406, -600, 63
Step count: 228
[281739] -382, -633, 62
Step count: 228
[281761] -392, -704, 41
Step count: 228
[281782] -353, -748, 32
Step count: 228
[281803] -306, -739, 29
Step count: 228
[281825] -325, -787, 45
Step count: 228
[281846] -387, -875, 61
Step count: 228
[281867] -466, -953, 35
Step count: 228
[281889] -509, -961, 0
Step count: 228
[281910] -422, -934, 88
Step count: 228
[281931] -466, -1319, 337
Step count: 228
[281954] -699, -1203, 68
Step count: 228
[281975] -576, -769, -71
Step count: 228
[281996] -470, -720, -45
Step count: 228
[282018] -463, -798, -9
Step count: 228
[282039] -572, -1041, 11
Step count: 228
[282060] -639, -1171, 64
Step count: 228
[282082] -586, -1055, 118
Step count: 228
[282103] -517, -884, 80
Step count: 228
[282125] -423, -814, -12
Step count: 228
[282146] -366, -729, -43
Step count: 228
[282167] -384, -529, 3
Step count: 228
[282189] -415, -453, 159
Step count: 229
[282210] -731, -668, 189
Step count: 229
[282232] -861, -374, 102
Step count: 229
[282254] -888, -578, 74
Step count: 229
[282275] -902, -437, 68
Step count: 229
[282297] -970, -434, 62
Step count: 229
[282318] -1004, -361, 47
Step count: 229
[282339] -975, -419, 53
Step count: 229
[282361] -941, -562, 62
Step count: 229
[282382] -922, -629, 59
Step count: 229
[282403] -899, -616, 43
Step count: 229
[282425] -906, -747, 100
Step count: 229
[282446] -1077, -1094, 140
Step count: 229
[282468] -1159, -1164, 64
Step count: 229
[282489] -993, -881, 7
Step count: 229
[282510] -770, -752, 52
Step count: 229
[282533] -626, -806, 75
Step count: 229
[282554] -597, -814, 81
Step count: 229
[282576] -578, -811, 82
Step count: 229
[282597] -557, -751, 61
Step count: 229
[282619] -534, -700, 26
Step count: 229
[282640] -505, -647, -11
Step count: 229
[282661] -459, -580, -17
Step count: 229
[282683] -402, -536, -1
Step count: 229
[282704] -360, -516, 7
Step count: 229
[282725] -354, -504, 6
Step count: 229
[282747] -398, -535, 11
Step count: 229
[282768] -455, -597, 46
Step count: 229
[282789] -559, -635, -1
Step count: 229
[282811] -687, -633, -44
Step count: 229
[282832] -682, -628, -7
Step count: 229
[282854] -759, -708, -4
Step count: 229
[282875] -938, -719, -36
Step count: 229
[282897] -1017, -652, -115
Step count: 229
[282918] -948, -694, -28
Step count: 229
[282939] -1136, -1140, 160
Step count: 230
[282961] -1427, -1242, 146
Step count: 230
[282982] -1331, -750, -11
Step count: 230
[283003] -1067, -355, -168
Step count: 230
[283025] -976, -416, -124
Step count: 230
[283046] -1041, -668, -63
Step count: 230
[283067] -1132, -848, -55
Step count: 230
[283089] -1123, -817, -67
Step count: 230
[283110] -1014, -722, -92
Step count: 230
[283131] -886, -641, -106
Step count: 230
[283153] -804, -358, -152
Step count: 230
[283175] -752, -258, -177
Step count: 230
[283196] -696, -214, -226
Step count: 230
[283218] -753, -168, -254
Step count: 230
[283239] -919, -127, -225
Step count: 230
[283260] -877, -65, -219
Step count: 230
[283282] -914, 26, -295
Step count: 230
[283303] -1158, 77, -363
Step count: 230
[283324] -1142, 97, -395
Step count: 230
[283346] -867, 206, -394
Step count: 230
[283367] -800, 244, -387
Step count: 230
[283388] -1006, 270, -376
Step count: 230
[283410] -996, 304, -423
Step count: 230
[283431] -892, 297, -475
Step count: 230
[283454] -591, 430, -275
Step count: 230
[283475] -498, 686, -355
Step count: 230
[283496] -777, 844, -553
Step count: 230
[283518] -925, 599, -495
Step count: 230
[283539] -541, 238, -346
Step count: 230
[283560] -272, 187, -378
Step count: 230
[283582] -438, 145, -591
Step count: 230
[283603] -556, 127, -737
Step count: 230
[283624] -268, 129, -729
Step count: 230
[283646] -116, 1, -689
Step count: 230
[283667] -330, -82, -763
Step count: 230
[283688] -576, -105, -941
Step count: 230
[283710] -572, 71, -949
Step count: 230
[283731] -264, 60, -759
Step count: 230
[283753] -136, 104, -671
Step count: 230
[283775] -397, 192, -891
Step count: 231
[283796] -445, 294, -1006
Step count: 231
[283818] -304, 294, -938
Step count: 231
[283839] -298, 193, -876
Step count: 231
[283860] -313, 37, -925
Step count: 231
[283882] -327, 250, -944
Step count: 231
[283903] -193, 379, -860
Step count: 231
[283924] -57, 369, -779
Step count: 231
[283946] -99, 331, -822
Step count: 231
[283967] -125, 373, -938
Step count: 231
[283988] -100, 437, -1021
Step count: 231
[284010] -142, 464, -1010
Step count: 231
[284031] -308, 334, -1026
Step count: 231
[284053] -93, 284, -889
Step count: 231
[284075] -93, 305, -830
Step count: 231
[284096] -112, 312, -836
Step count: 231
[284117] -136, 285, -871
Step count: 231
[284139] -169, 298, -877
Step count: 231
[284160] -147, 304, -865
Step count: 231
[284181] -113, 321, -895
Step count: 231
[284203] -215, 331, -962
Step count: 231
[284224] -237, 378, -969
Step count: 231
[284245] -178, 378, -901
Step count: 231
[284267] 16, 347, -966
Step count: 231
