timestamp,x,y,z
19,472,58,-1282
40,498,170,-1393
61,404,260,-1233
82,410,269,-1093
102,419,305,-976
123,381,307,-786
144,417,124,-551
164,507,94,-398
185,494,162,-215
206,444,64,53
226,218,-87,84
247,591,-195,-160
268,457,-203,-203
288,502,-301,-230
309,569,-403,-94
330,490,-459,-7
351,469,-514,-125
371,525,-534,-327
392,1219,-1156,-33
413,1063,-1122,489
434,806,-691,335
454,811,-767,99
475,508,-680,361
496,815,-944,583
517,900,-1132,612
537,520,-659,331
558,594,-695,407
579,920,-887,337
600,412,-806,559
620,384,-823,791
641,385,-829,695
662,542,-717,200
683,486,-570,1
703,317,-698,151
724,66,-698,111
745,-114,-765,145
766,-85,-816,261
786,-216,-870,270
807,-166,-813,187
828,-161,-877,147
849,-212,-1021,145
869,-264,-1137,130
890,-236,-1172,31
911,-172,-1228,-14
932,-119,-1303,-58
952,-11,-1338,-47
973,67,-1344,-55
994,141,-1268,-57
1015,167,-1274,-57
1035,168,-1246,-108
1056,147,-1148,-204
1077,140,-1071,-311
1097,149,-1037,-406
1118,192,-1071,-459
1139,222,-1064,-461
1160,246,-1073,-445
1180,291,-1063,-403
1201,299,-1037,-340
1222,295,-1067,-265
1242,326,-1124,-247
1263,370,-1167,-218
1284,355,-1101,-171
1304,317,-1093,-122
1325,200,-1248,-122
1346,108,-1430,-125
1367,37,-1494,-99
1387,94,-1379,-106
1408,168,-1257,-114
1429,200,-1162,-126
1449,163,-1144,-161
1470,71,-1221,-213
1491,-29,-1262,-243
1511,-136,-1278,-240
1532,-210,-1304,-241
1553,-252,-1316,-249
1574,-247,-1221,-301
1594,-223,-1203,-340
1615,-196,-1108,-349
1636,-187,-1032,-361
1656,-179,-975,-367
1677,-187,-930,-389
1698,-205,-875,-433
1719,-227,-825,-441
1739,-247,-782,-425
1760,-230,-741,-403
1781,-187,-671,-414
1801,-153,-594,-428
1822,-119,-568,-427
1843,-111,-566,-411
1863,-118,-588,-386
1884,-99,-603,-339
1905,-87,-620,-326
1926,-220,-795,-388
1946,-334,-915,-364
1967,-248,-971,-241
1988,-119,-959,-180
2008,-30,-916,-249
2029,-20,-876,-323
2050,-127,-891,-370
2070,-196,-960,-381
2091,-179,-1063,-392
2112,-134,-1158,-418
2133,-102,-1190,-430
2153,-63,-1179,-431
2174,59,-1107,-419
2195,88,-1097,-393
2215,102,-1116,-384
2236,108,-1130,-384
2257,106,-1127,-390
2277,116,-1098,-396
2298,145,-1055,-409
2319,160,-1001,-438
2340,151,-947,-451
2360,152,-923,-450
2381,173,-926,-449
2402,213,-944,-443
2422,230,-934,-453
2443,256,-924,-480
2464,273,-945,-482
2485,276,-962,-487
2505,276,-964,-488
2526,280,-939,-489
2547,263,-1004,-462
2568,119,-1200,-487
2589,58,-1280,-519
2609,154,-1225,-497
2630,249,-1167,-469
2651,241,-1196,-415
2672,140,-1217,-395
2693,75,-1198,-403
2713,11,-1196,-397
2734,-280,-1243,-355
2755,-325,-1213,-374
2775,-290,-1147,-353
2796,-263,-1099,-338
2817,-225,-1087,-353
2838,-124,-1080,-394
2858,-70,-1054,-445
2879,-44,-1054,-471
2900,-12,-1039,-454
2920,-30,-1002,-418
2941,-61,-967,-369
2962,-85,-943,-324
2982,-102,-880,-312
3003,-101,-808,-327
3024,-99,-741,-306
3045,-90,-699,-286
3066,-50,-682,-296
3086,-9,-658,-324
3107,28,-635,-332
3128,38,-610,-322
3149,26,-590,-313
3170,11,-579,-327
3190,11,-579,-301
3211,11,-590,-317
3232,41,-624,-349
3253,38,-655,-368
3274,14,-717,-402
3294,-117,-939,-500
3315,-98,-1019,-505
3336,-51,-1080,-487
3357,5,-1088,-487
3377,31,-1082,-503
3398,17,-1099,-526
3419,48,-1130,-555
3440,132,-1126,-539
3461,199,-1117,-548
3482,198,-1123,-547
3502,161,-1189,-527
3523,149,-1195,-551
3544,157,-1192,-564
3564,154,-1162,-551
3585,151,-1114,-504
3606,149,-1055,-443
3627,168,-974,-409
3647,237,-918,-402
3668,278,-914,-378
3689,232,-881,-318
3710,180,-856,-299
3731,187,-875,-311
3752,219,-935,-302
3772,228,-936,-309
3793,271,-942,-293
3814,192,-904,-203
3835,164,-920,-177
3856,126,-965,-149
3877,89,-998,-138
3898,64,-1038,-146
3918,86,-1119,-177
3939,113,-1157,-213
3960,117,-1166,-225
3981,78,-1214,-263
4002,-30,-1354,-315
4023,-40,-1418,-347
4044,26,-1415,-360
4064,78,-1308,-327
4085,90,-1181,-295
4106,82,-1105,-274
4126,75,-1082,-287
4147,62,-1092,-350
4168,15,-1127,-400
4189,-39,-1182,-403
4209,-54,-1210,-390
4230,-20,-1209,-381
4251,83,-1228,-400
4271,163,-1236,-425
4292,182,-1204,-447
4313,180,-1114,-463
4333,139,-1008,-438
4354,106,-871,-358
4375,91,-791,-335
4396,69,-709,-309
4417,58,-634,-291
4438,83,-578,-283
4458,110,-525,-272
4479,109,-486,-273
4500,123,-462,-273
4521,130,-437,-272
4542,135,-421,-262
4563,139,-439,-246
4584,126,-462,-237
4604,147,-513,-257
4625,125,-547,-295
4646,85,-577,-324
4667,65,-651,-340
4687,74,-748,-375
4708,100,-850,-428
4729,74,-926,-492
4749,-43,-1084,-580
4770,-138,-1245,-608
4791,-107,-1361,-570
4812,-40,-1427,-524
4832,55,-1422,-476
4853,89,-1385,-441
4874,132,-1333,-433
4894,245,-1308,-436
4915,352,-1336,-418
4936,338,-1323,-432
4956,270,-1286,-458
4977,192,-1201,-484
4998,152,-1136,-455
5019,134,-1071,-401
5039,111,-1004,-345
5060,92,-921,-295
5081,101,-851,-252
5102,127,-827,-222
5123,154,-829,-199
5143,156,-855,-194
5164,153,-881,-233
5185,155,-918,-252
5206,154,-974,-240
5227,153,-1002,-200
5248,146,-993,-162
5269,133,-973,-139
5290,112,-985,-139
5310,80,-1003,-153
5331,49,-1034,-177
5352,43,-1078,-198
5373,49,-1102,-223
5393,37,-1160,-265
5414,-86,-1353,-380
5435,-59,-1355,-431
5455,-6,-1309,-444
5476,41,-1242,-424
5497,37,-1178,-405
5518,6,-1120,-400
5538,-33,-1102,-427
5559,-70,-1115,-453
5580,-134,-1142,-479
5601,-163,-1125,-502
5621,-109,-1136,-581
5642,-116,-1112,-671
5663,-67,-1089,-804
5684,-28,-997,-792
5705,16,-903,-677
5725,-23,-839,-605
5746,-89,-760,-592
5767,-137,-688,-571
5787,-168,-618,-538
5808,-177,-544,-514
5829,-158,-467,-490
5850,-138,-401,-469
5871,-104,-379,-432
5892,-53,-376,-422
5913,-22,-397,-421
5933,-21,-419,-409
5954,-95,-483,-394
5975,-131,-525,-373
5996,-154,-587,-357
6017,-209,-696,-408
6038,-310,-825,-459
6059,-335,-940,-477
6079,-353,-1035,-503
6100,-341,-1083,-525
6121,-283,-1103,-566
6142,-206,-1111,-620
6162,-122,-1127,-656
6183,-92,-1187,-677
6204,-122,-1266,-699
6224,-159,-1354,-753
6245,-129,-1360,-796
6266,-53,-1267,-733
6287,-3,-1181,-647
6307,1,-1070,-604
6328,13,-952,-595
6349,35,-877,-597
6369,32,-832,-575
6390,8,-832,-531
6411,40,-819,-451
6431,5,-921,-439
6452,9,-976,-383
6473,286,-797,-133
6494,196,-1061,-139
6515,263,-1038,-40
6535,265,-1048,-54
6556,255,-1114,-71
6577,259,-1135,-61
6598,244,-1151,-64
6619,212,-1213,-84
6640,93,-1356,-106
6660,18,-1418,-139
6681,36,-1425,-186
6702,74,-1379,-189
6723,91,-1370,-215
6744,71,-1308,-236
6765,33,-1224,-266
6785,-90,-1260,-379
6806,-239,-1307,-461
6827,-342,-1333,-466
6847,-412,-1324,-481
6868,-420,-1297,-490
6889,-361,-1242,-510
6910,-273,-1177,-533
6930,-204,-1097,-555
6951,-188,-1022,-567
6972,-213,-948,-596
6992,-256,-892,-668
7013,-293,-820,-632
7034,-324,-698,-535
7054,-330,-629,-526
7075,-344,-578,-513
7096,-354,-506,-491
7117,-347,-434,-465
7137,-330,-368,-489
7158,-321,-350,-515
7179,-300,-344,-505
7200,-256,-345,-451
7221,-289,-415,-462
7242,-413,-519,-470
7263,-411,-554,-414
7283,-360,-585,-423
7304,-346,-617,-506
7325,-334,-678,-587
7345,-303,-737,-668
7366,-277,-801,-759
7387,-275,-910,-847
7408,-325,-1054,-894
7428,-383,-1200,-914
7449,-357,-1266,-928
7470,-253,-1260,-933
7490,-124,-1203,-921
7511,-26,-1116,-915
7532,7,-1001,-931
7553,44,-857,-941
7573,81,-750,-880
7594,6,-730,-797
7615,-29,-750,-774
7636,-65,-790,-744
7657,-75,-823,-731
7678,-106,-888,-702
7698,-13,-912,-650
7719,113,-1011,-689
7740,288,-952,-504
7761,383,-964,-384
7782,458,-877,-291
7803,440,-1020,-350
7824,435,-1062,-373
7845,488,-1037,-426
7865,412,-1147,-498
7886,197,-1316,-535
7907,186,-1268,-568
7928,213,-1284,-507
7949,228,-1298,-464
7970,189,-1239,-457
7991,128,-1227,-495
8011,51,-1242,-508
8032,-61,-1302,-608
8053,-143,-1311,-640
8074,-212,-1323,-651
8095,-191,-1267,-653
8116,-130,-1207,-664
8136,-76,-1129,-683
8157,-131,-1037,-688
8178,-157,-962,-660
8199,-147,-883,-646
8219,-154,-833,-672
8240,-179,-768,-629
8261,-182,-730,-579
8281,-185,-670,-546
8302,-192,-608,-525
8323,-211,-551,-494
8344,-214,-492,-459
8365,-203,-449,-461
8386,-189,-426,-486
8407,-175,-410,-489
8428,-163,-390,-470
8449,-150,-404,-482
8469,-208,-515,-564
8490,-273,-626,-567
8511,-213,-700,-511
8532,-179,-765,-499
8552,-163,-804,-533
8573,-120,-833,-574
8594,-111,-994,-690
8615,-180,-1151,-740
8635,-221,-1306,-773
8656,-187,-1397,-788
8677,-82,-1421,-786
8697,33,-1387,-757
8718,125,-1313,-722
8739,186,-1214,-684
8759,222,-1112,-661
8780,227,-1014,-660
8801,203,-938,-646
8822,169,-916,-637
8843,105,-928,-631
8863,45,-937,-627
8884,12,-937,-613
8905,33,-967,-557
8926,124,-988,-464
8947,373,-926,-283
8968,394,-1054,-372
8988,473,-935,-201
9009,550,-950,-168
9030,584,-998,-97
9051,601,-1118,-43
9072,565,-1186,48
9093,468,-1419,60
9114,441,-1477,-5
9134,419,-1480,-4
9155,334,-1439,-31
9176,232,-1371,-82
9197,132,-1350,-130
9218,34,-1400,-179
9238,-54,-1443,-225
9259,-119,-1486,-256
9280,-203,-1492,-257
9301,-219,-1460,-273
9321,-166,-1399,-302
9342,-81,-1343,-336
9363,-5,-1296,-362
9383,37,-1229,-375
9404,39,-1145,-376
9425,16,-1060,-356
9445,6,-1025,-336
9466,2,-1013,-317
9487,-13,-976,-304
9508,-42,-914,-307
9528,-70,-829,-331
9549,-83,-713,-356
9570,-96,-612,-367
9590,-72,-542,-366
9611,-17,-524,-355
9632,-18,-497,-345
9652,-32,-466,-331
9673,-39,-448,-322
9694,-58,-691,-385
9715,-30,-835,-340
9736,6,-888,-266
9757,1,-953,-264
9778,55,-1019,-317
9798,167,-1042,-375
9819,241,-1068,-409
9840,225,-1182,-416
9861,119,-1336,-407
9882,53,-1472,-386
9903,92,-1534,-352
9923,202,-1536,-317
9944,307,-1462,-271
9965,365,-1363,-241
9986,397,-1278,-233
10006,418,-1190,-243
10027,414,-1114,-248
10048,380,-1065,-242
10069,327,-1043,-244
10090,282,-1045,-250
10111,278,-1041,-234
10131,311,-1028,-191
10152,347,-1029,-122
10173,371,-1020,-53
10194,374,-1002,57
10215,364,-1007,98
10236,371,-1032,121
10257,385,-1070,121
10278,392,-1091,103
10298,374,-1161,86
10319,282,-1300,41
10340,222,-1437,-17
10361,232,-1453,-53
10382,242,-1376,-52
10403,246,-1299,-24
10423,212,-1268,-28
10444,153,-1277,-69
10465,74,-1327,-135
10486,-20,-1418,-186
10506,-80,-1500,-217
10527,-93,-1511,-241
10548,-67,-1509,-243
10568,-27,-1477,-235
10589,10,-1434,-230
10610,9,-1346,-239
10631,8,-1285,-226
10651,5,-1219,-207
10672,-17,-1169,-216
10693,-55,-1130,-203
10713,-103,-1083,-183
10734,-122,-951,-153
10755,-119,-870,-144
10776,-104,-796,-145
10796,-79,-724,-151
10817,-51,-681,-152
10838,-42,-658,-142
10859,-57,-624,-142
10880,-69,-607,-172
10901,-72,-603,-206
10922,-48,-605,-226
10942,11,-620,-229
10963,32,-738,-285
10984,26,-878,-373
11005,53,-933,-421
11026,73,-962,-428
11046,160,-968,-401
11067,275,-987,-389
11088,357,-1003,-408
11109,330,-1038,-418
11129,236,-1176,-406
11150,153,-1365,-355
11171,151,-1485,-375
11192,271,-1547,-313
11212,436,-1538,-224
11233,498,-1446,-237
11254,444,-1237,-190
11274,454,-1179,-141
11295,492,-1139,-112
11316,490,-1109,-120
11337,423,-1090,-167
11357,362,-1097,-183
11378,341,-1067,-116
11399,370,-1089,-37
11420,329,-1074,-36
11441,341,-969,-103
11461,365,-1066,-109
11482,335,-1120,-104
11503,314,-1122,-84
11524,275,-1151,-51
11545,228,-1154,-26
11566,194,-1187,-27
11587,163,-1203,-29
11608,146,-1224,-24
11628,107,-1283,-26
11649,42,-1388,-40
11670,15,-1395,-62
11691,47,-1299,-88
11711,114,-1189,-111
11732,153,-1151,-132
11753,141,-1163,-159
11773,118,-1193,-170
11794,57,-1267,-133
11815,38,-1283,-92
11836,29,-1291,-61
11856,15,-1302,-41
11877,18,-1273,-14
11898,29,-1235,14
11918,32,-1190,46
11939,16,-1157,63
11960,-22,-1128,72
11981,-70,-1097,75
12001,-100,-1079,64
12022,-117,-1084,33
12043,-127,-1086,-13
12063,-113,-1067,-45
12084,-78,-1041,-63
12105,-38,-1038,-90
12126,-11,-1041,-115
12147,-1,-1050,-148
12168,10,-1072,-198
12189,7,-1111,-258
12210,3,-1160,-314
12230,2,-1188,-366
12251,-5,-1166,-399
12272,-12,-1144,-434
12293,-8,-1143,-457
12314,11,-1153,-508
12335,54,-1234,-645
12356,-31,-1302,-815
12376,-191,-1322,-916
12397,-252,-1273,-878
12418,-230,-1188,-797
12439,-179,-1087,-829
12460,-134,-927,-921
12481,-153,-754,-973
12502,-154,-644,-937
12523,-160,-640,-856
12543,-180,-679,-753
12564,-215,-698,-683
12585,-260,-683,-629
12606,-271,-656,-590
12626,-242,-630,-597
12647,-165,-599,-634
12668,-74,-562,-668
12688,-61,-538,-663
12709,-67,-552,-649
12730,-59,-573,-652
12751,-39,-600,-640
12771,-44,-660,-608
12792,-62,-734,-591
12813,-72,-795,-581
12833,-63,-852,-583
12854,-35,-900,-582
12875,-18,-951,-626
12895,-7,-965,-622
12916,9,-987,-596
12937,17,-1009,-566
12958,12,-1040,-531
12978,33,-1060,-501
12999,66,-1082,-474
13020,105,-1127,-469
13040,137,-1130,-462
13061,155,-1150,-456
13082,213,-1115,-387
13102,300,-1078,-291
13123,347,-1073,-206
13144,378,-1154,-160
13165,299,-1320,-176
13185,296,-1340,-197
13206,391,-1263,-154
13227,509,-1196,-79
13247,578,-1137,-36
13268,537,-1133,-60
13289,388,-1181,-121
13310,225,-1247,-158
13330,98,-1297,-188
13351,-2,-1309,-236
13372,-28,-1316,-286
13392,-5,-1314,-312
13413,8,-1326,-378
13434,-54,-1338,-520
13455,-108,-1314,-533
13476,-132,-1282,-513
13497,-127,-1252,-471
13517,-147,-1216,-469
13538,-169,-1136,-514
13559,-184,-1023,-547
13580,-186,-927,-558
13601,-227,-860,-586
13622,-249,-762,-571
13643,-233,-674,-523
13663,-231,-640,-493
13684,-239,-579,-493
13705,-260,-520,-513
13726,-242,-473,-503
13747,-179,-427,-488
13767,-128,-410,-460
13788,-107,-414,-462
13809,-199,-517,-513
13830,-239,-581,-472
13850,-209,-658,-417
13871,-211,-756,-427
13892,-160,-826,-443
13913,-80,-832,-466
13933,-61,-949,-535
13954,-123,-1302,-625
13975,-186,-1120,-693
13995,-267,-1058,-525
14016,-272,-1288,-381
14037,-306,-1347,-385
14058,-308,-1214,-479
14078,-280,-1105,-451
14099,-248,-1034,-453
14120,-267,-987,-443
14140,-222,-1010,-416
14161,-163,-1055,-394
14182,-187,-1016,-388
14202,-151,-1026,-401
14223,-128,-1068,-405
14244,-92,-1076,-351
14265,-49,-1125,-330
14286,-35,-1126,-316
14307,-25,-1155,-256
14327,-2,-1169,-206
14348,0,-1180,-184
14369,44,-1166,-183
14390,63,-1179,-229
14411,-19,-1301,-287
14432,-113,-1390,-311
14453,-125,-1352,-307
14473,-95,-1313,-292
14494,-72,-1244,-291
14515,-138,-1212,-325
14536,-257,-1255,-389
14557,-382,-1319,-428
14578,-464,-1305,-422
14598,-553,-1282,-393
14619,-584,-1242,-384
14640,-566,-1198,-396
14661,-514,-1185,-464
14682,-496,-1140,-513
14702,-448,-1068,-537
14723,-421,-984,-519
14744,-415,-931,-477
14764,-425,-913,-440
14785,-429,-885,-410
14806,-424,-832,-377
14827,-406,-781,-340
14847,-371,-719,-314
14868,-354,-638,-317
14889,-345,-555,-335
14909,-354,-506,-361
14930,-370,-475,-362
14951,-375,-453,-338
14971,-336,-435,-340
14992,-277,-430,-404
15013,-267,-474,-473
15034,-435,-726,-484
15055,-430,-822,-447
15075,-371,-855,-461
15096,-255,-838,-480
15117,-237,-883,-493
15138,-330,-985,-480
15159,-402,-1109,-471
15180,-401,-1219,-508
15201,-342,-1285,-572
15221,-286,-1279,-592
15242,-255,-1236,-569
15263,-246,-1207,-549
15284,-209,-1175,-518
15305,-150,-1135,-469
15326,-90,-1109,-455
15347,-84,-1067,-430
15367,-101,-1060,-402
15388,-87,-1058,-387
15409,-76,-1043,-357
15430,-53,-1032,-335
15450,-34,-1025,-338
15471,-29,-1011,-342
15492,-30,-1010,-320
15513,-37,-1042,-290
15533,-28,-1074,-270
15554,19,-1129,-306
15575,-28,-1255,-378
15596,-101,-1390,-431
15617,-77,-1402,-423
15638,-16,-1369,-408
15659,5,-1366,-419
15680,-40,-1320,-418
15700,-177,-1295,-440
15721,-321,-1317,-474
15742,-426,-1321,-505
15762,-498,-1289,-533
15783,-539,-1244,-556
15804,-561,-1182,-537
15824,-540,-1140,-501
15845,-480,-1139,-548
15866,-450,-1112,-587
15887,-391,-1070,-646
15907,-389,-987,-624
15928,-417,-926,-554
15949,-419,-895,-503
15969,-410,-875,-453
15990,-391,-833,-409
16011,-385,-774,-388
16031,-368,-710,-383
16052,-343,-642,-403
16073,-348,-574,-435
16094,-324,-462,-454
16114,-284,-426,-447
16135,-234,-405,-425
16156,-231,-422,-423
16177,-378,-547,-469
16198,-458,-605,-468
16219,-421,-640,-465
16240,-347,-657,-480
16260,-234,-655,-537
16281,-239,-721,-586
16302,-325,-844,-563
16323,-379,-1000,-567
16344,-351,-1108,-617
16365,-300,-1166,-677
16385,-256,-1191,-717
16406,-225,-1169,-718
16427,-215,-1144,-690
16448,-170,-1125,-673
16468,-101,-1126,-692
16489,-52,-1103,-686
16510,-50,-1120,-636
16530,-24,-1142,-611
16551,117,-1098,-634
16572,179,-1076,-674
16593,158,-1014,-637
16613,117,-1041,-631
16634,280,-1026,-364
16655,212,-1043,-333
16676,266,-1030,-281
16696,353,-1112,-322
16717,416,-1136,-340
16738,428,-1053,-310
16759,312,-1178,-336
16780,240,-1280,-384
16801,254,-1257,-409
16822,309,-1196,-411
16843,321,-1150,-429
16863,261,-1140,-470
16884,118,-1171,-515
16905,-14,-1258,-554
16926,-70,-1314,-570
16947,-105,-1359,-626
16967,-129,-1338,-649
16988,-119,-1257,-617
17009,-118,-1188,-617
17029,-119,-1167,-628
17050,-131,-1123,-609
17071,-171,-1093,-581
17091,-191,-1064,-542
17112,-204,-1022,-528
17133,-205,-971,-530
17154,-196,-834,-493
17174,-195,-768,-478
17195,-189,-702,-473
17216,-193,-640,-436
17236,-181,-589,-401
17257,-170,-541,-395
17278,-144,-495,-420
17299,-94,-454,-483
17320,-79,-425,-523
17341,-143,-520,-572
17361,-200,-619,-565
17382,-126,-662,-511
17403,-92,-701,-510
17424,-75,-703,-557
17445,-30,-682,-597
17466,-13,-705,-635
17487,-33,-798,-677
17508,-69,-936,-690
17528,-75,-1043,-683
17549,-47,-1112,-676
17570,-8,-1129,-677
17590,11,-1097,-663
17611,18,-1062,-637
17632,33,-1040,-627
17652,51,-1033,-618
17673,78,-1047,-605
17694,95,-1054,-555
17715,117,-1048,-528
17736,145,-1039,-516
17756,174,-1060,-539
17777,181,-1041,-534
17798,192,-1014,-498
17819,211,-1007,-458
17840,224,-1024,-438
17861,247,-1062,-442
17882,266,-1096,-444
17903,299,-1102,-428
17923,337,-1093,-404
17944,297,-1192,-429
17965,249,-1307,-495
17986,255,-1284,-533
18007,251,-1211,-515
18028,228,-1169,-506
18048,176,-1131,-511
18069,128,-1101,-541
18090,33,-1130,-587
18111,-89,-1185,-605
18132,-169,-1225,-599
18153,-204,-1255,-588
18174,-204,-1193,-580
18194,-182,-1126,-597
18215,-170,-1075,-600
18236,-157,-1030,-598
18257,-158,-986,-600
18278,-174,-950,-573
18298,-190,-932,-525
18319,-182,-884,-487
18340,-187,-835,-467
18360,-188,-800,-473
18381,-192,-754,-460
18402,-182,-705,-421
18422,-180,-660,-415
18443,-187,-619,-431
18464,-214,-572,-421
18485,-231,-523,-385
18505,-202,-470,-366
18526,-171,-458,-384
18547,-147,-474,-422
18567,-240,-581,-462
18588,-304,-686,-456
18609,-265,-807,-459
18629,-201,-885,-492
18650,-133,-890,-527
18671,-88,-915,-554
18692,-93,-1023,-591
18712,-124,-1181,-613
18733,-117,-1302,-631
18754,24,-1351,-615
18774,75,-1297,-614
18795,65,-1203,-595
18816,47,-1113,-562
18836,58,-1047,-532
18857,61,-1006,-501
18878,57,-973,-504
18899,30,-931,-489
18919,6,-922,-459
18940,16,-924,-433
18961,47,-923,-399
18981,88,-927,-368
19002,125,-945,-367
19023,138,-976,-347
19043,156,-1010,-306
19064,175,-1044,-265
19085,199,-1078,-246
19106,233,-1090,-256
19126,279,-1090,-286
19147,260,-1156,-359
19168,118,-1313,-466
19188,60,-1341,-540
19209,77,-1263,-532
19230,119,-1188,-506
19250,150,-1117,-525
19271,119,-1062,-591
19292,7,-1067,-656
19313,-118,-1110,-684
19333,-202,-1161,-700
19354,-178,-1281,-836
19375,-198,-1221,-902
19395,-228,-1104,-850
19416,-231,-1029,-800
19437,-227,-974,-752
19457,-221,-907,-681
19478,-218,-844,-628
19499,-231,-783,-562
19520,-224,-721,-494
19540,-207,-670,-444
19561,-192,-615,-413
19582,-169,-563,-403
19602,-152,-533,-394
19623,-144,-526,-372
19644,-138,-535,-372
19664,-149,-559,-378
19685,-156,-592,-380
19706,-148,-621,-381
19727,-136,-633,-389
19747,-133,-660,-399
19768,-209,-791,-440
19789,-316,-989,-480
19809,-311,-1112,-485
19830,-262,-1184,-480
19851,-176,-1210,-522
19871,-82,-1153,-567
19892,-14,-1069,-573
19913,-2,-1093,-570
19934,-25,-1269,-575
19954,-25,-1326,-565
19975,-40,-1330,-565
19996,-36,-1264,-534
20016,10,-1157,-490
20037,63,-1045,-471
20058,87,-963,-478
20079,95,-907,-474
20099,91,-897,-451
20120,85,-916,-424
20141,85,-939,-400
20161,110,-965,-373
20182,157,-993,-348
20203,199,-1015,-319
20223,237,-1013,-284
20244,290,-993,-260
20265,327,-985,-258
20286,350,-990,-279
20307,332,-1002,-293
20328,300,-1031,-310
20349,261,-1049,-339
20369,169,-1130,-400
20390,17,-1345,-512
20411,-19,-1426,-588
20432,29,-1329,-569
20453,78,-1277,-562
20474,40,-1224,-584
20494,-10,-1219,-597
20515,-117,-1274,-626
20536,-237,-1344,-645
20556,-320,-1376,-655
20577,-339,-1325,-640
20598,-309,-1238,-628
20619,-265,-1122,-615
20639,-225,-1039,-590
20660,-191,-997,-608
20681,-196,-941,-597
20701,-207,-890,-553
20722,-203,-860,-494
20743,-197,-830,-434
20763,-200,-786,-411
20784,-198,-726,-406
20805,-177,-676,-392
20826,-161,-630,-383
20846,-149,-586,-377
20867,-144,-555,-385
20888,-152,-534,-400
20909,-161,-528,-401
20930,-166,-533,-396
20951,-167,-534,-390
20972,-169,-537,-394
20993,-213,-646,-453
21013,-286,-816,-505
21034,-240,-979,-536
21055,-194,-990,-597
21076,-133,-1008,-643
21097,-98,-1051,-655
21118,-74,-1117,-652
21139,-86,-1246,-648
21159,-110,-1364,-633
21180,-106,-1442,-623
21201,-48,-1435,-621
21222,24,-1361,-609
21243,85,-1261,-575
21264,130,-1172,-546
21284,158,-1103,-520
21305,159,-1054,-493
21326,132,-1023,-456
21346,102,-1012,-413
21367,84,-999,-387
21388,87,-972,-376
21408,116,-939,-380
21429,158,-906,-362
21450,187,-893,-322
21471,193,-901,-286
21492,197,-912,-261
21512,207,-958,-255
21533,219,-1027,-265
21554,289,-1115,-352
21575,270,-1153,-405
21596,150,-1280,-475
21617,82,-1338,-524
21638,92,-1288,-545
21658,116,-1237,-580
21679,104,-1177,-627
21700,50,-1141,-659
21721,10,-1107,-689
21742,-33,-1103,-723
21762,-107,-1144,-737
21783,-184,-1207,-763
21804,-244,-1222,-768
21824,-259,-1193,-745
21845,-222,-1161,-732
21866,-197,-1092,-726
21886,-184,-986,-738
21907,-171,-889,-740
21928,-198,-814,-693
21949,-220,-768,-628
21969,-181,-727,-585
21990,-153,-664,-551
22011,-136,-606,-517
22031,-108,-576,-487
22052,-71,-562,-468
22073,-54,-537,-461
22094,19,-518,-491
22114,37,-526,-481
22135,31,-538,-455
22156,13,-550,-427
22177,-10,-570,-417
22198,-27,-597,-425
22219,-27,-647,-445
22240,-23,-708,-462
22260,-24,-759,-483
22281,-64,-850,-519
22302,-188,-1025,-566
22323,-244,-1213,-607
22344,-211,-1333,-654
22365,-116,-1336,-632
22385,-64,-1320,-588
22406,-59,-1336,-571
22427,-26,-1348,-550
22447,37,-1359,-533
22468,72,-1376,-503
22489,80,-1393,-447
22509,104,-1354,-419
22530,124,-1251,-389
22551,128,-1151,-406
22572,141,-1087,-466
22592,171,-1011,-504
22613,152,-922,-489
22634,101,-868,-408
22654,75,-890,-382
22675,86,-899,-407
22696,86,-873,-427
22717,95,-859,-437
22738,138,-846,-445
22758,168,-837,-467
22779,185,-839,-500
22800,224,-845,-516
22821,270,-838,-511
22842,305,-831,-498
22863,336,-811,-507
22884,344,-786,-533
22905,315,-777,-537
22925,295,-787,-512
22946,269,-798,-464
22967,238,-824,-414
22987,218,-885,-404
23008,194,-921,-389
23029,187,-936,-374
23050,197,-940,-397
23070,159,-948,-421
23091,35,-1059,-461
23112,-68,-1226,-505
23132,-41,-1307,-553
23153,44,-1272,-550
23174,146,-1237,-496
23194,80,-1281,-521
23215,-10,-1256,-535
23236,-67,-1228,-533
23256,-123,-1233,-545
23277,-204,-1231,-566
23298,-326,-1212,-529
23319,-394,-1208,-493
23339,-402,-1201,-471
23360,-387,-1160,-458
23381,-353,-1082,-489
23402,-305,-980,-510
23423,-279,-898,-483
23443,-261,-853,-458
23464,-252,-826,-436
23485,-236,-793,-407
23506,-204,-768,-393
23527,-174,-748,-389
23548,-137,-724,-356
23569,-109,-764,-386
23589,-57,-756,-472
23610,-3,-712,-504
23631,4,-672,-468
23652,0,-691,-419
23672,-6,-713,-376
23693,14,-718,-405
23714,1,-718,-673
23734,-42,-664,-682
23755,-66,-630,-651
23776,-103,-656,-655
23797,-145,-762,-732
23817,-203,-867,-808
23838,-229,-877,-778
23859,-169,-826,-755
23879,-80,-762,-777
23900,-8,-718,-817
23921,15,-715,-856
23941,24,-760,-868
23962,53,-854,-850
23983,93,-941,-813
24004,146,-1001,-784
24024,180,-995,-759
24045,190,-937,-739
24066,190,-892,-716
24086,191,-878,-679
24107,183,-880,-622
24128,140,-908,-558
24148,96,-932,-514
24169,87,-905,-490
24190,34,-879,-553
24211,13,-910,-523
24232,-7,-897,-519
24253,-65,-839,-499
24274,-168,-858,-362
24295,-157,-894,-316
24315,-127,-927,-253
24336,-116,-967,-233
24357,-109,-997,-216
24378,-103,-997,-203
24399,-99,-969,-203
24420,-107,-960,-205
24440,-135,-969,-211
24461,-139,-954,-199
24482,-139,-940,-135
24503,-139,-948,-75
24523,-150,-967,-72
24544,-160,-957,-84
24565,-143,-930,-116
24585,-147,-935,-171
24606,-243,-1047,-257
24627,-363,-1267,-361
24648,-300,-1324,-458
24668,-92,-1207,-476
24689,97,-1099,-429
24710,150,-1086,-411
24730,78,-1155,-518
24751,-16,-1201,-597
24772,-139,-1295,-583
24793,-255,-1396,-465
24813,-216,-1364,-348
24834,-154,-1240,-243
24855,-170,-1200,-226
24876,-167,-1159,-240
24897,-156,-1141,-291
24918,-195,-1093,-331
24939,-223,-1074,-380
24960,-207,-1054,-389
24980,-184,-1003,-380
25001,-137,-961,-378
25022,-106,-929,-356
25043,-91,-884,-314
25064,-86,-841,-295
25084,-89,-804,-308
25105,-85,-771,-327
25126,-61,-738,-340
25146,-18,-692,-336
25167,33,-671,-313
25188,140,-690,-295
25208,262,-671,-286
25229,351,-624,-288
25250,366,-543,-267
25271,363,-518,-296
25291,372,-532,-381
25312,380,-553,-448
25333,341,-583,-487
25353,257,-623,-484
25374,161,-688,-434
25395,53,-839,-566
25416,-137,-1041,-725
25437,-112,-984,-684
25458,-30,-927,-593
25478,82,-871,-612
25499,137,-834,-787
25520,125,-812,-880
25541,80,-821,-877
25562,62,-928,-812
25583,26,-1025,-709
25604,9,-1035,-637
25624,20,-979,-614
25645,27,-873,-601
25666,9,-811,-576
25686,-11,-814,-542
25707,13,-850,-543
25728,46,-878,-578
25749,52,-875,-599
25770,41,-859,-581
25791,51,-865,-561
25812,67,-863,-535
25833,85,-851,-504
25853,108,-844,-479
25874,174,-864,-498
25895,195,-871,-513
25916,206,-884,-518
25937,242,-909,-530
25958,257,-899,-511
25979,223,-905,-486
25999,200,-933,-456
26020,180,-913,-436
26041,156,-881,-417
26062,150,-852,-394
26083,123,-852,-403
26104,80,-872,-396
26125,46,-908,-375
26145,-53,-1062,-402
26166,-169,-1288,-446
26187,-97,-1321,-514
26208,58,-1176,-597
26228,227,-1108,-639
26249,298,-1132,-628
26270,175,-1191,-650
26290,-9,-1308,-648
26311,-127,-1360,-596
26332,-210,-1367,-552
26353,-265,-1322,-493
26373,-282,-1234,-440
26394,-252,-1063,-419
26415,-241,-989,-428
26435,-241,-939,-438
26456,-242,-911,-440
26477,-239,-906,-442
26498,-232,-899,-436
26519,-223,-878,-436
26540,-210,-854,-437
26560,-185,-821,-431
26581,-168,-774,-440
26602,-156,-732,-433
26623,-139,-693,-381
26644,-146,-674,-332
26665,-184,-660,-309
26686,-202,-639,-313
26706,-203,-623,-357
26727,-198,-603,-415
26748,-177,-577,-463
26769,-161,-598,-523
26790,-245,-752,-612
26811,-308,-891,-637
26831,-261,-909,-626
26852,-200,-855,-620
26873,-115,-781,-645
26894,-76,-764,-721
26914,-92,-856,-754
26935,-77,-979,-786
26956,-56,-1079,-788
26976,-22,-1139,-780
26997,12,-1156,-739
27018,56,-1130,-696
27039,116,-1067,-648
27059,165,-1003,-587
27080,189,-955,-531
27101,191,-912,-504
27121,149,-876,-482
27142,88,-878,-474
27163,37,-898,-495
27183,36,-887,-512
27204,66,-888,-497
27225,92,-921,-452
27246,101,-913,-436
27267,114,-899,-435
27288,106,-929,-442
27308,85,-989,-454
27329,104,-1039,-483
27350,131,-1087,-541
27371,94,-1152,-563
27392,12,-1208,-588
27413,-45,-1223,-628
27434,35,-1106,-531
27454,19,-1031,-468
27475,-50,-1035,-450
27496,-146,-1008,-471
27517,-167,-982,-479
27538,-284,-1007,-451
27559,-378,-981,-417
27580,-355,-1049,-489
27600,-251,-1037,-457
27621,-178,-997,-506
27642,-125,-952,-581
27663,-97,-908,-553
27684,-109,-947,-576
27705,-93,-930,-533
27725,-155,-896,-547
27746,-171,-920,-512
27767,-200,-913,-467
27788,-238,-903,-437
27808,-246,-881,-415
27829,-267,-807,-424
27850,-288,-741,-438
27871,-305,-709,-438
27891,-331,-693,-435
27912,-338,-682,-437
27933,-317,-681,-473
27954,-346,-740,-566
27975,-307,-755,-551
27996,-247,-747,-484
28016,-149,-692,-440
28037,-99,-673,-466
28058,-154,-742,-504
28079,-205,-863,-538
28100,-212,-990,-578
28121,-188,-1098,-632
28141,-124,-1163,-697
28162,-79,-1158,-723
28183,-31,-1116,-711
28204,26,-1058,-676
28224,85,-1001,-633
28245,128,-955,-605
28266,137,-920,-577
28286,124,-913,-569
28307,91,-906,-569
28328,45,-905,-554
28348,13,-917,-520
28369,8,-911,-486
28390,7,-941,-493
28411,89,-921,-444
28431,111,-881,-450
28452,101,-918,-514
28473,158,-977,-522
28493,227,-987,-478
28514,219,-1187,-546
28535,201,-1286,-587
28556,229,-1252,-559
28577,224,-1197,-526
28598,177,-1173,-507
28619,115,-1171,-520
28639,28,-1182,-529
28660,-125,-1246,-547
28681,-222,-1283,-527
28702,-282,-1271,-526
28723,-345,-1269,-541
28744,-352,-1251,-513
28765,-339,-1190,-480
28785,-311,-1140,-472
28806,-265,-1084,-465
28827,-238,-1034,-470
28847,-228,-984,-463
28868,-220,-935,-453
28889,-208,-895,-425
28910,-205,-864,-399
28930,-218,-842,-377
28951,-224,-818,-353
28972,-213,-789,-330
28992,-192,-763,-312
29013,-181,-753,-299
29034,-218,-775,-377
29054,-231,-774,-420
29075,-253,-806,-448
29096,-343,-906,-522
29117,-372,-919,-531
29137,-305,-849,-480
29158,-219,-749,-450
29179,-133,-654,-474
29199,-81,-632,-573
29220,-103,-638,-659
29241,-146,-686,-696
29262,-194,-778,-706
29282,-207,-896,-675
29303,-186,-955,-638
29324,-162,-930,-654
29344,-114,-867,-694
29365,-78,-861,-697
29386,-80,-912,-670
29406,-82,-984,-640
29427,-64,-1050,-617
29448,-41,-1104,-591
29469,-11,-1147,-559
29489,30,-1165,-523
29510,89,-1170,-508
29531,126,-1200,-514
29551,223,-1145,-469
29572,169,-1086,-527
29593,169,-1083,-569
29614,140,-1039,-584
29634,163,-1006,-584
29655,179,-977,-552
29676,154,-1009,-586
29697,80,-1090,-632
29718,62,-1076,-662
29739,86,-1060,-664
29760,105,-1057,-615
29780,99,-1047,-547
29801,36,-1072,-490
29822,-55,-1144,-445
29843,-125,-1203,-419
29864,-216,-1233,-398
29885,-307,-1220,-333
29906,-303,-1186,-327
29926,-184,-1139,-413
29947,-153,-1119,-435
29968,-163,-1083,-425
29989,-153,-1034,-447
30010,-126,-1037,-480
30030,-82,-1064,-490
30051,-96,-1006,-474
30072,-141,-943,-493
30092,-153,-876,-455
30113,-174,-818,-433
30134,-191,-734,-393
30155,-204,-721,-383
30175,-220,-724,-398
30196,-234,-720,-447
30217,-215,-695,-492
30238,-164,-663,-529
30259,-129,-651,-537
30280,-189,-725,-552
30301,-255,-768,-537
30321,-245,-773,-488
30342,-199,-742,-462
30363,-112,-696,-454
30384,-65,-689,-491
30404,-90,-750,-526
30425,-106,-863,-579
30446,-73,-992,-656
30466,-61,-1085,-730
30487,-61,-1161,-692
30508,-9,-1174,-707
30528,119,-1152,-623
30549,172,-1067,-589
30570,169,-1014,-600
30591,148,-990,-577
30611,172,-924,-571
30632,161,-884,-592
30653,99,-934,-617
30673,132,-941,-588
30694,123,-865,-498
30715,165,-876,-439
30736,170,-925,-404
30756,148,-974,-408
30777,145,-1021,-442
30798,190,-1062,-456
30818,255,-1080,-435
30839,311,-1105,-426
30860,294,-1213,-462
30880,270,-1273,-502
30901,273,-1241,-516
30922,305,-1183,-501
30943,339,-1117,-455
30963,318,-1087,-422
30984,216,-1136,-439
31005,88,-1214,-474
31025,5,-1285,-483
31046,-37,-1307,-512
31067,-183,-1321,-516
31087,-219,-1311,-502
31108,-117,-1253,-483
31129,-88,-1185,-443
31150,-95,-1100,-406
31170,-63,-1036,-431
31191,-84,-1048,-483
31212,-139,-986,-503
31232,-163,-937,-544
31253,-186,-895,-538
31274,-179,-817,-489
31295,-195,-776,-486
31315,-195,-730,-485
31336,-210,-699,-504
31357,-232,-675,-544
31378,-235,-654,-550
31398,-181,-636,-503
31419,-173,-684,-539
31440,-233,-748,-563
31460,-236,-716,-483
31481,-195,-666,-394
31502,-148,-623,-382
31522,-76,-599,-421
31543,-42,-624,-472
31564,-78,-723,-529
31585,-123,-876,-587
31605,-146,-1050,-642
31626,-139,-1198,-672
31647,-99,-1288,-689
31667,-39,-1295,-692
31688,74,-1249,-707
31709,140,-1187,-697
31729,266,-1125,-662
31750,308,-1032,-620
31771,204,-957,-616
31792,133,-936,-609
31812,128,-953,-593
31833,169,-954,-611
31854,85,-1001,-643
31874,122,-982,-577
31895,154,-998,-548
31916,241,-1009,-442
31936,351,-978,-314
31957,340,-1033,-336
31978,400,-1079,-338
31999,473,-1105,-346
32019,444,-1241,-422
32040,412,-1260,-459
32061,448,-1182,-472
32081,487,-1137,-440
32102,427,-1126,-434
32123,325,-1133,-473
32144,174,-1181,-523
32164,34,-1266,-608
32185,-55,-1297,-622
32206,-100,-1328,-644
32226,-138,-1303,-591
32247,-179,-1229,-592
32268,-186,-1219,-619
32289,-12,-1098,-622
32309,-26,-1024,-623
32330,-84,-987,-654
32351,-132,-1007,-689
32371,-111,-906,-609
32392,-110,-892,-588
32413,-144,-896,-551
32433,-154,-858,-509
32454,-147,-740,-442
32475,-140,-679,-436
32496,-131,-631,-443
32516,-136,-596,-451
32537,-138,-559,-454
32558,-123,-506,-454
32578,-81,-463,-441
32599,-48,-453,-432
32620,-83,-556,-507
32641,-187,-737,-597
32661,-180,-800,-590
32682,-101,-832,-547
32703,-76,-859,-542
32724,-38,-873,-541
32744,-24,-924,-556
32765,-45,-1039,-599
32786,-57,-1179,-650
32806,-24,-1281,-692
32827,40,-1308,-715
32848,92,-1272,-703
32869,158,-1250,-664
32889,127,-1211,-615
32910,207,-1178,-534
32931,231,-1090,-535
32952,228,-1037,-584
32972,230,-1011,-562
32993,232,-1008,-505
33014,262,-950,-519
33035,240,-963,-515
33056,304,-956,-495
33076,303,-991,-521
33097,359,-920,-353
33118,330,-941,-320
33139,328,-1018,-294
33160,377,-944,-211
33180,371,-1009,-255
33201,360,-1046,-273
33222,321,-1167,-328
33243,257,-1299,-374
33264,272,-1281,-377
33284,324,-1225,-377
33305,367,-1177,-416
33326,320,-1167,-446
33347,231,-1095,-421
33368,147,-1101,-462
33389,50,-1180,-503
33410,-20,-1229,-527
33430,-46,-1253,-565
33451,-98,-1243,-585
33472,52,-1207,-655
33493,135,-1230,-741
33514,137,-947,-821
33535,34,-975,-648
33556,-15,-975,-552
33576,-19,-968,-535
33597,-47,-932,-517
33618,-38,-899,-550
33639,-12,-832,-612
33659,-96,-739,-582
33680,-140,-673,-517
33701,-105,-583,-501
33722,-73,-519,-518
33743,-70,-506,-521
33763,-74,-496,-512
33784,-60,-495,-507
33805,-37,-466,-489
33826,-19,-450,-486
33847,-20,-554,-562
33868,-30,-679,-614
33889,-11,-709,-578
33909,0,-729,-554
33930,31,-758,-606
33951,139,-785,-679
33972,222,-824,-718
33992,206,-950,-734
34013,124,-1117,-751
34034,160,-1312,-792
34055,216,-1298,-768
34075,284,-1276,-629
34096,375,-1131,-594
34117,385,-1020,-615
34137,298,-950,-571
34158,279,-904,-538
34179,319,-876,-558
34200,288,-855,-587
34221,232,-849,-602
34242,219,-841,-565
34262,251,-816,-526
34283,278,-831,-524
34304,307,-864,-486
34325,342,-857,-414
34346,336,-880,-376
34367,326,-929,-344
34388,337,-991,-327
34409,360,-1020,-328
34429,386,-1052,-364
34450,355,-1197,-463
34471,302,-1310,-529
34491,305,-1256,-591
34512,335,-1170,-612
34533,315,-1151,-552
34554,211,-1056,-483
34574,75,-1149,-585
34595,-1,-1206,-652
34616,-52,-1215,-686
34637,-71,-1208,-720
34658,-77,-1195,-714
34678,-16,-1139,-709
34699,78,-1091,-665
34720,-2,-1053,-619
34741,-44,-984,-655
34762,-64,-955,-634
34783,-70,-929,-582
34804,-90,-864,-607
34825,-123,-795,-617
34845,-112,-723,-580
34866,-91,-662,-531
34887,-95,-622,-521
34908,-103,-587,-517
34928,-104,-553,-494
34949,-108,-530,-482
34970,-110,-519,-484
34990,-100,-512,-486
35011,-76,-498,-477
35032,-52,-489,-470
35053,-69,-560,-518
35073,-148,-694,-596
35094,-113,-805,-571
35115,-30,-815,-610
35136,67,-774,-653
35157,135,-764,-686
35177,145,-832,-735
35198,160,-957,-812
35219,152,-1094,-879
35240,189,-1212,-898
35261,199,-1234,-860
35282,354,-1228,-742
35303,436,-1105,-692
35324,438,-1019,-698
35344,360,-987,-689
35365,334,-940,-661
35386,375,-876,-653
35407,344,-845,-643
35428,294,-862,-641
35448,286,-878,-621
35469,263,-908,-646
35490,309,-897,-540
35511,387,-820,-363
35531,327,-899,-499
35552,397,-927,-445
35573,423,-876,-370
35594,417,-969,-500
35615,415,-1005,-518
35636,392,-1038,-549
35657,340,-1059,-561
35678,307,-1051,-541
35698,258,-1104,-563
35719,169,-1221,-607
35740,110,-1254,-643
35761,118,-1144,-646
35782,174,-1016,-601
35803,215,-970,-550
35823,190,-958,-537
35844,138,-974,-557
35865,60,-1027,-607
35886,-9,-1073,-645
35907,-52,-1120,-664
35928,-40,-1120,-636
35948,12,-1113,-570
35969,64,-1077,-506
35990,90,-1066,-472
36010,87,-1064,-443
36031,66,-1092,-394
36052,12,-1096,-351
36072,-36,-1064,-337
36093,-42,-1013,-331
36114,6,-924,-364
36135,19,-887,-384
36155,42,-858,-408
36176,75,-849,-433
36197,112,-844,-437
36218,134,-854,-433
36239,133,-880,-430
36260,115,-915,-439
36281,98,-947,-465
36302,87,-972,-491
36322,82,-1005,-507
36343,66,-1027,-519
36364,54,-1033,-531
36385,52,-1031,-553
36406,63,-1008,-598
36426,64,-992,-697
36447,25,-1057,-823
36468,-4,-1115,-912
36489,9,-1077,-881
36510,27,-1004,-774
36531,57,-927,-721
36552,26,-858,-713
36572,54,-845,-779
36593,124,-838,-910
36614,169,-870,-1034
36635,169,-966,-966
36656,98,-992,-901
36677,128,-877,-902
36697,162,-716,-897
36718,194,-603,-860
36739,189,-550,-825
36760,127,-531,-744
36781,122,-497,-697
36802,168,-437,-737
36823,181,-341,-726
36843,131,-319,-676
36864,120,-368,-637
36885,144,-443,-559
36905,145,-500,-557
36926,158,-545,-573
36947,180,-604,-575
36968,227,-637,-576
36988,234,-663,-587
37009,227,-696,-610
37030,225,-713,-637
37050,203,-748,-627
37071,173,-798,-626
37092,149,-827,-653
37112,167,-833,-695
37133,174,-822,-698
37154,177,-829,-672
37175,157,-934,-724
37195,106,-1106,-784
37216,156,-1172,-808
37237,233,-1115,-781
37257,295,-1004,-731
37278,452,-914,-667
37299,555,-898,-603
37319,564,-891,-589
37340,548,-872,-561
37361,505,-882,-548
37382,422,-916,-583
37402,333,-922,-618
37423,318,-898,-622
37444,355,-882,-616
37464,358,-880,-634
37485,324,-914,-691
37506,289,-934,-726
37526,257,-933,-706
37547,234,-938,-691
37568,201,-965,-697
37589,156,-975,-720
37609,112,-988,-744
37630,92,-974,-741
37651,97,-947,-719
37671,93,-917,-716
37692,81,-882,-734
37713,61,-849,-747
37733,38,-822,-739
37754,0,-774,-679
37775,-8,-730,-657
37796,-21,-693,-642
37816,-34,-674,-605
37837,-42,-650,-566
37858,-43,-603,-547
37878,-46,-553,-558
37899,-100,-619,-634
37920,-151,-648,-642
37940,-132,-642,-589
37961,-78,-664,-571
37982,-4,-660,-612
38003,64,-636,-650
38023,114,-618,-669
38044,166,-637,-709
38065,211,-714,-768
38085,238,-828,-833
38106,223,-927,-824
38127,174,-977,-772
38147,172,-969,-744
38168,194,-944,-723
38189,207,-909,-702
38210,202,-863,-679
38230,187,-812,-678
38251,183,-774,-685
38272,190,-771,-689
38293,190,-771,-696
38314,212,-796,-699
38334,220,-831,-668
38355,251,-844,-628
38376,276,-833,-607
38397,308,-825,-594
38418,335,-841,-589
38439,352,-881,-594
38460,375,-928,-614
38480,353,-1015,-686
38501,463,-1052,-582
38522,566,-974,-417
38543,614,-992,-382
38564,606,-1140,-416
38585,590,-1171,-560
38606,629,-1075,-586
38626,673,-988,-524
38647,624,-970,-499
38668,560,-939,-465
38688,448,-981,-519
38709,332,-1056,-608
38730,275,-1125,-677
38751,218,-1203,-738
38771,170,-1242,-798
38792,189,-1204,-832
38813,226,-1108,-857
38833,194,-1056,-834
38854,132,-1028,-764
38875,88,-1006,-743
38895,50,-959,-716
38916,27,-904,-692
38937,12,-847,-658
38958,-6,-799,-622
38978,-2,-743,-599
38999,3,-678,-597
39020,0,-627,-598
39040,-10,-599,-581
39061,-21,-583,-560
39082,-32,-561,-540
39102,-34,-516,-513
39123,-20,-459,-485
39144,-24,-465,-516
39165,-88,-557,-593
39185,-110,-604,-586
39206,-50,-644,-538
39227,-6,-675,-564
39247,51,-658,-613
39268,134,-640,-652
39289,173,-681,-725
39309,138,-835,-800
39330,126,-1036,-842
39351,140,-1167,-880
39372,159,-1222,-911
39392,227,-1245,-913
39413,287,-1213,-906
39434,358,-1075,-866
39454,413,-1011,-820
39475,474,-957,-760
39496,517,-906,-712
39516,521,-882,-677
39537,507,-862,-666
39558,511,-841,-659
39579,504,-836,-642
39600,458,-847,-611
39620,401,-869,-598
39641,380,-863,-539
39662,403,-854,-497
39683,377,-859,-544
39704,425,-863,-472
39725,488,-799,-398
39746,503,-867,-444
39766,461,-1061,-567
39787,450,-1136,-653
39808,502,-1086,-647
39829,572,-1042,-643
39850,600,-1027,-657
39871,536,-1041,-644
39891,434,-1109,-711
39912,332,-1224,-788
39933,221,-1299,-837
39953,125,-1347,-861
39974,9,-1336,-855
39995,-32,-1231,-803
40015,61,-1138,-780
40036,-30,-1014,-741
40057,-23,-895,-700
40078,49,-809,-670
40098,83,-760,-673
40119,39,-724,-639
40140,51,-687,-619
40160,76,-642,-595
40181,67,-594,-571
40202,62,-568,-532
40222,58,-549,-504
40243,51,-534,-505
40264,40,-527,-511
40285,14,-519,-517
40305,-2,-499,-522
40326,-11,-473,-512
40347,-10,-484,-527
40367,-62,-619,-625
40388,-99,-716,-652
40409,-71,-775,-606
40430,-32,-833,-609
40451,40,-832,-640
40472,131,-802,-682
40493,178,-867,-751
40513,204,-1022,-843
40534,331,-1252,-939
40555,426,-1227,-902
40576,488,-1160,-836
40597,494,-1082,-786
40618,463,-1003,-755
40639,423,-922,-756
40660,392,-849,-727
40680,365,-802,-679
40701,336,-763,-662
40722,307,-730,-662
40743,307,-716,-655
40764,324,-716,-608
40784,359,-734,-554
40805,397,-762,-513
40826,411,-784,-495
40846,383,-855,-525
40867,461,-883,-472
40888,529,-897,-414
40909,595,-932,-360
40930,656,-947,-319
40951,659,-1034,-384
40971,607,-1200,-521
40992,595,-1196,-604
41013,598,-1123,-674
41034,642,-1035,-593
41055,546,-1015,-583
41076,436,-1080,-651
41096,350,-1142,-733
41117,289,-1164,-784
41138,246,-1202,-817
41159,235,-1215,-831
41180,237,-1193,-859
41201,259,-1131,-852
41221,264,-1086,-816
41242,237,-1060,-777
41263,198,-1017,-742
41283,156,-977,-712
41304,123,-930,-684
41325,85,-875,-652
41346,54,-826,-618
41366,38,-758,-578
41387,19,-684,-545
41408,-7,-613,-528
41429,-14,-551,-521
41449,-11,-494,-518
41470,-14,-454,-520
41491,-35,-414,-484
41512,-58,-393,-447
41533,-46,-390,-424
41554,-41,-503,-549
41574,-156,-697,-658
41595,-154,-784,-612
41616,-114,-847,-572
41637,-39,-873,-598
41658,41,-885,-669
41679,17,-957,-750
41700,-29,-1095,-795
41720,4,-1214,-833
41741,72,-1244,-869
41762,151,-1234,-869
41783,170,-1234,-850
41804,148,-1213,-825
41825,138,-1136,-785
41846,193,-1058,-752
41866,242,-1002,-713
41887,265,-966,-683
41908,261,-945,-670
41928,242,-944,-669
41949,226,-951,-653
41970,215,-947,-628
41990,212,-918,-621
42011,158,-968,-648
42032,208,-933,-523
42053,292,-838,-355
42074,271,-870,-341
42094,260,-914,-334
42115,267,-950,-334
42136,281,-970,-325
42157,317,-954,-291
42178,343,-940,-268
42199,327,-910,-278
42219,295,-882,-285
42240,268,-850,-274
42261,211,-855,-306
42282,114,-1042,-333
42303,-42,-1339,-381
42323,-28,-1484,-498
42344,103,-1413,-598
42365,308,-1226,-547
42386,436,-1118,-443
42406,321,-1156,-440
42427,97,-1238,-521
42448,-44,-1262,-596
42468,-137,-1260,-627
42489,-196,-1208,-612
42510,-258,-1112,-563
42530,-184,-1035,-540
42551,-83,-980,-638
42572,-90,-975,-743
42593,-63,-991,-815
42613,-70,-923,-836
42634,-129,-840,-718
42655,-115,-846,-609
42676,-119,-809,-526
42697,-141,-744,-505
42717,-131,-675,-501
42738,-102,-598,-481
42759,-69,-528,-467
42780,-41,-468,-467
42801,-23,-436,-477
42822,-36,-434,-480
42843,-68,-445,-466
42864,-102,-463,-457
42884,-108,-471,-464
42905,-83,-481,-491
42926,-60,-493,-517
42947,-40,-515,-539
42967,-34,-564,-587
42988,-134,-749,-719
43009,-256,-974,-769
43030,-240,-1081,-741
43050,-194,-1106,-730
43071,-112,-1089,-735
43092,-2,-1053,-770
43112,34,-1069,-822
43133,37,-1156,-872
43154,172,-1309,-895
43175,262,-1281,-855
43196,330,-1200,-795
43217,350,-1089,-745
43238,271,-961,-727
43258,208,-877,-720
43279,216,-809,-700
43300,205,-761,-662
43321,172,-745,-625
43342,148,-727,-584
43363,154,-727,-543
43384,169,-788,-546
43405,162,-880,-501
43425,251,-805,-312
43446,298,-811,-269
43467,305,-839,-302
43488,317,-842,-314
43509,312,-848,-375
43530,305,-869,-422
43551,327,-915,-481
43571,362,-943,-489
43592,329,-1046,-541
43613,234,-1269,-694
43634,257,-1284,-876
43655,349,-1184,-829
43676,370,-1057,-760
43696,307,-969,-760
43717,197,-1013,-818
43738,83,-1077,-856
43759,1,-1123,-879
43780,-83,-1173,-899
43800,-148,-1139,-909
43821,-154,-1090,-878
43842,-79,-952,-934
43862,-88,-845,-900
43883,-90,-732,-855
43904,-69,-665,-790
43925,-21,-625,-723
43946,-40,-607,-669
43966,-86,-606,-605
43987,-83,-584,-565
44008,-84,-554,-526
44028,-92,-532,-491
44049,-99,-512,-468
44070,-104,-498,-455
44091,-114,-485,-450
44112,-130,-483,-453
44132,-148,-510,-465
44153,-148,-562,-480
44174,-140,-719,-620
44195,-247,-893,-729
44216,-236,-1009,-721
44236,-193,-1074,-673
44257,-154,-1111,-629
44278,-67,-1132,-606
44299,-1,-1192,-666
44320,16,-1311,-789
44341,38,-1404,-911
44362,152,-1462,-993
44383,219,-1398,-934
44403,370,-1281,-854
44424,421,-1148,-774
44445,395,-1005,-732
44466,337,-899,-702
44487,271,-821,-680
44508,276,-726,-662
44528,325,-691,-655
44549,315,-725,-687
44570,280,-748,-700
44591,329,-668,-678
44612,395,-645,-684
44633,404,-687,-683
44653,459,-702,-658
44674,530,-718,-596
44695,564,-708,-656
44716,610,-670,-724
44737,586,-633,-796
44757,476,-790,-950
44778,346,-962,-1060
44799,382,-931,-1032
44820,518,-839,-959
44841,591,-775,-874
44862,507,-786,-911
44883,335,-879,-1033
44903,202,-1013,-1051
44924,118,-1102,-1045
44945,66,-1164,-1024
44966,79,-1125,-962
44986,125,-1034,-941
45007,150,-948,-953
45028,122,-908,-958
45049,81,-898,-960
45069,58,-868,-941
45090,64,-816,-883
45111,74,-778,-812
45131,84,-745,-733
45152,121,-696,-654
45173,169,-649,-594
45194,218,-534,-527
45214,224,-480,-515
45235,213,-460,-495
45256,181,-439,-460
45277,161,-406,-432
45298,164,-386,-421
45319,168,-371,-415
45339,167,-354,-408
45360,172,-326,-406
45381,164,-311,-418
45402,151,-321,-452
45423,169,-354,-508
45444,162,-499,-678
45465,87,-795,-876
45485,167,-953,-897
45506,215,-994,-857
45527,264,-994,-834
45548,367,-944,-804
45569,394,-928,-844
45590,347,-965,-902
45610,353,-1043,-911
45631,374,-1099,-910
45652,400,-1095,-901
45673,441,-1043,-868
45694,460,-914,-791
45715,449,-880,-748
45735,447,-856,-721
45756,426,-825,-712
45777,381,-798,-698
45797,341,-758,-681
45818,324,-728,-654
45839,311,-712,-630
45860,297,-709,-608
45881,299,-709,-581
45901,312,-693,-558
45922,327,-666,-557
45943,343,-654,-571
45964,362,-650,-563
45985,375,-639,-548
46006,393,-634,-530
46027,404,-640,-527
46047,390,-666,-536
46068,358,-700,-553
46089,325,-738,-579
46110,316,-752,-600
46131,321,-746,-595
46152,327,-738,-571
46173,316,-737,-558
46193,278,-752,-562
46214,193,-888,-684
46235,126,-1076,-881
46256,159,-1072,-983
46276,261,-969,-966
46297,439,-863,-872
46318,546,-832,-833
46339,495,-880,-846
46359,366,-931,-909
46380,281,-956,-943
46401,242,-956,-928
46421,218,-904,-895
46442,193,-795,-851
46463,238,-714,-889
46483,223,-668,-950
46504,158,-686,-918
46525,209,-669,-891
46546,199,-615,-885
46567,152,-575,-846
46588,132,-545,-773
46608,124,-545,-730
46629,123,-543,-696
46650,105,-525,-651
46671,108,-481,-603
46692,149,-425,-573
46713,179,-383,-564
46734,220,-354,-542
46755,218,-352,-536
46775,218,-380,-539
46796,270,-429,-551
46817,313,-455,-548
46838,306,-473,-544
46858,295,-500,-547
46879,283,-539,-552
46900,279,-587,-560
46921,287,-612,-584
46941,310,-630,-639
46962,263,-779,-811
46983,146,-980,-930
47003,149,-1034,-924
47024,220,-1065,-899
47045,277,-1067,-878
47065,300,-1034,-836
47086,323,-973,-782
47107,399,-919,-781
47128,474,-873,-815
47148,477,-853,-808
47169,434,-878,-811
47190,393,-878,-830
47210,369,-867,-815
47231,350,-824,-757
47252,337,-796,-711
47272,330,-777,-676
47293,327,-776,-653
47314,335,-708,-643
47335,318,-666,-625
47356,290,-641,-596
47377,265,-628,-582
47398,258,-616,-575
47418,272,-618,-579
47439,305,-615,-596
47460,324,-591,-607
47481,317,-581,-614
47502,315,-588,-635
47523,335,-585,-662
47544,358,-569,-680
47564,360,-537,-691
47585,331,-524,-692
47606,315,-521,-686
47627,300,-507,-687
47648,292,-504,-690
47668,299,-503,-694
47689,327,-482,-702
47710,359,-462,-719
47730,381,-458,-735
47751,383,-458,-737
47772,385,-459,-736
47792,389,-486,-727
47813,382,-522,-700
47834,360,-563,-615
47855,360,-603,-616
47875,322,-769,-754
47896,275,-949,-931
47917,353,-966,-1014
47937,497,-847,-953
47958,609,-678,-826
47979,659,-589,-744
47999,570,-624,-768
48020,418,-622,-849
48041,359,-662,-895
48062,311,-739,-902
48083,283,-725,-881
48103,291,-654,-869
48124,318,-599,-881
48145,339,-554,-915
48166,327,-559,-940
48187,320,-610,-965
48208,348,-672,-979
48228,392,-699,-969
48249,411,-659,-986
48270,379,-601,-1000
48291,343,-595,-999
48312,312,-645,-978
48333,281,-639,-940
48353,263,-576,-911
48374,220,-554,-874
48395,221,-519,-846
48415,213,-461,-820
48436,191,-416,-777
48457,157,-398,-708
48477,127,-405,-665
48498,150,-423,-668
48519,207,-431,-664
48539,263,-452,-649
48560,281,-479,-626
48581,270,-520,-614
48602,292,-565,-623
48622,327,-600,-625
48643,338,-644,-617
48664,327,-693,-610
48684,297,-730,-604
48705,260,-760,-600
48726,233,-782,-594
48746,226,-810,-591
48767,233,-841,-599
48788,243,-878,-613
48809,214,-928,-629
48829,171,-1005,-664
48850,121,-1098,-710
48871,135,-1171,-720
48891,226,-1162,-682
48912,284,-1111,-627
48933,309,-1088,-604
48954,261,-1055,-648
48974,256,-1038,-684
48995,280,-1041,-732
49016,312,-1041,-769
49037,334,-1007,-767
49058,387,-953,-751
49079,432,-910,-736
49100,442,-898,-732
49121,437,-918,-738
49141,429,-935,-749
49162,417,-932,-736
49183,411,-908,-702
49204,408,-871,-673
49225,402,-853,-647
49246,405,-840,-621
49267,407,-795,-607
49287,386,-741,-601
49308,375,-707,-602
49329,377,-668,-618
49350,358,-648,-648
49371,328,-650,-661
49391,335,-661,-654
49412,379,-667,-657
49433,417,-649,-628
49453,445,-634,-626
49474,479,-624,-654
49495,486,-603,-671
49515,492,-592,-673
49536,501,-581,-667
49557,494,-579,-671
49577,474,-588,-701
49598,457,-598,-687
49619,448,-605,-700
49640,464,-634,-713
49660,481,-671,-727
49681,510,-649,-731
49702,541,-616,-700
49722,547,-603,-665
49743,503,-715,-731
49764,396,-982,-946
49785,392,-969,-1040
49805,446,-846,-1034
49826,571,-810,-947
49847,596,-923,-902
49867,496,-1057,-960
49888,438,-1094,-1003
49909,389,-1107,-973
49929,335,-1140,-934
49950,305,-1109,-904
49971,258,-970,-871
49991,220,-839,-817
50012,211,-772,-794
50033,208,-750,-808
50054,156,-778,-802
50074,157,-768,-778
50095,167,-741,-763
50116,156,-727,-742
50136,131,-723,-711
50157,107,-699,-662
50178,89,-643,-612
50198,74,-575,-570
50219,69,-517,-523
50240,99,-459,-470
50261,132,-412,-440
50281,152,-375,-448
50302,154,-349,-467
50323,146,-337,-500
50343,148,-332,-539
50364,164,-351,-582
50385,193,-389,-626
50405,236,-433,-674
50426,277,-462,-710
50447,302,-510,-741
50468,306,-601,-784
50488,216,-846,-970
50509,150,-1028,-1071
50530,184,-1047,-1036
50550,227,-1019,-1003
50571,340,-930,-944
50592,443,-872,-897
50612,490,-901,-914
50633,515,-965,-940
50654,640,-1076,-907
50675,714,-1071,-860
50695,768,-981,-794
50716,724,-842,-739
50737,624,-722,-727
50757,545,-649,-705
50778,472,-632,-671
50799,398,-638,-629
50820,376,-657,-557
50840,312,-659,-500
50861,285,-696,-510
50882,310,-703,-476
50903,319,-707,-502
50924,385,-709,-512
50944,432,-697,-511
50965,483,-683,-533
50986,521,-668,-569
51007,542,-672,-598
51028,505,-715,-612
51048,444,-770,-629
51069,394,-824,-648
51090,364,-863,-653
51111,340,-901,-648
51132,313,-956,-686
51153,250,-1125,-851
51174,247,-1206,-960
51194,323,-1130,-887
51215,406,-1067,-807
51236,418,-1017,-763
51256,375,-962,-723
51277,309,-948,-694
51298,229,-973,-703
51319,134,-990,-709
51339,128,-992,-707
51360,60,-1011,-724
51381,-58,-932,-711
51401,20,-827,-633
51422,112,-774,-599
51443,138,-745,-609
51463,97,-687,-565
51484,109,-649,-558
51505,109,-637,-552
51525,93,-628,-536
51546,83,-632,-520
51567,90,-626,-516
51588,97,-588,-526
51609,96,-555,-524
51630,94,-548,-506
51650,85,-549,-497
51671,66,-555,-514
51692,41,-557,-549
51713,27,-566,-589
51734,26,-586,-681
51755,38,-628,-707
51775,55,-681,-736
51796,9,-825,-895
51817,-41,-1030,-1032
51838,24,-1176,-1047
51858,81,-1251,-1029
51879,170,-1233,-958
51900,319,-1160,-883
51920,436,-1073,-843
51941,536,-1015,-843
51962,631,-961,-830
51983,700,-930,-802
52003,722,-933,-798
52024,700,-922,-801
52045,585,-852,-807
52065,462,-734,-802
52086,410,-661,-754
52107,348,-624,-675
52128,309,-591,-624
52148,304,-572,-611
52169,312,-558,-621
52190,329,-558,-625
52210,371,-572,-629
52231,431,-587,-666
52252,478,-586,-692
52273,502,-580,-690
52294,476,-629,-701
52315,434,-675,-713
52335,395,-686,-714
52356,393,-681,-702
52377,390,-711,-717
52398,378,-747,-746
52419,362,-800,-805
52440,312,-985,-976
52461,287,-1125,-1065
52481,320,-1128,-1044
52502,391,-1033,-927
52523,454,-950,-804
52544,465,-921,-703
52565,351,-916,-674
52585,219,-945,-739
52606,192,-982,-771
52627,167,-1046,-751
52648,137,-1104,-696
52669,159,-1114,-663
52690,235,-1121,-670
52710,250,-1161,-630
52731,239,-1124,-579
52752,253,-1014,-578
52773,237,-902,-552
52793,247,-822,-529
52814,196,-743,-473
52835,135,-676,-469
52855,101,-594,-481
52876,119,-518,-474
52897,140,-470,-458
52918,149,-455,-438
52939,152,-453,-429
52959,166,-443,-431
52980,185,-420,-467
53001,216,-406,-521
53022,256,-417,-565
53043,257,-438,-591
53064,252,-462,-613
53085,251,-478,-623
53105,239,-501,-646
53126,213,-554,-703
53147,119,-703,-828
53168,61,-841,-911
53189,90,-938,-942
53210,143,-982,-932
53230,245,-1000,-939
53251,353,-1007,-977
53272,404,-964,-994
53293,515,-911,-981
53314,709,-919,-881
53335,748,-925,-831
53355,753,-861,-774
53376,726,-794,-760
53397,674,-716,-780
53418,608,-662,-838
53438,513,-628,-867
53459,422,-574,-854
53480,335,-525,-807
53500,267,-489,-727
53521,223,-468,-641
53542,210,-530,-635
53563,257,-557,-442
53584,261,-610,-452
53605,277,-656,-445
53626,274,-676,-429
53646,266,-648,-471
53667,318,-649,-477
53688,337,-669,-499
53709,333,-705,-519
53730,343,-716,-508
53751,359,-739,-520
53771,381,-801,-578
53792,445,-845,-618
53813,501,-819,-622
53834,471,-770,-648
53854,472,-761,-653
53875,434,-878,-739
53896,356,-1044,-877
53916,340,-1083,-973
53937,355,-1007,-983
53958,400,-903,-935
53978,466,-826,-856
53999,497,-777,-799
54020,436,-797,-838
54041,370,-851,-920
54061,318,-911,-962
54082,196,-972,-934
54103,224,-992,-927
54123,133,-957,-913
54144,0,-884,-833
54165,52,-795,-784
54185,85,-722,-740
54206,73,-659,-718
54227,93,-607,-664
54248,105,-577,-608
54269,76,-564,-589
54290,64,-557,-591
54310,78,-545,-601
54331,92,-513,-584
54352,123,-458,-559
54373,158,-403,-559
54394,197,-363,-627
54415,207,-383,-634
54436,217,-428,-634
54456,245,-464,-628
54477,247,-484,-630
54498,243,-498,-638
54519,242,-512,-641
54540,200,-595,-698
54561,132,-746,-811
54582,130,-804,-840
54602,166,-792,-826
54623,240,-755,-793
54644,314,-695,-761
54665,341,-666,-768
54686,323,-706,-806
54707,313,-794,-863
54728,329,-876,-913
54748,379,-944,-912
54769,453,-958,-874
54790,523,-923,-815
54811,560,-848,-746
54832,553,-756,-705
54853,516,-667,-693
54873,478,-625,-690
54894,443,-569,-687
54915,384,-560,-676
54936,357,-576,-666
54956,379,-608,-647
54977,418,-622,-608
54998,466,-591,-582
55019,502,-551,-589
55040,505,-553,-596
55061,482,-585,-605
55081,477,-631,-618
55102,479,-675,-639
55123,483,-701,-665
55144,505,-718,-688
55165,518,-729,-697
55186,509,-770,-731
55207,429,-906,-854
55228,385,-973,-939
55248,425,-873,-923
55269,474,-788,-847
55290,506,-726,-775
55311,472,-647,-744
55332,403,-666,-770
55353,312,-743,-835
55374,247,-791,-881
55394,200,-848,-937
55415,244,-804,-910
55436,303,-715,-848
55457,335,-652,-793
55478,323,-608,-755
55498,295,-573,-731
55519,269,-557,-725
55540,229,-545,-718
55561,173,-552,-705
55581,124,-562,-676
55602,99,-546,-638
55623,87,-505,-608
55643,109,-466,-594
55664,132,-444,-570
55685,158,-442,-554
55706,165,-438,-571
55727,138,-445,-614
55748,129,-470,-657
55769,143,-489,-683
55790,178,-512,-712
55810,205,-581,-805
55831,156,-727,-935
55852,160,-788,-938
55873,220,-833,-917
55894,387,-703,-759
55915,427,-627,-706
55935,414,-677,-766
55956,421,-744,-858
55977,444,-754,-899
55997,486,-778,-897
56018,511,-743,-850
56039,526,-670,-799
56059,489,-604,-784
56080,414,-567,-754
56101,376,-548,-708
56122,357,-546,-661
56142,328,-544,-624
56163,325,-552,-607
56184,337,-577,-609
56204,349,-586,-619
56225,364,-583,-613
56246,398,-593,-600
56266,416,-617,-589
56287,414,-629,-581
56308,423,-648,-579
56329,422,-704,-586
56350,434,-769,-616
56371,463,-878,-728
56392,485,-1019,-890
56412,586,-994,-925
56433,688,-902,-864
56454,787,-864,-778
56475,713,-808,-707
56496,571,-787,-694
56517,408,-846,-770
56538,277,-889,-817
56558,163,-917,-851
56579,122,-958,-893
56600,140,-953,-893
56620,183,-902,-862
56641,231,-831,-835
56662,269,-762,-815
56683,268,-707,-795
56703,229,-666,-770
56724,186,-642,-740
56745,151,-630,-708
56765,124,-635,-687
56786,100,-633,-683
56807,93,-594,-701
56827,100,-553,-703
56848,97,-532,-682
56869,107,-530,-655
56889,117,-556,-657
56910,108,-569,-685
56931,105,-561,-701
56952,115,-518,-687
56973,142,-515,-699
56994,20,-729,-822
57015,15,-713,-748
57035,15,-707,-720
57056,93,-658,-678
57077,209,-608,-656
57098,252,-629,-713
57119,303,-691,-803
57140,355,-763,-891
57161,405,-832,-950
57182,457,-855,-954
57202,481,-855,-916
57223,465,-839,-872
57244,479,-805,-843
57265,487,-733,-816
57285,485,-664,-767
57306,460,-620,-718
57327,448,-583,-699
57347,437,-562,-720
57368,436,-557,-750
57389,433,-563,-745
57409,442,-579,-708
57430,461,-608,-667
57451,463,-651,-668
57472,461,-675,-697
57493,478,-700,-711
57514,549,-720,-702
57534,625,-691,-662
57555,703,-690,-688
57576,746,-780,-870
57597,729,-836,-1037
57618,745,-777,-1029
57639,770,-700,-887
57660,752,-684,-781
57681,662,-700,-810
57701,493,-816,-955
57722,353,-921,-1074
57743,297,-970,-1106
57764,271,-1024,-1082
57785,256,-1041,-1049
57806,245,-1000,-1035
57827,230,-881,-996
57847,238,-769,-971
57868,254,-683,-947
57889,216,-609,-893
57910,163,-588,-841
57930,121,-610,-795
57951,87,-621,-748
57972,69,-604,-695
57992,69,-566,-653
58013,81,-514,-626
58034,30,-441,-578
58054,37,-442,-597
58075,11,-441,-604
58096,-18,-438,-616
58117,27,-422,-631
58138,111,-415,-663
58159,6,-535,-761
58180,-135,-636,-739
58201,-201,-700,-651
58221,-176,-780,-555
58242,-119,-813,-495
58263,-143,-788,-522
58284,-125,-788,-542
58305,-150,-919,-599
58325,-207,-1087,-666
58346,-218,-1153,-714
58367,-152,-1224,-722
58388,-71,-1274,-685
58408,-34,-1252,-701
58429,36,-1172,-627
58450,74,-1108,-588
58470,51,-1083,-572
58491,41,-1038,-582
58512,43,-975,-547
58532,7,-924,-528
58553,-12,-923,-511
58574,-53,-880,-481
58595,-33,-807,-522
58615,-17,-790,-532
58636,28,-843,-491
58657,57,-903,-467
58678,25,-964,-436
58698,54,-1010,-412
58719,140,-1063,-447
58740,249,-1094,-385
58761,234,-1211,-406
58782,175,-1340,-510
58803,209,-1264,-555
58824,254,-1156,-554
58845,228,-1121,-553
58865,160,-1116,-554
58886,107,-1091,-518
58907,3,-1109,-500
58928,-151,-1188,-530
58949,-279,-1250,-585
58970,-366,-1304,-596
58991,-384,-1320,-577
59011,-362,-1268,-538
59032,-367,-1225,-500
59053,-318,-1130,-537
59074,-229,-982,-573
59094,-234,-906,-555
59115,-244,-867,-561
59136,-264,-850,-536
59157,-253,-826,-481
59177,-209,-817,-466
59198,-159,-798,-486
59219,-104,-765,-503
59239,-98,-710,-486
59260,-90,-656,-491
59281,-34,-614,-503
59302,13,-599,-502
59323,16,-594,-479
59344,1,-578,-450
59364,-9,-546,-435
59385,-10,-509,-437
59406,-19,-477,-438
59427,-36,-471,-429
59448,-48,-486,-427
59468,-47,-513,-442
59489,-38,-542,-476
59510,-102,-647,-581
59531,-234,-801,-680
59552,-275,-897,-726
59573,-235,-978,-739
59594,-99,-1039,-668
59615,-71,-1050,-645
59635,-49,-1107,-671
59656,-12,-1194,-757
59677,32,-1259,-799
59698,125,-1256,-775
59718,276,-1228,-723
59739,334,-1161,-692
59760,279,-1055,-665
59780,191,-959,-623
59801,141,-902,-584
59822,113,-844,-577
59842,78,-797,-586
59863,7,-772,-554
59884,-47,-778,-506
59905,-61,-802,-471
59926,-44,-817,-481
59946,-27,-778,-513
59967,36,-743,-564
59988,107,-752,-553
60009,150,-783,-516
60030,126,-808,-537
60051,122,-841,-494
60071,141,-878,-491
60092,125,-906,-538
60113,97,-948,-566
60134,111,-940,-522
60155,66,-970,-500
60176,3,-1045,-501
60196,-95,-1174,-536
60217,-138,-1231,-567
60238,-83,-1200,-588
60259,2,-1130,-591
60280,40,-1067,-584
60301,27,-1025,-571
60321,7,-1003,-564
60342,-85,-1019,-536
60363,-263,-1051,-510
60384,-303,-1114,-634
60405,-236,-1139,-641
60425,-302,-1109,-600
60446,-278,-1066,-571
60467,-137,-1012,-561
60488,-145,-916,-557
60508,-146,-888,-553
60529,-158,-838,-512
60550,-193,-797,-462
60570,-196,-779,-437
60591,-194,-765,-411
60612,-210,-751,-385
60633,-211,-737,-370
60654,-189,-717,-389
60674,-140,-644,-465
60695,-137,-623,-458
60716,-140,-617,-443
60737,-138,-631,-436
60758,-123,-646,-465
60779,-119,-650,-503
60800,-125,-666,-524
60820,-128,-690,-544
60841,-130,-703,-575
60862,-181,-771,-661
60883,-266,-871,-744
60903,-273,-923,-767
60924,-195,-930,-758
60945,-80,-870,-731
60965,0,-776,-718
60986,45,-719,-710
61007,78,-720,-717
61028,86,-814,-740
61049,82,-906,-795
61069,135,-1077,-879
61090,174,-1140,-914
61111,211,-1088,-898
61131,175,-997,-811
61152,194,-925,-724
61173,224,-844,-673
61193,135,-785,-687
61214,66,-750,-664
61235,-15,-780,-600
61256,-84,-805,-525
61276,-139,-750,-557
61297,-43,-746,-662
61318,26,-774,-629
61338,66,-772,-608
61359,82,-757,-642
61380,78,-765,-662
61401,64,-813,-664
61421,50,-892,-637
61442,57,-925,-597
61463,62,-941,-554
61484,39,-966,-521
61505,8,-968,-504
61526,-19,-940,-503
61546,-56,-912,-519
61567,-93,-892,-546
61588,-78,-910,-569
61609,-29,-897,-509
61630,-36,-888,-465
61651,-90,-953,-490
61671,-177,-1060,-523
61692,-208,-1100,-517
61713,-155,-1073,-489
61734,78,-994,-453
61754,149,-986,-456
61775,183,-972,-449
61796,131,-1019,-494
61817,35,-1106,-544
61838,-58,-1156,-607
61858,-130,-1167,-676
61879,-119,-1163,-680
61900,-69,-1130,-636
61920,-63,-1117,-609
61941,-92,-1099,-605
61962,-115,-1075,-611
61983,-138,-1030,-620
62004,-159,-1002,-636
62024,-188,-988,-639
62045,-224,-973,-631
62066,-237,-945,-619
62087,-227,-896,-625
62108,-206,-832,-631
62128,-187,-776,-620
62149,-172,-739,-602
62170,-166,-708,-573
62191,-155,-685,-553
62212,-146,-661,-551
62232,-141,-635,-557
62253,-130,-618,-550
62274,-112,-583,-533
62295,-99,-555,-516
62316,-92,-549,-523
62337,-115,-571,-529
62357,-145,-604,-548
62378,-179,-637,-602
62399,-224,-697,-715
62420,-251,-768,-780
62440,-200,-783,-801
62461,-147,-822,-777
62482,-135,-847,-750
62503,-127,-857,-738
62523,-122,-861,-726
62544,-98,-850,-705
62565,-41,-829,-692
62585,8,-845,-697
62606,1,-906,-707
62627,-60,-977,-705
62647,-66,-992,-684
62668,-4,-1005,-703
62689,13,-987,-736
62710,-3,-961,-732
62730,-4,-906,-683
62751,25,-858,-648
62772,68,-822,-640
62792,94,-783,-617
62813,100,-747,-612
62834,98,-727,-590
62855,119,-720,-576
62876,102,-732,-586
62897,67,-721,-595
62917,89,-708,-632
62938,114,-745,-633
62959,119,-778,-626
62980,109,-808,-628
63001,96,-827,-636
63022,85,-846,-642
63042,63,-868,-641
63063,38,-880,-618
63084,20,-896,-599
63105,-15,-936,-609
63125,-171,-1122,-708
63146,-219,-1169,-739
63167,-203,-1162,-784
63187,-112,-1115,-791
63208,18,-989,-753
63229,40,-928,-728
63250,-28,-941,-738
63270,-124,-994,-768
63291,-180,-1032,-787
63312,-220,-1040,-780
63332,-214,-1010,-776
63353,-255,-952,-766
63374,-197,-786,-682
63394,-163,-720,-669
63415,-161,-672,-662
63436,-159,-615,-619
63457,-161,-565,-612
63477,-148,-501,-608
63498,-187,-489,-568
63519,-183,-478,-537
63539,-137,-452,-505
63560,-98,-424,-497
63581,-61,-404,-517
63601,-61,-410,-550
63622,-86,-437,-576
63643,-117,-481,-575
63664,-154,-544,-561
63684,-167,-599,-550
63705,-174,-652,-560
63726,-179,-697,-584
63746,-203,-755,-658
63767,-315,-911,-851
63788,-307,-980,-942
63808,-232,-957,-946
63829,-183,-958,-957
63850,-83,-904,-937
63871,11,-810,-896
63891,38,-779,-912
63912,69,-832,-926
63933,127,-893,-900
63953,143,-921,-861
63974,115,-921,-781
63995,81,-888,-763
64015,27,-816,-753
64036,31,-727,-727
64057,62,-642,-688
64078,73,-577,-675
64098,47,-563,-677
64119,26,-593,-684
64140,37,-632,-696
64160,91,-645,-706
64181,85,-719,-746
64202,182,-696,-657
64223,221,-696,-624
64244,243,-719,-619
64264,255,-746,-621
64285,235,-753,-642
64306,210,-769,-659
64327,180,-793,-685
64348,161,-840,-703
64369,74,-1025,-815
64389,-12,-1145,-910
64410,26,-1078,-915
64431,109,-1003,-878
64452,188,-933,-841
64473,202,-866,-838
64494,119,-875,-871
64514,-73,-1000,-848
64535,-133,-1023,-797
64556,-169,-1024,-752
64577,-185,-985,-719
64598,-181,-896,-698
64619,-144,-801,-683
64640,-90,-732,-674
64660,-72,-695,-666
64681,-85,-673,-641
64702,-96,-659,-612
64723,-105,-646,-594
64743,-110,-637,-573
64764,-100,-626,-552
64785,-86,-612,-541
64805,-80,-585,-555
64826,-74,-560,-571
64847,-68,-543,-568
64868,-76,-554,-574
64888,-96,-579,-594
64909,-109,-603,-620
64930,-116,-616,-642
64951,-88,-615,-653
64972,-105,-709,-732
64993,-150,-862,-794
65013,-80,-909,-793
65034,132,-796,-719
65055,194,-732,-656
65076,217,-715,-621
65097,167,-732,-619
65117,58,-805,-635
65138,-70,-916,-673
65159,-52,-1028,-691
65180,99,-1063,-692
65200,125,-1051,-677
65221,141,-1001,-626
65242,138,-931,-573
65262,101,-902,-502
65283,81,-890,-466
65304,102,-865,-452
65324,107,-865,-432
65345,115,-874,-400
65366,139,-900,-406
65386,96,-941,-441
65407,75,-929,-467
65428,144,-881,-504
65449,222,-869,-489
65470,218,-874,-445
65490,155,-881,-432
65511,106,-914,-438
65532,91,-963,-456
65553,105,-996,-489
65574,46,-1166,-651
65595,16,-1246,-733
65615,93,-1167,-723
65636,188,-1079,-682
65657,249,-1026,-657
65678,223,-997,-639
65699,115,-1048,-676
65720,0,-1138,-753
65740,-115,-1178,-807
65761,-224,-1188,-804
65782,-275,-1143,-788
65803,-214,-1051,-826
65824,-204,-944,-842
65845,-123,-852,-816
65865,-97,-784,-763
65886,-87,-724,-742
65907,-88,-685,-710
65927,-102,-661,-686
65948,-133,-642,-652
65969,-147,-624,-617
65990,-129,-589,-598
66010,-123,-543,-578
66031,-123,-515,-564
66052,-117,-495,-558
66072,-111,-478,-573
66093,-119,-472,-607
66114,-142,-465,-644
66135,-113,-462,-641
66156,-110,-518,-682
66177,-207,-674,-759
66198,-233,-752,-726
66219,-183,-770,-696
66239,-163,-793,-735
66260,-79,-776,-767
66281,8,-774,-775
66302,7,-864,-813
66323,0,-992,-870
66344,43,-1109,-923
66365,99,-1173,-927
66385,175,-1168,-890
66406,268,-1096,-826
66427,329,-985,-765
66448,315,-854,-739
66469,278,-733,-727
66490,242,-667,-742
66510,182,-620,-764
66531,130,-614,-775
66552,98,-627,-768
66573,106,-646,-734
66593,96,-781,-742
66614,247,-736,-387
66635,175,-828,-525
66655,253,-912,-508
66676,265,-919,-434
66697,270,-964,-458
66718,250,-1008,-457
66739,267,-998,-415
66760,288,-977,-396
66781,230,-1053,-470
66801,118,-1186,-586
66822,100,-1167,-613
66843,169,-1093,-615
66864,252,-1041,-603
66885,281,-980,-613
66906,234,-938,-652
66926,129,-977,-721
66947,56,-1031,-732
66968,2,-1046,-709
66988,-35,-1065,-684
67009,-41,-1053,-659
67030,-17,-998,-626
67050,26,-916,-593
67071,66,-870,-590
67092,60,-815,-581
67113,51,-771,-573
67133,57,-732,-591
67154,-5,-706,-574
67175,-8,-701,-557
67195,-14,-666,-560
67216,-37,-626,-569
67237,-29,-588,-561
67258,-16,-575,-542
67278,-38,-594,-566
67299,-75,-636,-609
67320,-96,-665,-635
67341,-81,-651,-642
67362,-45,-663,-676
67383,-93,-799,-771
67404,-128,-854,-758
67424,-96,-864,-718
67445,-58,-852,-697
67466,49,-749,-632
67487,145,-664,-596
67508,148,-703,-638
67528,110,-820,-706
67549,80,-932,-763
67570,113,-992,-789
67590,177,-1015,-770
67611,261,-975,-707
67632,310,-895,-645
67653,290,-802,-641
67673,228,-738,-645
67694,188,-672,-591
67715,140,-690,-593
67736,112,-711,-598
67757,105,-723,-612
67778,89,-733,-619
67798,78,-750,-597
67819,121,-740,-567
67840,179,-731,-554
67861,217,-732,-553
67882,232,-760,-570
67903,228,-820,-613
67924,248,-872,-645
67944,255,-971,-708
67965,304,-1154,-729
67986,300,-1194,-791
68007,336,-1097,-801
68028,434,-1000,-726
68049,504,-920,-678
68069,486,-812,-613
68090,295,-856,-698
68111,92,-1001,-809
68132,-22,-1036,-794
68153,-31,-1012,-739
68173,-54,-1008,-710
68194,0,-895,-711
68215,41,-827,-728
68235,56,-769,-751
68256,51,-732,-743
68277,38,-702,-709
68298,18,-691,-671
68318,-5,-703,-636
68339,-38,-705,-625
68360,-65,-684,-617
68380,-85,-663,-609
68401,-96,-635,-628
68422,-98,-593,-634
68442,-107,-580,-649
68463,-130,-603,-676
68484,-159,-627,-708
68505,-156,-608,-729
68526,-141,-606,-774
68547,-182,-697,-837
68568,-163,-732,-775
68588,-101,-705,-691
68609,-83,-657,-656
68630,-50,-597,-646
68651,-4,-534,-645
68672,31,-514,-680
68692,36,-580,-758
68713,24,-703,-850
68734,1,-895,-900
68755,27,-897,-875
68775,78,-861,-835
68796,130,-823,-792
68817,163,-782,-764
68837,179,-740,-742
68858,185,-710,-726
68879,191,-707,-717
68899,183,-720,-714
68920,167,-735,-702
68941,154,-749,-678
68961,148,-763,-655
68982,140,-778,-645
69003,131,-784,-638
69024,139,-788,-627
69044,94,-860,-675
69065,165,-878,-646
69086,338,-757,-565
69107,404,-724,-591
69128,415,-744,-640
69149,357,-921,-810
69170,274,-1071,-900
69190,313,-1062,-867
69211,417,-956,-777
69232,455,-869,-708
69253,399,-819,-719
69274,206,-797,-916
69295,101,-815,-933
69316,31,-846,-918
69336,23,-881,-891
69357,18,-891,-862
69378,19,-852,-841
69399,34,-788,-827
69420,34,-749,-839
69441,9,-680,-832
69461,-17,-625,-835
69482,-41,-596,-824
69503,-26,-573,-755
69523,-18,-569,-687
69544,-25,-547,-654
69565,-29,-503,-649
69585,-28,-466,-649
69606,-39,-469,-658
69627,-70,-506,-666
69648,-96,-548,-677
69668,-117,-578,-687
69689,-111,-589,-680
69710,-60,-583,-648
69730,-47,-638,-693
69751,-152,-806,-805
69772,-188,-928,-819
69792,-127,-917,-741
69813,-12,-831,-648
69834,172,-798,-697
69855,151,-851,-794
69876,127,-871,-862
69897,165,-891,-883
69918,199,-923,-862
69938,243,-940,-794
69959,239,-896,-733
69980,239,-813,-689
70001,258,-733,-669
70022,265,-682,-636
70043,257,-658,-615
70063,199,-704,-631
70084,170,-737,-637
70105,192,-728,-646
70126,222,-711,-634
70146,258,-703,-631
70167,303,-688,-646
70188,320,-680,-653
70209,326,-706,-616
70230,340,-743,-590
70251,346,-761,-612
70271,377,-761,-636
70292,421,-779,-702
70313,402,-929,-870
70334,401,-922,-905
70355,465,-860,-805
70376,465,-839,-751
70397,429,-795,-739
70417,312,-794,-821
70438,196,-861,-903
70459,115,-914,-922
70480,68,-958,-928
70501,63,-959,-916
70522,78,-912,-875
70543,96,-839,-847
70563,107,-766,-828
70584,107,-707,-807
70605,96,-680,-789
70626,66,-671,-770
70647,35,-679,-754
70667,13,-680,-739
70688,0,-681,-717
70709,3,-669,-694
70729,1,-640,-680
70750,-1,-593,-665
70771,2,-547,-646
70791,2,-520,-629
70812,-3,-513,-628
70833,-22,-519,-646
70854,-14,-507,-657
70875,-12,-563,-722
70895,-79,-701,-806
70916,-80,-730,-763
70937,-42,-711,-726
70958,-6,-671,-714
70979,87,-590,-696
71000,143,-565,-724
71021,144,-631,-794
71041,154,-725,-868
71062,164,-828,-921
71083,177,-891,-932
71104,206,-875,-897
71125,249,-816,-842
71146,285,-761,-800
71167,286,-735,-783
71187,266,-720,-777
71208,247,-713,-776
71229,241,-703,-765
71249,244,-697,-755
71270,238,-697,-745
71291,232,-705,-722
71311,243,-711,-691
71332,273,-693,-668
71353,296,-675,-662
71373,304,-669,-658
71394,332,-719,-676
71415,283,-804,-755
71436,385,-781,-713
71457,505,-692,-565
71478,531,-727,-605
71499,569,-835,-710
71520,504,-996,-943
71540,460,-938,-963
71561,523,-840,-857
71582,622,-719,-684
71603,559,-679,-627
71624,404,-711,-705
71645,291,-749,-835
71666,216,-826,-940
71686,176,-886,-974
71707,173,-896,-969
71728,168,-869,-954
71749,181,-814,-927
71770,225,-738,-923
71790,233,-664,-922
71811,221,-628,-911
71832,173,-628,-900
71853,116,-671,-882
71873,66,-694,-852
71894,1,-586,-763
71915,7,-511,-722
71935,4,-460,-678
71956,5,-428,-645
71977,0,-406,-637
71998,-1,-396,-653
72019,1,-413,-685
72040,-5,-451,-709
72060,10,-485,-708
72081,45,-491,-718
72102,14,-595,-838
72123,-41,-739,-896
72144,23,-753,-821
72165,90,-763,-780
72185,144,-727,-743
72206,233,-632,-685
72227,277,-595,-674
72248,250,-635,-734
72268,188,-718,-825
72289,145,-807,-900
72310,159,-870,-928
72330,206,-875,-911
72351,239,-867,-868
72372,277,-845,-816
72392,312,-815,-784
72413,328,-797,-756
72434,356,-817,-739
72455,369,-822,-734
72475,386,-810,-715
72496,405,-801,-694
72517,420,-789,-684
72537,427,-742,-681
72558,410,-678,-672
72579,396,-653,-661
72600,416,-634,-678
72621,437,-606,-705
72642,430,-585,-720
72663,430,-586,-715
72683,423,-591,-704
72704,396,-629,-710
72725,403,-626,-703
72746,390,-630,-729
72767,340,-753,-827
72788,276,-976,-993
72809,322,-947,-1020
72830,450,-788,-1004
72851,576,-662,-940
72871,620,-655,-800
72892,480,-689,-778
72913,358,-691,-764
72934,235,-789,-833
72955,130,-843,-803
72976,51,-892,-814
72997,121,-885,-781
73018,167,-834,-684
73038,150,-813,-649
73059,127,-860,-690
73080,89,-876,-680
73101,52,-837,-656
73122,16,-814,-648
73143,-10,-770,-612
73163,-18,-750,-613
73184,6,-740,-596
73205,59,-726,-577
73226,101,-711,-572
73247,131,-697,-577
73268,153,-687,-588
73289,169,-677,-606
73309,187,-691,-629
73330,204,-730,-658
73351,217,-772,-680
73372,228,-795,-689
73392,244,-801,-694
73413,246,-820,-742
73434,190,-963,-843
73454,217,-854,-720
73475,224,-701,-635
73496,172,-575,-646
73517,152,-516,-672
73537,194,-464,-717
73558,210,-455,-840
73579,245,-516,-985
73599,275,-594,-1080
73620,285,-637,-1063
73641,280,-667,-967
73661,292,-647,-878
73682,291,-607,-812
73703,252,-622,-777
73724,228,-650,-763
73744,204,-680,-753
73765,169,-701,-738
73786,144,-697,-728
73806,154,-674,-739
73827,166,-660,-735
73848,162,-666,-715
73869,160,-678,-684
73890,162,-686,-658
73910,144,-692,-665
73931,114,-691,-676
73952,104,-678,-661
73973,110,-649,-637
73994,131,-579,-596
74015,143,-543,-596
74036,168,-502,-608
74057,163,-489,-608
74077,172,-481,-619
74098,166,-504,-622
74119,181,-532,-625
74140,184,-623,-686
74161,139,-786,-776
74182,126,-861,-846
74202,197,-833,-847
74223,294,-737,-750
74244,397,-651,-670
74265,407,-674,-708
74285,344,-780,-876
74306,281,-866,-1025
74327,316,-885,-1034
74347,406,-822,-918
74368,507,-737,-792
74389,544,-678,-707
74410,493,-674,-689
74430,384,-659,-706
74451,294,-644,-711
74472,216,-652,-697
74492,140,-674,-703
74513,109,-675,-705
74534,189,-692,-714
74555,239,-683,-729
74576,244,-675,-745
74597,238,-687,-755
74618,231,-725,-735
74638,232,-754,-693
74659,214,-767,-633
74680,257,-781,-578
74701,301,-796,-557
74722,258,-830,-579
74743,191,-833,-600
74763,143,-811,-612
74784,111,-813,-626
74805,120,-819,-673
74826,144,-805,-740
74846,155,-776,-811
74867,79,-879,-967
74888,4,-905,-988
74909,0,-880,-860
74929,-18,-823,-714
74950,20,-721,-671
74971,114,-547,-713
74991,164,-393,-719
75012,192,-337,-760
75033,219,-329,-791
75054,152,-475,-798
75074,51,-510,-817
75095,18,-534,-798
75116,22,-539,-771
75136,33,-531,-756
75157,40,-501,-747
75178,17,-473,-738
75198,4,-466,-722
75219,-13,-481,-715
75240,-11,-492,-729
75261,11,-488,-749
75282,30,-502,-742
75303,51,-542,-735
75323,63,-587,-739
75344,57,-625,-740
75365,52,-664,-745
75386,55,-702,-752
75407,61,-743,-762
75428,53,-762,-765
75449,49,-768,-764
75470,104,-731,-761
75490,156,-694,-732
75511,192,-686,-711
75532,213,-710,-719
75553,233,-746,-745
75574,262,-872,-853
75595,230,-1099,-992
75616,284,-1165,-1014
75636,439,-1045,-963
75657,620,-889,-859
75678,756,-784,-732
75699,697,-737,-678
75720,503,-755,-694
75740,306,-836,-738
75761,152,-986,-785
75782,13,-1083,-761
75802,0,-1061,-678
75823,-24,-1053,-758
75844,-39,-1012,-693
75865,-17,-972,-729
75885,-12,-965,-778
75906,11,-885,-769
75927,28,-839,-788
75948,25,-814,-787
75968,15,-800,-760
75989,-19,-828,-769
76010,-42,-808,-713
76031,-59,-805,-704
76052,-52,-754,-634
76073,-58,-741,-634
76094,-72,-629,-621
76114,-72,-580,-616
76135,-81,-560,-602
76156,-78,-557,-634
76177,-72,-534,-657
76198,-78,-502,-710
76219,-95,-551,-866
76240,-193,-542,-941
76261,-244,-448,-760
76281,-202,-567,-687
76302,-164,-675,-657
76323,-228,-571,-663
76344,-224,-426,-820
76365,-180,-389,-830
76386,-211,-377,-864
76406,-389,-503,-911
76427,-493,-698,-840
76448,-466,-791,-860
76468,-360,-790,-860
76489,-279,-689,-837
76510,-231,-617,-819
76531,-220,-567,-820
76551,-234,-602,-803
76572,-282,-658,-905
76593,-301,-706,-861
76613,-201,-555,-651
76634,-317,-556,-749
76655,-212,-618,-683
76676,-173,-607,-737
76697,-211,-657,-656
76718,-163,-728,-645
76738,-137,-689,-742
76759,-140,-821,-807
76780,-119,-866,-743
76801,-117,-939,-808
76822,-193,-1116,-891
76843,-250,-1233,-901
76864,-213,-1202,-851
76885,-140,-1145,-814
76905,-94,-1100,-794
76926,-107,-1013,-726
76947,-106,-890,-587
76968,-137,-853,-427
76989,-261,-910,-356
77010,-384,-968,-330
77031,-479,-851,-265
77052,-581,-878,-458
77072,-540,-922,-563
77093,-481,-893,-612
77114,-285,-751,-578
77135,-287,-770,-509
77155,-223,-878,-721
77176,-331,-779,-708
77197,-283,-815,-655
77218,-270,-793,-747
77238,-329,-756,-679
77259,-314,-739,-695
77280,-346,-699,-730
77300,-393,-651,-733
77321,-419,-593,-703
77342,-413,-608,-684
77363,-381,-598,-619
77384,-332,-560,-596
77405,-275,-505,-610
77426,-282,-500,-663
77447,-398,-610,-750
77468,-451,-669,-729
77488,-398,-659,-647
77509,-319,-628,-594
77530,-191,-521,-558
77551,-94,-448,-574
77572,-101,-450,-612
77593,-202,-530,-665
77614,-394,-816,-803
77635,-411,-926,-872
77655,-347,-952,-913
77676,-242,-923,-900
77697,-153,-885,-838
77718,-75,-858,-804
77739,-20,-833,-800
77760,-2,-801,-792
77781,3,-793,-775
77801,9,-809,-745
77822,1,-833,-707
77843,-4,-839,-660
77864,7,-815,-637
77885,-4,-793,-655
77906,-12,-810,-670
77927,116,-683,-676
77948,120,-676,-672
77968,42,-765,-734
77989,102,-790,-774
78010,127,-783,-790
78031,119,-818,-835
78052,63,-907,-895
78073,52,-913,-935
78094,127,-855,-968
78114,144,-821,-944
78135,94,-834,-893
78156,-3,-917,-836
78177,-73,-999,-765
78198,-117,-1075,-710
78219,-152,-1147,-679
78240,-171,-1172,-653
78260,-164,-1196,-600
78281,-234,-1118,-549
78302,-394,-1109,-524
78323,-385,-1122,-456
78344,-384,-1052,-392
78365,-431,-925,-366
78385,-428,-801,-460
78406,-381,-820,-526
78427,-288,-709,-518
78448,-278,-651,-616
78469,-257,-632,-647
78489,-204,-572,-680
78510,-239,-530,-682
78531,-249,-625,-636
78552,-254,-719,-610
78572,-288,-767,-595
78593,-257,-755,-575
78614,-248,-716,-651
78635,-343,-767,-702
78656,-327,-761,-624
78677,-296,-733,-568
78697,-250,-661,-556
78718,-179,-576,-561
78739,-158,-558,-600
78760,-177,-601,-654
78781,-205,-666,-701
78802,-233,-742,-770
78823,-238,-760,-771
78843,-232,-786,-744
78864,-205,-810,-736
78885,-177,-816,-735
78906,-158,-808,-775
78927,-116,-782,-794
78948,-76,-761,-769
78968,-48,-765,-751
78989,-32,-764,-709
79010,-37,-760,-692
79031,-48,-785,-729
79052,-30,-778,-770
79072,-7,-751,-802
79093,18,-723,-812
79114,53,-773,-784
79135,80,-848,-757
79156,99,-914,-744
79176,160,-864,-749
79197,177,-878,-762
79218,129,-945,-824
79239,30,-1002,-941
79260,19,-1050,-976
79280,114,-963,-883
79301,140,-921,-836
79322,132,-928,-774
79342,78,-912,-722
79363,-22,-937,-733
79384,-128,-979,-754
79404,-197,-996,-753
79425,-240,-1032,-731
79446,-208,-955,-786
79467,-266,-989,-762
79487,-230,-950,-791
79508,-198,-854,-796
79529,-241,-770,-745
79549,-208,-773,-697
79570,-192,-747,-621
79591,-219,-711,-613
79611,-215,-706,-599
79632,-231,-684,-601
79653,-240,-661,-600
79674,-258,-646,-578
79694,-266,-602,-601
79715,-282,-599,-616
79736,-298,-595,-621
79756,-296,-579,-599
79777,-275,-546,-564
79798,-236,-513,-551
79818,-280,-559,-622
79839,-373,-631,-666
79860,-373,-682,-660
79880,-342,-728,-666
79901,-240,-690,-677
79922,-105,-607,-711
79943,-97,-589,-721
79963,-151,-684,-718
79984,-177,-830,-745
80005,-198,-941,-788
80025,-169,-998,-831
80046,-105,-1002,-873
80067,-68,-938,-860
80087,-43,-858,-804
80108,-9,-804,-744
80129,21,-777,-703
80150,15,-761,-659
80170,-35,-773,-622
80191,-74,-791,-615
80212,-105,-814,-631
80232,-116,-865,-674
80253,-39,-860,-639
80274,-26,-859,-661
80294,8,-946,-679
80315,46,-929,-629
80336,81,-989,-652
80357,142,-986,-633
80378,158,-1046,-627
80399,104,-1173,-650
80420,62,-1255,-707
80440,130,-1180,-709
80461,206,-1109,-702
80482,191,-1018,-680
80503,82,-965,-670
80524,-65,-1075,-710
80544,-169,-1101,-706
80565,-241,-1136,-762
80586,-279,-1131,-764
80606,-322,-1115,-746
80627,-338,-1052,-765
80648,-326,-979,-769
80668,-295,-917,-743
80689,-302,-834,-714
80710,-310,-808,-662
80731,-307,-776,-604
80751,-302,-749,-562
80772,-301,-718,-525
80793,-294,-682,-509
80813,-290,-638,-503
80834,-293,-576,-516
80855,-293,-573,-534
80875,-304,-578,-547
80896,-319,-605,-565
80917,-303,-610,-555
80938,-251,-574,-546
80958,-294,-588,-589
80979,-445,-672,-598
81000,-458,-703,-566
81021,-365,-699,-526
81041,-268,-647,-514
81062,-194,-608,-548
81083,-215,-639,-579
81104,-271,-738,-607
81125,-300,-885,-655
81145,-275,-956,-752
81166,-251,-968,-826
81187,-234,-981,-831
81208,-208,-993,-805
81229,-164,-1012,-773
81250,-91,-1031,-751
81270,0,-1014,-722
81291,77,-1001,-692
81312,130,-991,-654
81332,158,-1001,-605
81353,173,-1024,-577
81374,123,-948,-554
81395,57,-948,-587
81415,30,-910,-593
81436,-8,-888,-586
81457,-22,-900,-589
81477,7,-917,-613
81498,31,-897,-631
81519,48,-875,-651
81539,-29,-983,-703
81560,-108,-1092,-760
81581,-79,-1077,-791
81601,-12,-1065,-785
81622,57,-1011,-751
81643,30,-984,-713
81664,-84,-1019,-692
81685,-188,-1080,-681
81705,-233,-1102,-677
81726,-291,-1124,-639
81747,-363,-1136,-665
81768,-303,-1056,-754
81789,-278,-996,-720
81810,-294,-930,-663
81831,-289,-876,-627
81851,-274,-850,-635
81872,-263,-824,-653
81893,-265,-776,-662
81913,-289,-734,-679
81934,-330,-698,-557
81955,-321,-652,-530
81976,-307,-614,-517
81996,-295,-564,-526
82017,-317,-532,-527
82038,-345,-524,-518
82058,-345,-522,-514
82079,-299,-513,-512
82100,-245,-511,-535
82121,-324,-596,-592
82142,-399,-697,-602
82163,-351,-730,-549
82183,-270,-708,-539
82204,-188,-649,-551
82225,-138,-645,-555
82246,-182,-744,-562
82266,-257,-893,-593
82287,-289,-1036,-671
82308,-250,-1120,-755
82329,-153,-1109,-812
82350,-103,-1052,-790
82371,-98,-991,-742
82392,-81,-949,-720
82413,-46,-923,-717
82433,-21,-899,-713
82454,-14,-894,-691
82475,0,-916,-672
82496,24,-929,-669
82516,43,-916,-716
82537,99,-926,-662
82558,116,-918,-646
82578,104,-890,-647
82599,100,-907,-654
82620,135,-916,-620
82640,153,-932,-607
82661,178,-943,-598
82682,168,-978,-611
82703,81,-1117,-659
82723,46,-1170,-692
82744,121,-1102,-680
82765,213,-1031,-695
82785,199,-983,-697
82806,124,-935,-685
82827,18,-927,-675
82847,-114,-979,-696
82868,-244,-1105,-685
82889,-304,-1180,-649
82910,-322,-1151,-645
82930,-312,-1113,-687
82951,-279,-1057,-714
82972,-244,-986,-751
82992,-243,-953,-720
83013,-237,-926,-690
83034,-233,-827,-614
83054,-252,-799,-569
83075,-278,-773,-546
83096,-287,-744,-524
83116,-283,-718,-513
83137,-287,-686,-516
83158,-284,-634,-533
83179,-268,-587,-554
83199,-267,-555,-547
83220,-275,-538,-524
83241,-268,-533,-514
83261,-236,-528,-510
83282,-197,-505,-517
83303,-242,-544,-572
83323,-383,-676,-637
83344,-384,-720,-616
83365,-301,-734,-599
83386,-254,-714,-640
83407,-174,-654,-672
83427,-122,-641,-682
83448,-135,-722,-708
83469,-167,-850,-734
83489,-180,-968,-758
83510,-156,-1015,-770
83531,-118,-1006,-772
83552,-108,-991,-762
83573,-108,-954,-741
83594,-59,-873,-733
83614,-8,-847,-711
83635,15,-843,-699
83656,30,-864,-686
83676,36,-902,-669
83697,48,-933,-647
83718,71,-974,-616
83738,117,-971,-568
83759,114,-960,-583
83780,96,-931,-582
83801,54,-927,-574
83822,29,-944,-557
83842,26,-955,-532
83863,17,-961,-500
83884,11,-954,-475
83905,-9,-977,-481
83926,-81,-1055,-521
83947,-110,-1064,-534
83968,-91,-996,-526
83988,-98,-1001,-587
84009,-101,-1067,-617
84030,-96,-1046,-607
84051,-85,-989,-571
84072,-135,-1010,-532
84093,-222,-1064,-524
84113,-303,-1085,-508
84134,-333,-1085,-588
84155,-289,-1098,-648
84176,-251,-1083,-605
84197,-258,-1051,-554
84218,-308,-1011,-526
84238,-285,-955,-599
84259,-280,-925,-585
84280,-301,-844,-652
84300,-317,-807,-556
84321,-360,-801,-525
84342,-298,-703,-547
84362,-305,-706,-484
84383,-300,-682,-439
84404,-265,-643,-409
84425,-275,-619,-390
84446,-271,-601,-407
84466,-258,-583,-423
84487,-270,-582,-434
84508,-265,-573,-437
84529,-257,-544,-442
84550,-244,-548,-466
84570,-304,-637,-535
84591,-371,-730,-576
84612,-375,-801,-580
84633,-347,-859,-580
84654,-190,-816,-594
84674,-122,-789,-620
84695,-124,-817,-663
84716,-165,-922,-736
84737,-228,-1100,-776
84757,-190,-1212,-824
84778,-34,-1260,-867
84799,79,-1232,-869
84819,57,-1126,-811
84840,34,-984,-729
84861,80,-843,-708
84881,41,-809,-690
84902,27,-775,-657
84923,-46,-755,-625
84944,-98,-828,-585
84964,-35,-823,-580
84985,-4,-854,-644
85006,6,-842,-643
85026,44,-775,-648
85047,141,-794,-617
85068,205,-865,-557
85088,184,-903,-557
85109,148,-883,-622
85130,94,-910,-720
85150,32,-1032,-788
85171,42,-1079,-768
85192,34,-1046,-727
85213,9,-1033,-698
85233,-48,-1068,-692
85254,-146,-1076,-691
85275,-127,-1015,-650
85295,-113,-987,-606
85316,-130,-977,-588
85337,-179,-1028,-541
85358,-258,-1033,-540
85378,-258,-1047,-534
85399,-281,-1051,-515
85420,-292,-1054,-503
85440,-282,-1054,-490
85461,-231,-1043,-469
85482,-177,-1036,-454
85502,-130,-1041,-451
85523,-103,-1042,-440
85544,-97,-1046,-415
85565,-109,-1063,-392
85585,-154,-1094,-390
85606,-210,-1103,-395
85627,-254,-1098,-407
85647,-275,-1090,-411
85668,-284,-1086,-407
85689,-284,-1065,-397
85709,-279,-1031,-391
85730,-262,-1012,-414
85751,-244,-1006,-472
85772,-271,-975,-473
85793,-294,-960,-477
85814,-309,-968,-568
85835,-321,-939,-613
85855,-327,-895,-647
85876,-309,-848,-673
85897,-276,-800,-697
85918,-280,-803,-733
85939,-313,-847,-801
85960,-331,-859,-806
85980,-319,-838,-743
86001,-292,-811,-671
86022,-276,-783,-672
86043,-261,-745,-744
86064,-230,-681,-834
86084,-197,-576,-909
86105,-196,-501,-1005
86126,-217,-508,-1064
86147,-252,-585,-1016
86168,-255,-688,-934
86189,-253,-699,-869
86209,-243,-655,-804
86230,-229,-615,-755
86251,-217,-564,-741
86272,-195,-516,-754
86293,-162,-471,-779
86313,-152,-455,-794
86334,-190,-520,-748
86355,-176,-561,-704
86375,-156,-609,-678
86396,-154,-615,-668
86417,-132,-617,-674
86438,-135,-637,-678
86458,-155,-656,-676
86479,-151,-685,-686
86500,-122,-716,-703
86521,-118,-753,-703
86541,-143,-809,-722
86562,-155,-864,-754
86583,-114,-884,-762
86603,-47,-886,-763
86624,-2,-919,-786
86645,-21,-1021,-819
86665,-27,-1090,-825
86686,35,-1061,-792
86707,125,-985,-734
86728,181,-933,-671
86748,182,-898,-619
86769,144,-846,-577
86790,77,-809,-550
86810,-10,-829,-539
86831,-91,-887,-532
86852,-116,-935,-536
86872,-86,-976,-506
86893,-95,-1018,-521
86914,-69,-1047,-495
86935,-89,-1047,-496
86955,-116,-1019,-516
86976,-192,-938,-517
86997,-287,-951,-593
87017,-274,-905,-617
87038,-279,-896,-609
87059,-300,-857,-565
87079,-279,-785,-583
87100,-235,-758,-620
87121,-200,-762,-616
87142,-191,-720,-649
87162,-297,-710,-576
87183,-289,-720,-524
87204,-281,-698,-555
87224,-332,-699,-557
87245,-324,-701,-563
87266,-283,-692,-541
87286,-266,-684,-524
87307,-236,-680,-513
87328,-256,-707,-576
87349,-345,-801,-683
87369,-338,-838,-686
87390,-244,-841,-651
87411,-150,-802,-606
87431,-72,-733,-582
87452,-55,-689,-575
87473,-105,-709,-590
87493,-152,-761,-619
87514,-146,-832,-638
87535,-124,-822,-640
87556,-157,-802,-635
87576,-131,-763,-637
87597,-119,-741,-631
87618,-115,-729,-620
87638,-67,-714,-598
87659,-38,-699,-602
87680,-43,-712,-608
87700,-75,-730,-614
87721,-90,-759,-628
87742,-74,-803,-636
87763,-43,-824,-652
87783,-8,-810,-666
87804,19,-799,-670
87825,32,-804,-664
87845,29,-824,-657
87866,23,-851,-648
87887,20,-879,-653
87907,49,-879,-638
87928,8,-926,-735
87949,-55,-1065,-828
87970,-19,-1053,-878
87990,115,-993,-889
88011,237,-915,-813
88032,263,-862,-761
88052,153,-878,-727
88073,0,-923,-709
88094,-143,-975,-652
88114,-182,-980,-655
88135,-184,-959,-701
88156,-168,-927,-752
88177,-163,-896,-766
88197,-158,-882,-740
88218,-160,-867,-687
88239,-162,-851,-650
88259,-217,-829,-617
88280,-236,-798,-600
88301,-239,-779,-590
88321,-242,-742,-596
88342,-241,-703,-587
88363,-232,-682,-573
88384,-231,-665,-561
88404,-232,-648,-553
88425,-243,-637,-574
88446,-253,-628,-605
88467,-254,-609,-609
88488,-229,-574,-577
88508,-197,-566,-568
88529,-275,-666,-661
88550,-345,-723,-688
88571,-248,-679,-647
88592,-131,-654,-657
88613,-38,-593,-677
88634,13,-522,-730
88655,-39,-605,-785
88675,-85,-709,-833
88696,-114,-784,-821
88717,-98,-821,-774
88737,-77,-809,-732
88758,-68,-780,-705
88779,-68,-757,-700
88800,-48,-728,-708
88820,-18,-703,-708
88841,8,-672,-710
88862,16,-656,-693
88882,20,-674,-662
88903,22,-701,-638
88924,31,-717,-634
88944,47,-714,-649
88965,44,-706,-662
88986,42,-728,-672
89006,41,-760,-677
89027,24,-814,-691
89048,24,-864,-712
89069,40,-870,-704
89090,70,-875,-723
89111,88,-889,-759
89131,20,-1012,-855
89152,10,-1076,-899
89173,109,-991,-864
89194,245,-890,-779
89215,219,-826,-728
89235,149,-787,-707
89256,61,-810,-723
89277,-43,-851,-713
89298,-88,-867,-673
89319,-114,-889,-673
89340,-145,-879,-679
89360,-153,-872,-731
89381,-138,-845,-758
89402,-126,-808,-765
89423,-89,-780,-729
89444,-103,-757,-659
89464,-111,-738,-614
89485,-119,-725,-599
89506,-156,-704,-601
89526,-185,-694,-595
89547,-186,-678,-596
89568,-200,-666,-597
89588,-203,-647,-596
89609,-185,-619,-608
89630,-182,-604,-633
89651,-213,-618,-653
89672,-239,-650,-655
89693,-226,-667,-638
89714,-187,-653,-617
89734,-332,-779,-729
89755,-328,-783,-702
89776,-243,-763,-659
89797,-156,-722,-636
89818,-52,-621,-624
89838,4,-546,-645
89859,-8,-570,-694
89880,-50,-663,-732
89900,-84,-746,-756
89921,-90,-786,-762
89942,-74,-796,-758
89962,-86,-776,-728
89983,-102,-751,-698
90004,-97,-728,-686
90025,-59,-701,-677
90045,-19,-668,-661
90066,12,-653,-656
90087,20,-664,-664
90107,5,-693,-682
90128,5,-720,-683
90149,12,-749,-677
90169,21,-764,-674
90190,30,-767,-670
90211,40,-781,-676
90232,63,-823,-679
90252,68,-812,-679
90273,70,-808,-697
90294,106,-853,-754
90315,119,-893,-731
90336,67,-978,-784
90357,-9,-1082,-858
90378,29,-1076,-885
90398,129,-1002,-859
90419,190,-946,-811
90440,186,-894,-760
90461,125,-849,-707
90482,15,-875,-703
90503,-76,-929,-703
90524,-149,-957,-693
90544,-196,-969,-702
90565,-200,-973,-730
90586,-172,-939,-760
90606,-125,-866,-778
90627,-108,-840,-761
90648,-137,-809,-723
90668,-121,-774,-691
90689,-159,-757,-664
90710,-198,-757,-628
90731,-218,-744,-593
90751,-233,-737,-589
90772,-258,-709,-582
90793,-256,-679,-561
90813,-231,-637,-563
90834,-206,-545,-579
90855,-210,-518,-606
90876,-210,-507,-624
90897,-193,-500,-620
90918,-191,-545,-644
90938,-307,-695,-720
90959,-361,-782,-701
90980,-304,-760,-627
91001,-243,-706,-602
91022,-155,-613,-599
91042,-81,-527,-609
91063,-77,-527,-645
91084,-124,-616,-705
91105,-180,-749,-768
91125,-229,-894,-811
91146,-205,-973,-843
91167,-146,-975,-863
91187,-80,-951,-868
91208,-32,-929,-848
91229,9,-914,-825
91249,66,-895,-799
91270,132,-864,-782
91291,144,-818,-756
91311,126,-803,-732
91332,116,-794,-716
91353,104,-775,-699
91374,116,-770,-640
91394,101,-730,-678
91415,113,-788,-701
91436,123,-772,-648
91457,137,-792,-641
91477,157,-819,-618
91498,184,-859,-618
91519,207,-878,-639
91540,144,-1003,-754
91561,75,-1107,-864
91582,129,-1051,-888
91602,211,-974,-858
91623,252,-953,-823
91644,216,-937,-760
91665,75,-969,-770
91685,-67,-1037,-812
91706,-159,-1081,-814
91727,-229,-1084,-805
91747,-266,-1059,-813
91768,-284,-1005,-818
91789,-300,-939,-801
91809,-296,-863,-786
91830,-269,-807,-769
91851,-223,-734,-732
91872,-202,-665,-683
91892,-197,-620,-634
91913,-204,-611,-609
91934,-196,-595,-597
91954,-189,-560,-571
91975,-185,-543,-549
91996,-204,-546,-557
92017,-210,-538,-572
92037,-207,-514,-575
92058,-213,-501,-583
92079,-211,-500,-595
92100,-194,-497,-599
92121,-231,-561,-650
92141,-322,-681,-739
92162,-341,-721,-735
92183,-288,-731,-676
92204,-228,-751,-671
92225,-159,-719,-687
92246,-86,-678,-711
92266,-47,-700,-787
92287,-57,-777,-866
92308,-83,-899,-925
92328,-79,-1005,-959
92349,-22,-1051,-965
92370,39,-1037,-921
92390,85,-1019,-873
92411,112,-968,-836
92432,127,-874,-796
92453,139,-784,-754
92474,84,-692,-703
92494,30,-679,-693
92515,-10,-715,-654
92536,-21,-720,-573
92556,-29,-703,-574
92577,-21,-715,-595
92598,11,-692,-597
92619,44,-685,-603
92639,74,-718,-598
92660,84,-771,-604
92681,130,-820,-617
92702,181,-869,-662
92723,241,-899,-709
92743,195,-1010,-784
92764,90,-1152,-899
92785,101,-1111,-940
92806,175,-986,-907
92827,218,-901,-851
92848,160,-843,-794
92868,42,-828,-795
92889,-74,-879,-850
92910,-168,-944,-880
92930,-231,-953,-885
92951,-254,-931,-881
92972,-264,-919,-895
92993,-255,-884,-919
93013,-223,-811,-948
93034,-180,-645,-886
93055,-186,-600,-813
93075,-208,-586,-731
93096,-231,-570,-654
93117,-253,-547,-603
93138,-252,-514,-563
93158,-228,-487,-532
93179,-197,-463,-522
93200,-169,-434,-537
93221,-137,-405,-572
93241,-117,-400,-601
93262,-129,-450,-601
93283,-164,-527,-593
93304,-192,-582,-598
93325,-188,-618,-608
93346,-147,-635,-624
93366,-207,-727,-722
93387,-332,-888,-827
93408,-292,-927,-820
93429,-145,-877,-792
93450,-67,-838,-790
93470,-44,-816,-796
93491,-45,-807,-801
93512,-36,-856,-831
93532,-13,-957,-872
93553,-15,-1044,-885
93574,48,-1012,-828
93594,75,-924,-794
93615,69,-832,-772
93636,49,-785,-763
93656,31,-764,-743
93677,28,-737,-703
93698,28,-690,-673
93719,17,-645,-659
93739,-10,-626,-646
93760,-50,-635,-624
93781,-71,-661,-605
93801,-50,-670,-602
93822,-23,-662,-595
93843,2,-658,-598
93864,26,-647,-610
93885,46,-651,-604
93905,70,-676,-610
93926,88,-716,-634
93947,111,-747,-675
93968,141,-757,-721
93989,172,-771,-717
94010,222,-770,-714
94030,226,-815,-697
94051,106,-968,-800
94072,61,-1029,-891
94093,136,-935,-895
94114,209,-854,-810
94134,110,-841,-786
94155,4,-846,-802
94176,-71,-871,-776
94197,-138,-892,-797
94218,-180,-899,-815
94238,-203,-874,-785
94259,-189,-828,-770
94280,-158,-801,-777
94301,-138,-798,-789
94322,-124,-782,-815
94343,-96,-773,-811
94363,-94,-756,-795
94384,-99,-747,-774
94405,-113,-737,-755
94425,-135,-728,-719
94446,-161,-722,-689
94467,-177,-703,-661
94488,-170,-668,-638
94508,-168,-626,-635
94529,-158,-583,-626
94550,-147,-546,-612
94571,-158,-527,-587
94592,-187,-521,-548
94613,-216,-512,-527
94634,-221,-470,-548
94654,-205,-452,-557
94675,-199,-479,-585
94696,-289,-620,-665
94717,-317,-719,-690
94738,-264,-780,-704
94759,-219,-797,-747
94779,-172,-791,-765
94800,-123,-778,-757
94821,-72,-775,-767
94841,-29,-800,-813
94862,0,-876,-880
94883,13,-980,-940
94903,21,-1041,-951
94924,58,-1033,-919
94945,98,-970,-872
94966,104,-882,-834
94986,73,-804,-802
95007,50,-760,-778
95028,42,-718,-762
95048,16,-682,-728
95069,-20,-669,-680
95090,-40,-675,-635
95110,-54,-679,-604
95131,-56,-678,-602
95152,-30,-676,-622
95173,3,-664,-637
95194,56,-691,-611
95214,67,-707,-600
95235,80,-732,-612
95256,84,-750,-627
95277,74,-799,-648
95298,67,-842,-683
95319,70,-867,-708
95339,42,-936,-766
95360,-11,-1035,-840
95381,22,-1002,-890
95402,88,-938,-866
95422,146,-902,-825
95443,134,-912,-798
95464,70,-901,-746
95485,-6,-863,-686
95505,-96,-870,-677
95526,-186,-920,-713
95547,-223,-907,-726
95567,-224,-880,-730
95588,-208,-863,-747
95609,-196,-836,-774
95629,-171,-803,-812
95650,-129,-735,-810
95671,-94,-674,-781
95691,-92,-651,-744
95712,-127,-664,-711
95733,-168,-684,-688
95754,-175,-658,-677
95774,-163,-623,-681
95795,-144,-573,-678
95816,-120,-533,-669
95837,-109,-516,-660
95858,-117,-520,-658
95879,-144,-537,-664
95899,-176,-556,-665
95920,-186,-557,-655
95941,-170,-544,-641
95962,-148,-525,-628
95983,-172,-544,-657
96004,-271,-678,-732
96024,-284,-748,-720
96045,-228,-739,-714
96066,-179,-687,-746
96086,-130,-648,-750
96107,-120,-656,-744
96128,-108,-682,-753
96149,-65,-693,-772
96169,-10,-690,-783
96190,15,-711,-798
96211,-3,-774,-814
96231,-36,-831,-821
96252,-43,-848,-837
96273,-20,-838,-845
96293,12,-798,-842
96314,22,-711,-812
96335,37,-687,-797
96355,34,-677,-769
96376,13,-674,-730
96397,-14,-683,-695
96418,-40,-696,-670
96438,-48,-717,-663
96459,-46,-731,-662
96480,-31,-734,-652
96500,-5,-723,-639
96521,20,-699,-635
96542,36,-686,-644
96563,43,-681,-665
96583,55,-693,-688
96604,75,-709,-717
96625,107,-726,-723
96645,174,-699,-728
96666,209,-691,-751
96687,214,-707,-750
96707,172,-744,-802
96728,29,-922,-906
96749,-9,-1000,-977
96770,2,-1015,-1059
96790,55,-953,-1003
96811,90,-835,-917
96832,77,-749,-843
96852,44,-672,-810
96873,6,-634,-828
96894,-120,-733,-846
96914,-172,-798,-860
96935,-192,-831,-879
96956,-173,-810,-889
96976,-130,-752,-913
96997,-89,-720,-939
97018,-71,-717,-932
97039,-77,-717,-900
97059,-97,-711,-866
97080,-110,-704,-852
97101,-122,-664,-847
97122,-132,-611,-826
97143,-147,-575,-787
97163,-155,-550,-738
97184,-149,-525,-690
97205,-121,-493,-680
97226,-82,-449,-698
97247,-54,-424,-692
97268,-23,-442,-668
97288,15,-448,-643
97309,46,-424,-607
97330,60,-412,-562
97351,87,-407,-540
97371,134,-404,-552
97392,154,-405,-583
97413,152,-430,-619
97433,145,-469,-646
97454,120,-547,-667
97475,101,-582,-690
97496,-40,-720,-781
97516,-179,-861,-836
97537,-143,-905,-837
97558,-109,-917,-831
97578,-29,-868,-793
97599,-18,-869,-764
97620,-55,-901,-755
97640,-59,-940,-777
97661,-26,-967,-811
97682,33,-989,-822
97702,73,-1017,-832
97723,113,-976,-819
97744,157,-910,-796
97765,175,-862,-766
97785,162,-843,-757
97806,159,-819,-767
97827,172,-795,-767
97848,243,-764,-763
97868,305,-771,-770
97889,457,-771,-876
97910,455,-756,-987
97931,220,-792,-912
97952,96,-765,-795
97973,72,-726,-692
97994,125,-665,-602
98014,320,-648,-601
98035,395,-657,-625
98056,306,-656,-641
98077,192,-674,-608
98098,173,-709,-599
98118,206,-758,-643
98139,303,-761,-674
98160,391,-728,-652
98181,401,-663,-597
98202,324,-568,-538
98223,236,-481,-532
98243,220,-447,-573
98264,240,-468,-639
98285,290,-486,-708
98305,322,-517,-749
98326,347,-541,-754
98347,353,-556,-729
98367,330,-553,-684
98388,310,-533,-656
98409,322,-519,-660
98429,345,-516,-673
98450,369,-512,-679
98471,374,-521,-676
98492,377,-548,-685
98512,410,-570,-704
98533,447,-604,-715
98554,444,-646,-679
98574,428,-648,-661
98595,419,-632,-647
98616,406,-611,-641
98637,392,-586,-646
98658,388,-595,-669
98679,391,-607,-694
98700,401,-614,-699
98720,401,-621,-692
98741,399,-623,-695
98762,403,-625,-681
98783,412,-627,-675
98804,395,-619,-669
98825,396,-629,-666
98845,408,-652,-670
98866,408,-693,-650
98887,437,-710,-638
98907,421,-710,-646
98928,416,-707,-677
98949,485,-725,-722
98970,540,-781,-694
98990,517,-856,-662
99011,444,-826,-696
99032,498,-751,-685
99053,526,-749,-668
99074,503,-705,-637
99095,498,-670,-614
99116,488,-642,-627
99136,506,-673,-634
99157,493,-726,-617
99178,472,-726,-567
99199,390,-714,-524
99220,577,-775,-662
99241,508,-839,-577
99261,357,-766,-517
99282,413,-735,-516
99303,511,-853,-397
99324,435,-1102,-263
99345,267,-1100,-217
99365,392,-835,-211
99386,399,-687,-262
99407,395,-694,-208
99427,359,-800,-49
99448,341,-758,33
99469,63,-457,-125
99489,34,-533,-249
99510,436,-936,-3
99531,831,-1254,311
99551,682,-1232,117
99572,264,-811,-16
99593,269,-554,179
99614,398,-715,210
99634,495,-873,186
99655,607,-931,97
99676,650,-1009,255
99696,634,-876,472
99717,536,-797,388
99738,427,-692,352
99758,299,-767,372
99779,376,-786,471
99800,379,-849,441
99821,481,-886,490
99841,477,-724,456
99862,400,-491,451
99883,369,-735,657
99903,214,-749,777
99924,269,-728,537
99945,399,-775,532
99965,575,-828,609
99986,488,-662,509
100007,414,-637,479
100028,198,-635,643
100048,221,-669,716
100069,208,-580,788
100090,151,-518,735
100110,186,-498,631
100131,214,-527,644
100152,197,-493,789
100172,194,-448,880
100193,177,-417,784
100214,37,-414,1084
100235,-25,-373,971
100255,38,-371,826
100276,72,-353,823
100297,56,-327,894
100318,87,-368,859
100339,137,-397,865
100359,129,-415,913
100380,110,-440,939
100401,77,-423,955
100422,65,-395,957
100443,47,-383,957
100463,42,-399,962
100484,38,-420,956
100505,61,-416,934
100526,61,-396,909
100547,61,-381,890
100568,45,-372,883
100588,31,-376,893
100609,43,-382,907
100630,41,-375,912
100651,49,-379,903
100672,42,-382,901
100693,27,-383,919
100714,47,-381,915
100735,45,-383,906
100755,45,-397,919
100776,60,-401,920
100797,71,-401,909
100818,63,-400,895
100838,36,-403,901
100859,17,-411,917
100880,3,-411,927
100901,1,-403,929
100922,7,-397,929
100943,10,-398,930
100963,12,-401,935
100984,14,-397,936
101005,16,-392,932
101026,6,-389,927
101047,1,-393,930
101068,-5,-398,934
101088,-1,-394,933
101109,2,-389,931
101130,7,-384,925
101151,8,-385,921
101172,5,-393,924
101193,4,-390,920
101213,4,-385,915
101234,-4,-385,928
101255,-1,-390,933
101276,3,-386,929
101297,10,-382,923
101318,10,-384,921
101339,1,-388,923
101359,6,-387,913
101380,6,-382,909
101401,8,-396,917
101422,7,-404,920
101443,9,-397,913
101463,10,-390,909
101484,7,-399,911
101505,13,-410,912
101526,11,-410,911
101547,10,-407,910
101567,13,-403,906
101588,12,-411,906
101609,13,-414,914
101630,14,-414,916
101650,9,-406,902
101671,11,-405,899
101692,14,-410,909
101712,20,-414,912
101733,21,-415,913
101754,14,-410,917
101774,17,-409,918
101795,23,-413,921
101816,23,-413,932
101836,17,-407,934
101857,11,-396,927
101878,12,-395,918
101899,13,-395,917
101919,14,-392,917
101940,9,-385,910
101961,5,-378,907
101981,8,-382,911
102002,19,-381,911
102023,33,-383,913
102043,43,-386,916
102064,45,-387,913
102085,45,-387,907
102106,35,-387,906
102126,25,-398,909
102147,26,-397,909
102168,23,-395,906
102188,23,-401,916
102209,25,-409,928
102230,24,-404,919
102250,28,-398,909
102271,33,-406,912
102292,34,-411,915
102312,33,-409,917
102333,25,-405,922
102354,39,-406,913
102375,41,-407,913
102395,34,-407,914
102416,28,-404,909
102437,27,-404,902
102457,21,-407,903
102478,24,-411,913
102499,31,-411,918
102519,34,-405,916
102540,36,-401,914
102561,35,-399,911
102581,42,-400,904
102602,33,-400,908
102623,29,-400,911
102643,27,-398,912
102664,29,-396,912
102685,29,-395,920
102705,28,-401,923
102726,30,-402,917
102747,29,-394,917
102768,32,-397,920
102788,34,-404,922
102809,33,-401,917
102830,38,-394,904
102850,39,-398,903
102871,26,-408,915
102892,13,-407,923
102912,13,-399,921
102933,28,-393,914
102954,47,-399,922
102975,43,-401,923
102995,32,-396,925
103016,38,-394,916
103037,53,-397,887
103057,47,-405,887
103078,24,-402,884
103099,2,-392,882
103119,-2,-390,896
103140,-2,-398,924
103161,18,-403,939
103181,46,-413,937
103202,60,-423,923
103223,48,-424,914
103243,40,-419,904
103264,35,-411,904
103285,25,-408,904
